official_row_index,sample_id,class_name,split,relative_path,sha256,official_relative_path,official_sha256,face_detected,exclusion_reason
2,train_angry_000003,angry,train,train/angry/Training_10161559.jpg,0b30756121a6bacf2fb78c58e210f8cea05d8a9c4754a93a885a4fc4934a6690,train/angry/Training_10131352.jpg,7d95ea9b5675227952eaca2898cd12019f224ca9af14d757258a7ba7e9919b2c,False,mediapipe_no_detection
11,train_angry_000012,angry,train,train/angry/Training_10334355.jpg,12d4436d827d07e5ab80dd8fe95d1f2ca9475c75c1b93eede5cdcff6d395df48,train/angry/Training_10333072.jpg,6c978f652ff2b85d614c467a6e727348e799b6749e62fc4b3a6d396c5fe62084,False,mediapipe_no_detection
13,train_angry_000014,angry,train,train/angry/Training_10485618.jpg,b47a23869d76dfa2fa681339b6d78f227a66868d2da8335c073fbd0b47b02676,train/angry/Training_10422050.jpg,6d819711a6e99a01742eec3f8be8e8268a2a8ee763aa9479268e20739bf01eba,False,mediapipe_no_detection
24,train_angry_000025,angry,train,train/angry/Training_10967257.jpg,9f52e8dfe7453781a33340db4992b0fe8b6dc9dd4ef807150a25a41b17cdeb97,train/angry/Training_10882484.jpg,179f2bb7f2569aa2d8a16d6a008c84735fa96de170d1194c30c4d5f45d2b30ce,False,mediapipe_no_detection
25,train_angry_000026,angry,train,train/angry/Training_11102431.jpg,df59c3eac67a85832a027ad5b7550bb310f5b0e5699bc00cffb44658c294b248,train/angry/Training_10922970.jpg,f87907000c4427a66ac5e6154f0a089ef55c72ff538396ae6e68e14187c7633f,False,mediapipe_no_detection
49,train_angry_000050,angry,train,train/angry/Training_11713762.jpg,9b66e0532c9db4697ec31148d4fdf573dfaa4225eb4c125e5064a0fc3ea15b5e,train/angry/Training_11579481.jpg,d2ff761b7624d6bc971fff90caa9bd849c33847eb4cc97674392f0399396f73b,False,mediapipe_no_detection
63,train_angry_000064,angry,train,train/angry/Training_11983206.jpg,22925f19c6a56a81afba1275ebb1b9f697ffc7feb7cdd65735deb216f3f4a37e,train/angry/Training_11940623.jpg,f82e61e406ad032131c68254a50c5055959051eaf58afa20d9f6a16c7042516e,False,mediapipe_no_detection
70,train_angry_000071,angry,train,train/angry/Training_12091917.jpg,4620bdbd85d7728f99f39cd2677a5c8b9a40dde1b7ce378c9329397dbcfb08ef,train/angry/Training_12037449.jpg,0bd6c17259099aabe0afd1335fafa32a17dc68e5687fb87c571e2e3217c2fd1d,False,mediapipe_no_detection
75,train_angry_000076,angry,train,train/angry/Training_12172696.jpg,75c50bcb11af158200a6719880c6213207ef1bee5a16520b6f4c318faa2f8aa6,train/angry/Training_12148960.jpg,90531e68a8c7de1dff728b6457aa09dde2ce4af111914a212df6f77bd01d848a,False,mediapipe_no_detection
81,train_angry_000082,angry,train,train/angry/Training_12391352.jpg,e80659452d014254eef77c28674d9839efd5bf26911ca9a5a42335ce23e07dbb,train/angry/Training_12250673.jpg,2cb5dbc1ced9831e07c3856eed464a7a347ccd0d70e113308c939b720ba18d02,False,mediapipe_no_detection
108,train_angry_000109,angry,train,train/angry/Training_13282534.jpg,2fb75cf29e3aa0e0756830b530c03e90d3adfe113703f40db402f780f6488bf4,train/angry/Training_13145953.jpg,2723679e772b235a22b4fa77662a2a1719ee6a72bc0d19ae37eda5a3d1d14e13,False,mediapipe_no_detection
127,train_angry_000128,angry,train,train/angry/Training_13994952.jpg,b94b4b05e10820bed511e35aab886d72216699f62d46b3bdbbd9e11addee486c,train/angry/Training_13874420.jpg,b4754f019b71987f5f4d97603fd0d65d34669184c6790824430e9247d70e45d1,False,mediapipe_no_detection
135,train_angry_000136,angry,train,train/angry/Training_14151520.jpg,ef36828add9b37b2e2c35d1188f6da09b16bc75a8a8efdbd3934efe8a56e1b9e,train/angry/Training_14056996.jpg,7d29d85cf24a8a9df618f1e028fd4ae06c4ed756a3bc838733d7f95116745f88,False,mediapipe_no_detection
146,train_angry_000147,angry,train,train/angry/Training_14383356.jpg,b7da757d9d2d847ff80ea513b7ef0c18dfb5a8b9fe9a69fce681bdeba6264a58,train/angry/Training_14291798.jpg,be076f1dfbaec3b859c781580eb5939a087a3e1da7d5c8ae904ce3a1ecf61be2,False,mediapipe_no_detection
170,train_angry_000171,angry,train,train/angry/Training_14830141.jpg,66b9840ce7e1a337adf9d37881e52c230c9847d9be075183a8f438c124cdf3fb,train/angry/Training_14754797.jpg,3bee7b7516c5c2a2e8196aa487fc98d7dedcaafcb5060c8c5c737d2ff9b5b968,False,mediapipe_no_detection
175,train_angry_000176,angry,train,train/angry/Training_14918881.jpg,8bd6f4d7b6c6a884fef33b22128b682d8dc487f9f23451a6dec1768448bfc953,train/angry/Training_14830141.jpg,66b9840ce7e1a337adf9d37881e52c230c9847d9be075183a8f438c124cdf3fb,False,mediapipe_no_detection
179,train_angry_000180,angry,train,train/angry/Training_15058314.jpg,36eba47d34906d508ed0ac911f15fa5d043b8e6ff08a65def0bd33ad172e9a2b,train/angry/Training_14883276.jpg,69b3caffacd2fab941e7ea84fecb7dcf3db21244aae77c52c704dfd636132823,False,mediapipe_no_detection
196,train_angry_000197,angry,train,train/angry/Training_15483013.jpg,1c3f4d2dc992bf497074fdae686d484c90452da65d7c77d08909d61ff68de2c5,train/angry/Training_15361067.jpg,59afcf8d8f5cb95df40e768b24efc09d0f8905bd00a3b8d32fd31adea2cc9eca,False,mediapipe_no_detection
202,train_angry_000203,angry,train,train/angry/Training_15570158.jpg,ff350f07498f72d8777bf018e5417e983f9561f2f690076e71eccb02ee31dbe8,train/angry/Training_15483013.jpg,1c3f4d2dc992bf497074fdae686d484c90452da65d7c77d08909d61ff68de2c5,False,mediapipe_no_detection
204,train_angry_000205,angry,train,train/angry/Training_15651444.jpg,92dd2886ae295d35b1cb091af0a2760134372b2dba96059e84fb8809d8bf6974,train/angry/Training_15496677.jpg,ae3796e16dbfc90bf0aa0d4d67be1b4dd3fc74e198c1a7968853cf945759714a,False,mediapipe_no_detection
219,train_angry_000220,angry,train,train/angry/Training_16057513.jpg,93da165b42a9f3013e1650061bb4ec996e287d6646d8c2048db16281cb360310,train/angry/Training_15848209.jpg,d7bc714d3fb5f16ede2a5e8928544000c14b79f05135058bc0ba342aec30d228,False,mediapipe_no_detection
223,train_angry_000224,angry,train,train/angry/Training_16232328.jpg,80ff5d3c09fba7273ccc72b33265f363d150a65bb796c9846d164af76425cb7b,train/angry/Training_16024594.jpg,b84fb9d5ab8e97ca697c3564f1dd0e640bc8cbb64ec40a823671a1983120a33f,False,mediapipe_no_detection
241,train_angry_000242,angry,train,train/angry/Training_16765414.jpg,b38771154af438ab9ed2b68206fcc3750163458e5e8120eb12dfdcf8f12e7caa,train/angry/Training_16585392.jpg,da0d81f21f5b4666882ab974b0377000b00e1183fa7f53419271fb79b1313894,False,mediapipe_no_detection
252,train_angry_000253,angry,train,train/angry/Training_17067471.jpg,8ab22ff5db5ed1e0159e5a08b5080f26693ed2b7f70c17ede6dce8ee8dbf9bc9,train/angry/Training_16824041.jpg,0b95c53facc00c2d085ebfd1be4e03b7f026e5db5b0d6570528576f4d1fb75b4,False,mediapipe_no_detection
260,train_angry_000261,angry,train,train/angry/Training_17363681.jpg,e9b4c4bb90fcc94f26616f42953e96dd0793b062f8e4c1687c21869b6b5e4132,train/angry/Training_17067471.jpg,8ab22ff5db5ed1e0159e5a08b5080f26693ed2b7f70c17ede6dce8ee8dbf9bc9,False,mediapipe_no_detection
285,train_angry_000286,angry,train,train/angry/Training_17871246.jpg,a15df1d42d5a4657aa904a1357a393916b430a02514a3ebbb2cd6c6c5b4f176d,train/angry/Training_17690552.jpg,64a36b2e7ea886a96041fc49e16c0b3b67eaacde4ee49dccd482cae5703e8881,False,mediapipe_no_detection
293,train_angry_000294,angry,train,train/angry/Training_18096819.jpg,ded0752219c60f4b98d70be18936581826b1d6d985e490803794ae35127b3a7a,train/angry/Training_17871635.jpg,6f162b1e36acf6777d411dc3a2cf83e3e8d0459aaec9f0af5824e07e8418c499,False,mediapipe_no_detection
296,train_angry_000297,angry,train,train/angry/Training_18167782.jpg,c5ff98b273e4b07acae012802c05031dba1d4d49fbbc00d54b9ed5e50955bab7,train/angry/Training_1791860.jpg,8e1a00c5618d759216dca35934223840ab78e8c97faccc792a09933ad91805d6,False,mediapipe_no_detection
303,train_angry_000304,angry,train,train/angry/Training_18437561.jpg,79d213a8711382ac80860a79e2b2bb63c745d0c9771df5d84162d7ddfcaac8e1,train/angry/Training_18101749.jpg,6cf961f727f62fb7595fb3381b35140114d206e20d724937a44892540fb6b79c,False,mediapipe_no_detection
320,train_angry_000321,angry,train,train/angry/Training_18775545.jpg,3883aa0fcdb7bb7f13f479fb5773ac6ff8a43fc449b385653f96be4faf9fba8f,train/angry/Training_18615787.jpg,592178244cf92fcaef5754fdd817680144fec09ffa77f3e17ea78912de17f274,False,mediapipe_no_detection
347,train_angry_000348,angry,train,train/angry/Training_19370670.jpg,70ad997c13b55f52dc677a1ae2e31eae4eebf07c35706114ea9425d5f68a16da,train/angry/Training_19153111.jpg,fa035a78dee9b79dde66e037dd4da549fbd3e0e99bd6382cba70b6c66dac0d62,False,mediapipe_no_detection
360,train_angry_000361,angry,train,train/angry/Training_19605770.jpg,e02dd7c6ee0e26d313ebf5745802c5031de3c6c5decd05792437ebece774f9ee,train/angry/Training_1942570.jpg,c9d320570f0dc077a8d6d8541eecc5b0b6998ae29fe1024a71a46cbebd823211,False,mediapipe_no_detection
383,train_angry_000384,angry,train,train/angry/Training_20311288.jpg,07a6861008de576db2b8d51f0b7c0c1ba87f9ef0ff8b86993bf560b4263647d9,train/angry/Training_19879369.jpg,e5fe09c31acc7c4ca82dac2f935cfb3f4ea17bf70f88af5b378a28875eee868c,False,mediapipe_no_detection
386,train_angry_000387,angry,train,train/angry/Training_20343576.jpg,c161d1733a68db1f4298117478efb50b9de24fa49ff2eaf88221e652293ecac8,train/angry/Training_19970288.jpg,347fa69e1dc6399fb518e67988d92f5602cf839eafd5c351d0c992ae608d3065,False,mediapipe_no_detection
403,train_angry_000404,angry,train,train/angry/Training_20666200.jpg,aafceb78662b5767e02c5e99a1ec49bc24061e9a6542f3d4090b6d77037984ce,train/angry/Training_20398356.jpg,71f2793e82657e4c58a52ddede1f5af7e6ad32bf34523f03218cbf94691324cb,False,mediapipe_no_detection
407,train_angry_000408,angry,train,train/angry/Training_20748658.jpg,470d7a96759d6fb1a7ec434093db1c34f78a6965acb61372fe55796cb6f79018,train/angry/Training_20531010.jpg,b7ac8241ae8943636030c6453b879782f35c21aa34744f0f9f62eb422bd0d087,False,mediapipe_no_detection
408,train_angry_000409,angry,train,train/angry/Training_20807662.jpg,40501a51dbb89b3dd722979cb4a140492d6449d5beff4230410986ac1ad820ca,train/angry/Training_20556787.jpg,57c96081cfaca30885b11cf91e8e451ed96baefcd595d4778558d8b1b94cd487,False,mediapipe_no_detection
421,train_angry_000422,angry,train,train/angry/Training_21023543.jpg,58a81a7ed53189b848c1e76db69bec8e621fad18e37703cd581a15cead2e41d3,train/angry/Training_20815081.jpg,a2c9fd3721b2058804fa8598279513a78552e6b7998cfbc50ccc7e6374bc767b,False,mediapipe_no_detection
427,train_angry_000428,angry,train,train/angry/Training_2126195.jpg,e41ecbd989759eb180c5777c9e387a023a440c0370f5254daae3edfcbd9d9052,train/angry/Training_20916121.jpg,c52566ba01ac8428c83a7c1823ed84c23cd23ff396eccce9ddb159c58c6db844,False,mediapipe_no_detection
433,train_angry_000434,angry,train,train/angry/Training_21475578.jpg,1d2eb2f33d1e5244d4ccfca013a309b918a89800c6546ef9ee3bc8cf521870dc,train/angry/Training_21023543.jpg,58a81a7ed53189b848c1e76db69bec8e621fad18e37703cd581a15cead2e41d3,False,mediapipe_no_detection
436,train_angry_000437,angry,train,train/angry/Training_21562334.jpg,960391057b78205d724e1b4390ec38fe145c88ad7961e23bae100db99f19e079,train/angry/Training_21111744.jpg,04af774bc9212380db3ce571a190fdd58d7674a9688507bffcc4208f5c475d2b,False,mediapipe_no_detection
437,train_angry_000438,angry,train,train/angry/Training_21574245.jpg,c08e3e1dd75573d4f17db7cc4e264b79e99d927d7e77c32f5a09c2da90f05da6,train/angry/Training_21134448.jpg,cebdd7823bb5fbbb19d6b0d7350a026f5bd3d0162a342660d715bfebe63b966a,False,mediapipe_no_detection
439,train_angry_000440,angry,train,train/angry/Training_21576940.jpg,3816dd48e0deadb438fcb25fc42952fa8e800ce7a6b42f883eb07b59e42b9d1a,train/angry/Training_21220561.jpg,9105d9996c707f59decdd8a5760d9de418f8203f0212c693d913c03380b4dba6,False,mediapipe_no_detection
446,train_angry_000447,angry,train,train/angry/Training_21745537.jpg,deef27f24408dbb4d975c10821a42fc4a6c7f99be7727080fa5e28a1c5aad775,train/angry/Training_21450179.jpg,01c6da2481207b007a14417585367c268338cb9a6463f67dd530c488b16545a7,False,mediapipe_no_detection
461,train_angry_000462,angry,train,train/angry/Training_22225769.jpg,85a9d51e1308affbe20913370a79563da65c539dcb69be58093190f1354e66d7,train/angry/Training_2185049.jpg,f9f7b0ca9af27f7490da358b29d1e1f19d9e34fe3a90e12ef5aa2d3e7e12725c,False,mediapipe_no_detection
470,train_angry_000471,angry,train,train/angry/Training_2245342.jpg,54b5eb268cac26cc27641a4589bcf76afb9c4f2d20e036248fe66ca058a01669,train/angry/Training_22070624.jpg,95b2d184294d29e08635fc7ae54f04f4c8ef8766b5f6527be77da4c4bf82c8b7,False,mediapipe_no_detection
476,train_angry_000477,angry,train,train/angry/Training_22589544.jpg,81e783952dfea689a5f6b685e29771e1dc96ed74007cd5722088f8fcd3fc448a,train/angry/Training_22269387.jpg,e66acefbc4cd2127102a782e75f06a66a1d43b9d00da7ae4a0d624e34be67f95,False,mediapipe_no_detection
481,train_angry_000482,angry,train,train/angry/Training_2269690.jpg,93204c41d4c354cca49d771f5ae263a8f82496788593d988244ca91c554d2fc9,train/angry/Training_22407840.jpg,9c6edfa575560e17bc907ee058e4ec8f9f3c178ab43524079a1f6add61abf0d3,False,mediapipe_no_detection
513,train_angry_000514,angry,train,train/angry/Training_23519436.jpg,4d6bbb3a42f680744ce7181237d950beec465b7d74a4171369a4c8ef61d1e971,train/angry/Training_23240301.jpg,8150e037fc65005d5583f6d68a9d2b795082b46120da7a438eca695dce4dd15b,False,mediapipe_no_detection
514,train_angry_000515,angry,train,train/angry/Training_23539303.jpg,ff0e16907ad5d803938ec02b4c0c18646fa74c6bcc3b793b8f10fb40fa17bea3,train/angry/Training_23242376.jpg,ea42d6b32bf29fbc18855c997470ec793937e66b5549d06d6a41ad9bb5820ad1,False,mediapipe_no_detection
521,train_angry_000522,angry,train,train/angry/Training_23734703.jpg,47761beb8115298ae8494f4eb038e052618fee6d2c934925ea0f0adc3172fa87,train/angry/Training_233976.jpg,cbebad0fa57e968c213dace82751cfca2fa8bb067e53e62e8127c7fa1de872b3,False,mediapipe_no_detection
530,train_angry_000531,angry,train,train/angry/Training_2395249.jpg,a01dfbf8250d802e387dae788cf2a2e2e09bf52804a9165277628c8769ea358c,train/angry/Training_23567201.jpg,7d6a6ad4a59a6e1935d06475be8fcceccff00ab082adeee8df5e6b1714ab8d8a,False,mediapipe_no_detection
540,train_angry_000541,angry,train,train/angry/Training_24372639.jpg,4caa0d0f5e9ae8f2777310657fd6fe71f32ba60ebddcafbf2ffc7c6430489e14,train/angry/Training_23854394.jpg,7974177c568f35439bada922254a50604328e3a48f49702e3f4a66292056fdce,False,mediapipe_no_detection
544,train_angry_000545,angry,train,train/angry/Training_24522911.jpg,4d0f0de2230cc8bfb6165f2b8631f4de0625bc2db42b19428dd1ebcefbb9d36c,train/angry/Training_24044171.jpg,afa6e4a9aa824fa593e34274664fbd477a951a1b13cc70b87758911f742bc088,False,mediapipe_no_detection
550,train_angry_000551,angry,train,train/angry/Training_24637963.jpg,8d11218df32f7056f6542dbbdaf48c6982c9f7e927dd0ac63d5744bc38431377,train/angry/Training_24301976.jpg,4ca91aff92736a781f79a388fd0c3da7c4f59b29a7049ab07e52e46dfc1816c6,False,mediapipe_no_detection
574,train_angry_000575,angry,train,train/angry/Training_25440354.jpg,1070566c594c4f3a36ae57fa6d5adce4ea62e820668bd1b746f803dace173884,train/angry/Training_24917234.jpg,90706930d0cc41890936013ef9dc1a832debab7fd6044d413b4751a7643a2def,False,mediapipe_no_detection
581,train_angry_000582,angry,train,train/angry/Training_25655245.jpg,2d875448057d793fce30b8946ee96d37b79be8a1d7b8be96a58454fde1faa667,train/angry/Training_25127621.jpg,6af3dffac630530fedc31e0bd2427ada9bc1c4de99e5398b39d4983021d2f22f,False,mediapipe_no_detection
590,train_angry_000591,angry,train,train/angry/Training_25785881.jpg,6ca343159b7475341759dd1c531f4ec0ec3f26294858673d9f80e537acaaccec,train/angry/Training_25440354.jpg,1070566c594c4f3a36ae57fa6d5adce4ea62e820668bd1b746f803dace173884,False,mediapipe_no_detection
598,train_angry_000599,angry,train,train/angry/Training_25951310.jpg,01e806a06a5d56e6bab5e93f4f08950bac53f36c69cdae6388bb850db204ec80,train/angry/Training_25605469.jpg,2e8519ab686672e98ab5ef67a295da4daa392e418d1408d02658d64d21401fb6,False,mediapipe_no_detection
603,train_angry_000604,angry,train,train/angry/Training_25979060.jpg,4521bdbe95e10c120ec1c0193f7134baae37efa7c9fe344a4031b458275ebbf5,train/angry/Training_25739285.jpg,201793954c2fe8631dc96d162e2e83cadb5d3f9e0b52984e05b98aa74cb052f2,False,mediapipe_no_detection
606,train_angry_000607,angry,train,train/angry/Training_26018611.jpg,a370e4c0631dc29ed0a2799ecb3cc648d0b4cfe9d611640b8dd4c384ca573df8,train/angry/Training_25777079.jpg,c0592fc6fa188a951fdf5512f556864221360c9bd3eca691fb100517deb36e9c,False,mediapipe_no_detection
607,train_angry_000608,angry,train,train/angry/Training_26083913.jpg,95d9a8dc9916281c50c8edd0320e87bd935548aa4287968867406709b196a086,train/angry/Training_25785881.jpg,6ca343159b7475341759dd1c531f4ec0ec3f26294858673d9f80e537acaaccec,False,mediapipe_no_detection
611,train_angry_000612,angry,train,train/angry/Training_26149819.jpg,c36a7a54b20592462f5d9c3e8644790ce6bb018ffa6c0bd47c595a2143979bd7,train/angry/Training_25815231.jpg,eb7407ce6fc14385483b6f2a7df98e2f1008624a2a3bb3cf12e1ccbab9d3ce1c,False,mediapipe_no_detection
618,train_angry_000619,angry,train,train/angry/Training_26424238.jpg,784d2221ef8d2fb84a2e7cf07e4faf2fe9aa112820e30f6d86dca366afa07323,train/angry/Training_25951310.jpg,01e806a06a5d56e6bab5e93f4f08950bac53f36c69cdae6388bb850db204ec80,False,mediapipe_no_detection
638,train_angry_000639,angry,train,train/angry/Training_27068424.jpg,cd85a688f9680cb4426bdad9cd0567dd1f756bc9a37fd8c3c123b60e7e0dc2b7,train/angry/Training_26591418.jpg,b3f974c998dc5811040d9d4914543e4b0a3298dae0ec08342fe2ca2c538a0e9e,False,mediapipe_no_detection
650,train_angry_000651,angry,train,train/angry/Training_27436978.jpg,d839855d2125275089c9db7fcffcadf9d7ed55d70c1e2f200f2dabf9a03fda52,train/angry/Training_26849568.jpg,8b0cfd05d45add6286de21e612d7f284fd10bdb5883ab8e3f8d3df83672a331d,False,mediapipe_no_detection
653,train_angry_000654,angry,train,train/angry/Training_27546957.jpg,ad05f22a339fb647de1eb168e58e41c79bbab1f52de4a0e4aabb32682dbcc97d,train/angry/Training_26991794.jpg,c54aece5d2162a2e8e37ee98ee7d17750a91a85fdc12ab1446baefd5cc85a1fa,False,mediapipe_no_detection
657,train_angry_000658,angry,train,train/angry/Training_27679753.jpg,26cba68424329212f40fbf347210fa6e4bb068854fbab21dde76836f4c38d3c6,train/angry/Training_27120059.jpg,1c2fb66c636ae653e23d6953e30802ddd3e0fc0a72dbe804fc94564d6882e3c7,False,mediapipe_no_detection
667,train_angry_000668,angry,train,train/angry/Training_27860978.jpg,1961399ead8765eb65421fb7a7090a6f07523da85650d9c93f97a3b270dc0817,train/angry/Training_27300187.jpg,ca956158c406c6e9854c8cb5d78886a0ddb875d6d64de54823ad621e90066952,False,mediapipe_no_detection
677,train_angry_000678,angry,train,train/angry/Training_28078401.jpg,1b904f9b0ea8d35e2746b3dac1c13c50ccd38d55f35c5b39963fc265f5d32a1b,train/angry/Training_27576455.jpg,288e6bba33ac1194355d08217ec91b5a92ed28d68fc403f8d11799bc21ca8700,False,mediapipe_no_detection
701,train_angry_000702,angry,train,train/angry/Training_28667373.jpg,a5f7dfa1d169dcdcf3b7c945ff6131d51c0e489aa2eee3192bf38014397ef2d3,train/angry/Training_28095251.jpg,3e6b3343c2f842234b295a9f074036e59dac7a8013b9ad580132ee4b49bc765d,False,mediapipe_no_detection
725,train_angry_000726,angry,train,train/angry/Training_2941397.jpg,3dece48f63f986b5b96d29b56d9ae30a5148f3e1657c8edca4db878ed992c186,train/angry/Training_28667373.jpg,a5f7dfa1d169dcdcf3b7c945ff6131d51c0e489aa2eee3192bf38014397ef2d3,False,mediapipe_no_detection
730,train_angry_000731,angry,train,train/angry/Training_29500661.jpg,91b94d546fee9cda577157a243157a913d7ba1b6af1893b561728477f7c39f12,train/angry/Training_28736990.jpg,bcc8703e8e84580e97d75dfc82fa4e6e9c2284b2fca294a87c279ca2bbca6c9a,False,mediapipe_no_detection
731,train_angry_000732,angry,train,train/angry/Training_29502851.jpg,ddaa2191349e1b93238a5920ea35e95ed847624c64a7005e9667d90f65f7ff7a,train/angry/Training_28756096.jpg,7d95ea9b5675227952eaca2898cd12019f224ca9af14d757258a7ba7e9919b2c,False,mediapipe_no_detection
741,train_angry_000742,angry,train,train/angry/Training_29641857.jpg,4e287a96e9f5564f9efb2b50766e24284bf0ea45b3a6d9a20dc60c038cfc2931,train/angry/Training_29054231.jpg,9d147bea294741d0890a5623e38449b0517098704b282a10c49f1282847b8daa,False,mediapipe_no_detection
744,train_angry_000745,angry,train,train/angry/Training_29711189.jpg,d2897f0eb26bda656bebd735daf8c093fc3d6f29299c0e1d4517e7a6453fd54d,train/angry/Training_29128246.jpg,2c0f13d317f4381738b9da1c2077637ef239cb5e0f9cb0b0084fa64f232b0b09,False,mediapipe_no_detection
747,train_angry_000748,angry,train,train/angry/Training_29828444.jpg,a200a59bbda81d902383be954e1bbd60b586c2968f5472a7af10260e108c2ff2,train/angry/Training_29216166.jpg,6700d22047b268749f519e5cc2459801228554f6dd6a251486f094581978b498,False,mediapipe_no_detection
766,train_angry_000767,angry,train,train/angry/Training_30514198.jpg,60231cb448374437a8dbe846ac4805d3c4c48829d9f42e551813d96604bd6dd7,train/angry/Training_29702802.jpg,b3f974c998dc5811040d9d4914543e4b0a3298dae0ec08342fe2ca2c538a0e9e,False,mediapipe_no_detection
774,train_angry_000775,angry,train,train/angry/Training_30731743.jpg,3f049a6c3a03f13e8661475eb08564e84efa3b2beb6ebfd77ca4c827509fa942,train/angry/Training_29936255.jpg,5b894a607103e869beaf620cecd20e20254700fe0ec90ed1c3ae743440a27c0f,False,mediapipe_no_detection
779,train_angry_000780,angry,train,train/angry/Training_3096545.jpg,380adcf0da4662b4f037e5c9e0bbbaf474351eec33bd2d28a9938e1ef8309876,train/angry/Training_30148518.jpg,9458edfc61c6292fef0fc7931f80ef7e477e91ba3c05c93b187adc24ace970de,False,mediapipe_no_detection
793,train_angry_000794,angry,train,train/angry/Training_3134863.jpg,3b65fa463ca8d5eb92fbf1b04a0fa82ecca7486480030a4ac3d499bbf9689333,train/angry/Training_30490920.jpg,dc5d8869d872ae8bfa1183e141ef727daf782df4201dc68bf86e67c3629cc9c8,False,mediapipe_no_detection
799,train_angry_000800,angry,train,train/angry/Training_31452286.jpg,493bd58b0fe72c5dfeefe71a9db27fc3da5ab5eb5a5bf9146784b7062f10b422,train/angry/Training_30579242.jpg,4c7fa80355c303d8a8b8a69e956583c6aeecfbcf4bcedc999b2f30c5beda544b,False,mediapipe_no_detection
802,train_angry_000803,angry,train,train/angry/Training_3161929.jpg,c7380331f2e10bb441131f930e8a2526392ae0a6845461bd19578c43c1e19c38,train/angry/Training_30731743.jpg,3f049a6c3a03f13e8661475eb08564e84efa3b2beb6ebfd77ca4c827509fa942,False,mediapipe_no_detection
804,train_angry_000805,angry,train,train/angry/Training_31673420.jpg,a2bfd47ab214ba74b77bae68d4d0e8bcb860eb4fae974421123a99d78d73cfeb,train/angry/Training_30745782.jpg,d739dd1b1aa0fa68ae85785aed215b234bba15d0ee1e6eebeba21b2e5b0f57dd,False,mediapipe_no_detection
817,train_angry_000818,angry,train,train/angry/Training_31892784.jpg,a1dd37c16ca7bae8a54eafbb826dadc9c69354d5abde7b254d26fac2498778f4,train/angry/Training_3128563.jpg,433b31a4a73ca6e1839f4738e4b05de6a39ea1e2c23596f32810b4fa4485cd2c,False,mediapipe_no_detection
833,train_angry_000834,angry,train,train/angry/Training_32295480.jpg,d84efede0310c9f13d44b355ad9228ebeb51a81ba217cdb3d1e826bc7308a367,train/angry/Training_31683603.jpg,bac7a169aa5412a5369d6af65d0bba487f5b87f68d48f63b6a864d08e8057293,False,mediapipe_no_detection
837,train_angry_000838,angry,train,train/angry/Training_32358166.jpg,9851e75e3419626e7440a60469aae8331600d81e698e3ea0b207308e03631890,train/angry/Training_31734020.jpg,3d08d115d23d21377693ceed7bc9da0e25d29c060305769fbd2a784f18670812,False,mediapipe_no_detection
839,train_angry_000840,angry,train,train/angry/Training_3240079.jpg,6f70551036e480a899697a32e133b41d3fb306e326a4ed8ed611fb033c3cdc08,train/angry/Training_31785074.jpg,2eaf09659b016b63d6f9a49c051dd193bc84e70957cf01a40086eb9aaf47e42c,False,mediapipe_no_detection
843,train_angry_000844,angry,train,train/angry/Training_32455649.jpg,6bf34cdbdd6a52f319722ed3d2bf032101a94e94ed8969ba24c93dfd81b6d8c8,train/angry/Training_31822012.jpg,7c8660421d886c8bedf6f21316f96a46480a841cc00cf6414f0acb36076eeb2f,False,mediapipe_no_detection
854,train_angry_000855,angry,train,train/angry/Training_32724511.jpg,c8e1cf8cdfa9fc902c4bbab7c0bca148cdebf793c2f611028624dbad6258fb63,train/angry/Training_32056400.jpg,ed501973db39db11f4c634330ec7c3fb46a96d49ca999f145d76809aa51a533d,False,mediapipe_no_detection
876,train_angry_000877,angry,train,train/angry/Training_33331.jpg,da326ec979821620661ed775cbe28b1791938f0586d4d4f43d7737ba6ecc526f,train/angry/Training_32571770.jpg,7d95ea9b5675227952eaca2898cd12019f224ca9af14d757258a7ba7e9919b2c,False,mediapipe_no_detection
885,train_angry_000886,angry,train,train/angry/Training_3360192.jpg,614cfd7330f1b718808264334f8f124aa02893868f27e9da351a09f50e75d467,train/angry/Training_32705300.jpg,86be1f00f0750192e48f9e3ae0bdec373e43ab595ebf307f830f6c881fd1f9a5,False,mediapipe_no_detection
888,train_angry_000889,angry,train,train/angry/Training_33635393.jpg,d182dfddd9a657cc8f41d166568868e31f9adb8e5ae647d4d3045eff323de8c8,train/angry/Training_32769196.jpg,08a6ab15f5bb75d6317cb9c820932a9cdee16c101125e6c5f4100f814c761f3d,False,mediapipe_no_detection
893,train_angry_000894,angry,train,train/angry/Training_33810977.jpg,d8e14d61453cba99a4dc1b17c44433690b2cd88370e7bb5b738daea1d6a7cad4,train/angry/Training_3284854.jpg,e78582ba5b1932cd7a56cdbcb9d74a87211b6b805e37361bc9fd3acb03885c14,False,mediapipe_no_detection
923,train_angry_000924,angry,train,train/angry/Training_34635895.jpg,fab33b185099ff80538917f3341811898f7e620bef014402e3a5e0627fe5d1bf,train/angry/Training_33728070.jpg,6ce5ff391cca027544cb937ddbcfd863bac9022db21fc005464d6f165cf306d2,False,mediapipe_no_detection
930,train_angry_000931,angry,train,train/angry/Training_34917726.jpg,4785cc6e02dfe4306f43505002c908b5e75cb8b2103c5387e41e1da2ba9fffac,train/angry/Training_33935037.jpg,9bbb06caf5a91cac2cec4d850b861017bd550ac7876128b322ff26b3670d9903,False,mediapipe_no_detection
934,train_angry_000935,angry,train,train/angry/Training_35092482.jpg,44a5ef08ba91be621d6d7354ea2ab563d43f5b9de6c55b30ec8bb0144d1d34bd,train/angry/Training_34028359.jpg,dd840aadae6b0152a9eb7ea1bbd5191617ce45a314d9f3960ce8f7d9da56e064,False,mediapipe_no_detection
938,train_angry_000939,angry,train,train/angry/Training_35183757.jpg,116e9d36794cc698fb61fc23bcd5d831e3a9e070cbcd97b13466551665ebdfb0,train/angry/Training_34196712.jpg,9af7c497325a8149a44237c46d28c52164b14ce161736b33f49c49a93359cd66,False,mediapipe_no_detection
955,train_angry_000956,angry,train,train/angry/Training_35638545.jpg,f62296b90a29d1680880143e987496923b0022a28f7c0448a8ba4dd73dec8d67,train/angry/Training_34635895.jpg,fab33b185099ff80538917f3341811898f7e620bef014402e3a5e0627fe5d1bf,False,mediapipe_no_detection
1000,train_angry_001001,angry,train,train/angry/Training_36495674.jpg,69094ba28bfe9fe64dbdfb55619213bc51d916080f81ad783ffe4b6c978b4883,train/angry/Training_35899521.jpg,f0fead0c323f47463b67adccdf3b8278688ffc93ed219879ef10fda32b5434cc,False,mediapipe_no_detection
1066,train_angry_001067,angry,train,train/angry/Training_38184263.jpg,7f86073a99efa84956953c4bde2483fafcd4ff7e9d9ad040eb21ec086f43816d,train/angry/Training_37074835.jpg,aede29a3a186427792bd0ee225f3b6c8efbd3922dec569ec8f7a54d52c39e0e9,False,mediapipe_no_detection
1070,train_angry_001071,angry,train,train/angry/Training_38338367.jpg,efe7583ce4928f35c07d007a5e197dade507a3c34e46e2edcdc03d4d0c2e9279,train/angry/Training_37173005.jpg,15b8ca17b168bf9df41ff5a5208a0da887be3210dc8712df7a7a1140b76037c6,False,mediapipe_no_detection
1076,train_angry_001077,angry,train,train/angry/Training_3865960.jpg,81b62a0ee13f066393958e6db5afd392e4f4e9bb0143ca68b24de3d556bcaf3a,train/angry/Training_37375861.jpg,e6a1f6aae0a6e1b6d1e5046a9802d7968a025af63398283ce4151e990e8cf021,False,mediapipe_no_detection
1125,train_angry_001126,angry,train,train/angry/Training_39890321.jpg,f0074530b9bc0b6716b847bba885efd1b5a4cddee315bea685a962c41b7a6676,train/angry/Training_38797120.jpg,8dacd657c6cddd392a527943010de7f29c60fde5ea19380ad5e20ddab38c3065,False,mediapipe_no_detection
1139,train_angry_001140,angry,train,train/angry/Training_40219937.jpg,fff153e4d2b3ea1461d53b46ef520474a397056ded7e174e98675ea2067a896b,train/angry/Training_39209137.jpg,7e2255d827ff3f1394069448b0db6c75157bbf68123d3a880daf3b76a04df347,False,mediapipe_no_detection
1217,train_angry_001218,angry,train,train/angry/Training_42902670.jpg,d6c388dd025bbcf80ce5ee543f6e79c20ca34333fb7e06a56901b54db3509917,train/angry/Training_41604758.jpg,45129a88b3b1f3d0a49b206e44fc17d74ea9babdd1d260e41333a3b8af7cce0d,False,mediapipe_no_detection
1223,train_angry_001224,angry,train,train/angry/Training_42984656.jpg,49893cdeee194a1b4b482bf8dbca0a45e687e62d3a64d495beb346433f3c6265,train/angry/Training_41716463.jpg,ef90fbc8f93f415b9ceacbbc5276490fa82d4946c2d5323775c03d64872d2def,False,mediapipe_no_detection
1230,train_angry_001231,angry,train,train/angry/Training_4314640.jpg,9590cd6a24f7b6a582210ab08830760d7dfc6ca3a2fcaa9e8a18ff35b0f63c06,train/angry/Training_41898754.jpg,0802a3feaca60f33a1f0a99a63ab26f397c24c46bdaeb7b1b9c536a79af7e0c2,False,mediapipe_no_detection
1258,train_angry_001259,angry,train,train/angry/Training_43612309.jpg,98b1c98043e388cb687fd535db7c818b2daf19219efa838e3b12676971f8a557,train/angry/Training_42736243.jpg,ed742b4e434b663ff1069a9f3dd041f5ba30bb684e69661317828d165e4e3473,False,mediapipe_no_detection
1271,train_angry_001272,angry,train,train/angry/Training_43954708.jpg,819de663be7cb2e9eee46108de1d438fb8732d2eb0712ff05764def9e812f1bf,train/angry/Training_43064995.jpg,ec478fc1608ea060716668977e07360c61bc6e05c0a1669dd7f991d9717e1bbb,False,mediapipe_no_detection
1280,train_angry_001281,angry,train,train/angry/Training_44208877.jpg,da8ff6e0eeddf6c4e2d15fd52f853e4148cf2c5233d584b201f3223422589aff,train/angry/Training_43177711.jpg,c4c431db60bff96057152b0bf7eb3e4fbff0102763924200f1167936229c9cfa,False,mediapipe_no_detection
1286,train_angry_001287,angry,train,train/angry/Training_44359472.jpg,761c0703a52e6b01dcb5e225cd012adc559ba7809f4a42d70ea3cdc3c48ecf9d,train/angry/Training_43345278.jpg,8713af775645855091badd5a0fb5ae3adbd83a40005b637b2387fc1afac65bda,False,mediapipe_no_detection
1296,train_angry_001297,angry,train,train/angry/Training_4464566.jpg,af550e26fc05ccfb7eb9840e6735c1cfac8ba321ba807c4e615ca002e3d91888,train/angry/Training_43438109.jpg,92be1bd675e1ab82eb502aa2381a341540d226291a88f8d8b6c923dde9c01d3a,False,mediapipe_no_detection
1303,train_angry_001304,angry,train,train/angry/Training_4482808.jpg,9f88ae16dbc79973711d9223c8807027e0814e4b97ed204815a7a4b1f3a93a8e,train/angry/Training_43512278.jpg,f61987041ebd38a91f632c23497427fae30fe25e2719f243e1787c490c940caf,False,mediapipe_no_detection
1307,train_angry_001308,angry,train,train/angry/Training_44898129.jpg,3fb25f8abbd000be71b7c656f30f647fc7e295a39363a95a73bb94f585855ff0,train/angry/Training_43539352.jpg,587fce1c316c1945aa06095a9c7da65bb2c0423e7420ad055cb115ceab0a355e,False,mediapipe_no_detection
1311,train_angry_001312,angry,train,train/angry/Training_44988268.jpg,c4383893a0415d04293abca00c27a50a14315d61acecc88aecaab426752e4fb2,train/angry/Training_43649828.jpg,1a80c0f6f1db618139277848b473d410dfddeb40cf79e300fb9a46e1635604a0,False,mediapipe_no_detection
1316,train_angry_001317,angry,train,train/angry/Training_45088933.jpg,d77d4f45e50c6c82a8de467c926f973d3e167ea0cb3754946edeab65a6ef656b,train/angry/Training_43780329.jpg,b55b02b8e6d63405a5fdb0d4a7db769a2e050c83b5d5bf9d439cf518bed52b47,False,mediapipe_no_detection
1327,train_angry_001328,angry,train,train/angry/Training_45347395.jpg,295bf35b6cf828922154242e584949f5ec9c3d7c5fda14f26c8c5880da252877,train/angry/Training_44106194.jpg,505a65fb6eacb67071860a35ebe0bd73c91721bbc5a946961a0c401e4d09913f,False,mediapipe_no_detection
1339,train_angry_001340,angry,train,train/angry/Training_45681442.jpg,9da6917aa3ecc65122db8efacacbb6a79be65dd19ec2b7e604a3050a7483cae9,train/angry/Training_44463995.jpg,30b952a18ca9c5770dd5db8ffe4abdcf179d743ca0cba6a15b8ce391b99e1705,False,mediapipe_no_detection
1352,train_angry_001353,angry,train,train/angry/Training_4608141.jpg,620043ff32d7cddd0d999613e8ab55a21945f4f366e62f6b963ede8a365b25de,train/angry/Training_44719671.jpg,24cf0b51b40abe7df6645e8015c96be199b7cafb34ce799909544bd1f587d064,False,mediapipe_no_detection
1366,train_angry_001367,angry,train,train/angry/Training_46641462.jpg,e7a837873a2583513a9ec08a1df1cf993050fb776b73e84c6f098d52b652989d,train/angry/Training_45060957.jpg,673670f74fe59b5c01eeb24aa7fb268f0b82428e6a74cc70f515d74a8bd2c6c0,False,mediapipe_no_detection
1375,train_angry_001376,angry,train,train/angry/Training_46971015.jpg,602a5a165cec018524184b31b0f900ed031997a11c3fd0958fa68e0dda0e1df1,train/angry/Training_45317851.jpg,d7e29cd945051b213d7dc4b0190cda696b6d5bbb734242b03409955880d41a7e,False,mediapipe_no_detection
1387,train_angry_001388,angry,train,train/angry/Training_47408977.jpg,43479a5e4f70f6d8ca5b6db9a4f6ae3f63fa497ae0ce1499ab82d1478fbe7e63,train/angry/Training_45723709.jpg,bc4245643ebf1eb35adaf54adfebb1d6ff96f981d6c96e496a98e76a8914fc60,False,mediapipe_no_detection
1407,train_angry_001408,angry,train,train/angry/Training_48108433.jpg,a8c96e5d5f511eaca9cbb23d6a63b07a48c33775652bbae0574022fa3219e92c,train/angry/Training_46389758.jpg,312675fb7f166bbb12edb858973ef7f2e1744257e576893dacdb6f9ce6cdecea,False,mediapipe_no_detection
1411,train_angry_001412,angry,train,train/angry/Training_48165381.jpg,638ca66fd1737abb56cb49c4bd29d0d53f39c2235502e456fcd3fcc50933fb85,train/angry/Training_46496486.jpg,6445cbe6dd23a8ce1aeaa06dddd07a45ff7c92f1418577a596b7035560606648,False,mediapipe_no_detection
1430,train_angry_001431,angry,train,train/angry/Training_48839755.jpg,0e6c3572a03bdfe9af8cef7fbcbf60747394966a62855d14ba48028f79d1ee10,train/angry/Training_47170885.jpg,63e353e6d0786e826eb3b878c7f5dcd58f1b2dde7aaf8815e9b65c60ee5d88e9,False,mediapipe_no_detection
1431,train_angry_001432,angry,train,train/angry/Training_48881729.jpg,fe9ff8dd6dbf297bcadb950c4b3ad188115a095a190dbbe53ee98958646135a8,train/angry/Training_47220126.jpg,09601361a315e516cf0219b430cb2d64d7007ed1f9a0b377c3907b0377002ec1,False,mediapipe_no_detection
1442,train_angry_001443,angry,train,train/angry/Training_49144817.jpg,d9c2ebd8850adf60f3beffc2b4832e9577f2bca7af10f3308182d7d4428c8903,train/angry/Training_47686150.jpg,023a8e7dc91ce1c4321a682017c0075b2b454cfaf81590a62848a4297a2fecb6,False,mediapipe_no_detection
1453,train_angry_001454,angry,train,train/angry/Training_49587286.jpg,6fb7158fc05da497b1dd4f8fb5db68771e9bb48051bd21bd56f69038b5683e67,train/angry/Training_48043757.jpg,3e1395008cd64f4bd9223860fbc1396caa1ba8dfc4d211545d2525a6a6e2be0b,False,mediapipe_no_detection
1468,train_angry_001469,angry,train,train/angry/Training_50120123.jpg,80747d9073de1ce905182b4c91e25a455def8c6a4f198964788e7a84a4ce2137,train/angry/Training_48442778.jpg,7eac962edd09cd9f138b60207431d1222bec2925999c206a4b11aa24eeb5b02e,False,mediapipe_no_detection
1475,train_angry_001476,angry,train,train/angry/Training_50323308.jpg,c71f73c06cd6aa727a22745aa76d22e71c201eb5ab2a387354c0d4b901bba01e,train/angry/Training_48751491.jpg,6781e6e27ec553242bd58e0edeed772b300427acd2099488030284db043b1430,False,mediapipe_no_detection
1487,train_angry_001488,angry,train,train/angry/Training_50542328.jpg,da9f8297f52952e284f7c1391216369b3c73148d1c5820bb29153735489ed5f7,train/angry/Training_4896466.jpg,c7f09fd5dd774dfdab62fca5b619169a3223940923bf752f0326f7ef4587eb3f,False,mediapipe_no_detection
1490,train_angry_001491,angry,train,train/angry/Training_50637535.jpg,b7325e7c80078a2e9f0084cb45f273f898d2d62a4ea5fd989d4115321cdfce06,train/angry/Training_49106080.jpg,6656b4f56458b1a0e3018c0a270a0f656e34bdc5a50af87fba3f2e8d7d5cbb4c,False,mediapipe_no_detection
1493,train_angry_001494,angry,train,train/angry/Training_50699592.jpg,f36d4fbfde9cc9b3a1b0d4853f93f5848449e496b99dd889b7eeef8d7df88cd5,train/angry/Training_49144817.jpg,d9c2ebd8850adf60f3beffc2b4832e9577f2bca7af10f3308182d7d4428c8903,False,mediapipe_no_detection
1513,train_angry_001514,angry,train,train/angry/Training_51319902.jpg,90cc7d414313b825d0faa3b5504480bc387c573401b4c2f9d5d1f30b29ff598c,train/angry/Training_4975319.jpg,ed9929e3df254a36fe7fa2bc4cac7c95a9f58a388ce377dcdb117f5e605926a2,False,mediapipe_no_detection
1530,train_angry_001531,angry,train,train/angry/Training_51535718.jpg,c12e6adccf2ef9ece339aa98efa6f2c61290098e7b32a83531a27e74b252df0b,train/angry/Training_50394577.jpg,586df72ff3ec27279e42f16020c342d27740c47b3d5b6ddbdb2d5004b0604653,False,mediapipe_no_detection
1541,train_angry_001542,angry,train,train/angry/Training_51918482.jpg,6a584f952af0e967c6d59e7e918bcb6f9c4843c722557b1f0485671029e7cea0,train/angry/Training_50637535.jpg,b7325e7c80078a2e9f0084cb45f273f898d2d62a4ea5fd989d4115321cdfce06,False,mediapipe_no_detection
1550,train_angry_001551,angry,train,train/angry/Training_52284633.jpg,861aa6093a0423a5e4eaf2827ec43de03bb13c2d12d641bc4e64d4f9e7b4a3e1,train/angry/Training_50920333.jpg,1d2472e79976e242bcefad65b79e04208cf9a6b97c01394d4d0125748b32def1,False,mediapipe_no_detection
1566,train_angry_001567,angry,train,train/angry/Training_52654745.jpg,e4fefbb4374f3f0e995c1e8ecd6b505061cab83daa8606d2ce4a113e06855947,train/angry/Training_51327047.jpg,31ccf68d24118dbf28fc513ded05859ca9360acc6641a178ea6332c093444e50,False,mediapipe_no_detection
1588,train_angry_001589,angry,train,train/angry/Training_53309337.jpg,c9cb7bf25d66aa3b60f9d1cf3a5053f35151babecd97a3c227aa36c4fc0330ac,train/angry/Training_51673581.jpg,43d8d1a5bc5b7aff81befcf4b219b64c623c4d0e9a35e3e7aede9a30450d37e3,False,mediapipe_no_detection
1590,train_angry_001591,angry,train,train/angry/Training_53363777.jpg,bb9f226f3e8da584b2e49fb7badfa7afd46f8be2919eb3aa0638ae20204bc64c,train/angry/Training_51702497.jpg,871b5551941bec5cbb93b29600da0d2adc4a8fe8a9600151bfe35740db229a4c,False,mediapipe_no_detection
1600,train_angry_001601,angry,train,train/angry/Training_53648754.jpg,cc9e5c9b515802879a49f60dda91497c451ed32dfa1d51a0f9fe2858279c94b1,train/angry/Training_52126501.jpg,fb526db5545ce3574a5f12381006b0de184b3438baa41b2abe5475ee41985a96,False,mediapipe_no_detection
1606,train_angry_001607,angry,train,train/angry/Training_53777813.jpg,d9e2c9e647d7dbcdbe5ee124a14e6e4bc86aae55caab2516c5a9dcd00e49651a,train/angry/Training_52317733.jpg,78a6ce39e3c25cceab384a0a6e0426cd4c05f6015c90ebefce50b6d882cb4e75,False,mediapipe_no_detection
1616,train_angry_001617,angry,train,train/angry/Training_54002486.jpg,f4564283a7ba9d484bf4e637e21c8caa9cd6bb200055ac93e09def5808311771,train/angry/Training_52563817.jpg,7d95ea9b5675227952eaca2898cd12019f224ca9af14d757258a7ba7e9919b2c,False,mediapipe_no_detection
1630,train_angry_001631,angry,train,train/angry/Training_54302671.jpg,113ca77a9b9c824b9ee5846c938afc2510d733347dd00de6bed36462ae67e63d,train/angry/Training_52860111.jpg,e4028d9b56919ee2b2dce406206cbda4ab592aadee5275d10936f2b5bb42f117,False,mediapipe_no_detection
1634,train_angry_001635,angry,train,train/angry/Training_54401647.jpg,29b3640ba7e10aa49f98fd8173087761032c7bf452276bc1493139a3f531ac8a,train/angry/Training_53006060.jpg,6b6179e617d14b2069a3f81dfd5694267416f83ddd52bbc8f1f0049f85bb100b,False,mediapipe_no_detection
1639,train_angry_001640,angry,train,train/angry/Training_54634892.jpg,b4fd584adfb3adbb060c9ad4c9344f087a931c4b9bfc9069ecb9e0007d58b1f6,train/angry/Training_53113912.jpg,bb6bd5640cf2c2df11f83c0970ccef3d38b6b6e659d60abc40b0856abc630fc7,False,mediapipe_no_detection
1657,train_angry_001658,angry,train,train/angry/Training_54933277.jpg,f9604161e314aad077196bf10f2b5e8b71637175c3ee39e6967b09ae489571fb,train/angry/Training_53728730.jpg,2bbd1e5dea4cc7dd971576fa385eef5bdc47bb07c9d811c65dd31ff227e0ff3a,False,mediapipe_no_detection
1659,train_angry_001660,angry,train,train/angry/Training_5500179.jpg,6bbaf492a14322598f282d6a124c73787a2c2e81e7ce0be296656fbe45d4ff74,train/angry/Training_53751350.jpg,5d110205dba50eabb7abdaab53b122b11cc795ed1fbd2b6db4985cf0fe861ebf,False,mediapipe_no_detection
1669,train_angry_001670,angry,train,train/angry/Training_55459110.jpg,b3a3dd1f1d333ec343732fa7403b635a000cf6f3b5c80d23116186ff99bae562,train/angry/Training_53987417.jpg,72ace740f6915db0d23288b500022733d823f158eeb2a92f891ba34f86ad1f6c,False,mediapipe_no_detection
1678,train_angry_001679,angry,train,train/angry/Training_55583150.jpg,5282895c0a3f7d80b20c1c25782865749e036d6ce8bc1c882ca742368dbe316b,train/angry/Training_54105937.jpg,4de32c347852dfec84d67909d4a7429ada4be46d03d33bee2a19fe4333cd755f,False,mediapipe_no_detection
1679,train_angry_001680,angry,train,train/angry/Training_5561500.jpg,26c3912db57ab0d5ba3d2a113fd431b2531f4bb2a7a10176c31b2b1d1d643a19,train/angry/Training_54144394.jpg,a8f5e83415f19aa135b02dec78b0709fdb6afd2a03da29769e5aa20c6b4e3717,False,mediapipe_no_detection
1704,train_angry_001705,angry,train,train/angry/Training_5630757.jpg,3eedbb9bd3cacd3dfbf5371222503d4941275c2e58cf72ad0cd2867e6cb11ff7,train/angry/Training_54746320.jpg,7c084f89a162693f00b4facab8f474ba15e9b6a49ee9a0e9f7bceff8aaf96f9a,False,mediapipe_no_detection
1709,train_angry_001710,angry,train,train/angry/Training_56413460.jpg,a1ec71ec024d9e814cf4e6ca6f6012f64a8f9d37d83fa17d8728f1a41e03f791,train/angry/Training_5480720.jpg,66c13d9a587bf09e4503037a6d63105e28f7121e538bdc39578f10b2cf208083,False,mediapipe_no_detection
1789,train_angry_001790,angry,train,train/angry/Training_58720577.jpg,d5d350adedc777161325a1d75e3da28b3d4bf24c68436d58b1d8dedc788dd8a2,train/angry/Training_56956996.jpg,063df7b54b56a28385a673bf9262d9f1702fdc579b4d165b25ee8a980e835fb8,False,mediapipe_no_detection
1795,train_angry_001796,angry,train,train/angry/Training_58823343.jpg,5235877fd6312bb4c5e4e05eb9dde44d58025f3e7e334af7a9be48bcd4fa5a66,train/angry/Training_57217554.jpg,42fe83631ae9b0f99aefd8da6cd09ca3fabb2836afbd738c0a3e0b051b651342,False,mediapipe_no_detection
1803,train_angry_001804,angry,train,train/angry/Training_58967274.jpg,ce2ff0a076a639ee3b8b1f0af5badc8d8518071a16943260373eb3ff67701134,train/angry/Training_57549098.jpg,0c80b192b83c6731386ea4aca3c751469403ad4adae79297f7996c3fd6afc0af,False,mediapipe_no_detection
1808,train_angry_001809,angry,train,train/angry/Training_59177525.jpg,58876ce92460f2d60b8d888d33d97e76155995dcd7572edfd97ae8fc9f65192e,train/angry/Training_57708176.jpg,3529211271afca4dae4816943f9dacf5db0969782f1015f31ce54cd2c7e9faf5,False,mediapipe_no_detection
1814,train_angry_001815,angry,train,train/angry/Training_59292672.jpg,28d5afb76e25d9012f66eae1ce3025106cec871fe94bac26c0f52821c3e8efe4,train/angry/Training_57781730.jpg,49e438be0fcdbc0abb19128ab74d5d79439563052cb18d1b18866dd24c26da07,False,mediapipe_no_detection
1818,train_angry_001819,angry,train,train/angry/Training_59490050.jpg,57ffd4df73a8dc25dbcf6f444da79cff1820f45a3eaee80fc00dbd57c0ea14dd,train/angry/Training_57850656.jpg,b8053027d1a6e75fc9f36f44f991698aed0d3ae5f2fe5f9a62aefd1a186d3b30,False,mediapipe_no_detection
1821,train_angry_001822,angry,train,train/angry/Training_59590477.jpg,7850a80a84fec4e672e186fbc7e3025a2af05745ccb05582c80ac626c4441e8d,train/angry/Training_57889082.jpg,76efc4f4b53f0835889a37f4d2f7cfc7ed46c1938b6ec7fe550948b6a89996d2,False,mediapipe_no_detection
1868,train_angry_001869,angry,train,train/angry/Training_60858047.jpg,31cf3cd37d0f35319be2b0910179631548c367761e36b1d42f9abdc09db1f937,train/angry/Training_59177525.jpg,58876ce92460f2d60b8d888d33d97e76155995dcd7572edfd97ae8fc9f65192e,False,mediapipe_no_detection
1913,train_angry_001914,angry,train,train/angry/Training_62528027.jpg,1615e709bf7f055bbe203f4074bfaf21990954c977ca1ec20d470cecd2c978f8,train/angry/Training_60362043.jpg,0624eb8cfe7216ee18042e4da4e2e9a5f8d333cafc7203593078b2fd01dd8505,False,mediapipe_no_detection
1917,train_angry_001918,angry,train,train/angry/Training_62633983.jpg,3aa8f9ec14d82b071323cff8a3078c5348c6106946e9a85e4f80d434fd12c870,train/angry/Training_60381974.jpg,a0b692d437badcbd05fb977d3d2a63f0bf56a55d27b432e36bf05ab4b9b3aec6,False,mediapipe_no_detection
1918,train_angry_001919,angry,train,train/angry/Training_62659134.jpg,73abab8dca97efb610b4472a706e0f50ce089e4114d3d52dbfe1652145f5053a,train/angry/Training_60412371.jpg,fbd264842f18a08455c0d9daafbc5d93ba43afdd3f6ecee53e6a7d68fa5f7fa9,False,mediapipe_no_detection
1919,train_angry_001920,angry,train,train/angry/Training_62670040.jpg,c6291ab775fec0a6ecd35dd75a81c6f6de1d41c2d09af382bef000e5f2d4123f,train/angry/Training_60418832.jpg,707782ab74ae7a5a4f4d6deed422267a4558109eb58d58a6c4d2a3d8bbdeae30,False,mediapipe_no_detection
1925,train_angry_001926,angry,train,train/angry/Training_62899427.jpg,e96568eb32f929ce80879b84cfb7c6e45c077f331ea5ecb2eedd51137a9f4f0e,train/angry/Training_60686335.jpg,99d6cbed6449292949cc29b3f923565c8b975e7a179c4d10b7062de6083525da,False,mediapipe_no_detection
1928,train_angry_001929,angry,train,train/angry/Training_62999357.jpg,4ea54ba5fe5962a8be88e5771c34d49c9a89a204ccbc3369cde6af367c17f10c,train/angry/Training_60737649.jpg,7d1ca8b88e8d45b8b4691ef69dbe37eefd9a7907d511da4d70134c88bd16b650,False,mediapipe_no_detection
1957,train_angry_001958,angry,train,train/angry/Training_63918104.jpg,9051faf83f925eb329d6412fa135a4f0581b115fe1e07f4988dd0164538821e3,train/angry/Training_61905254.jpg,09601361a315e516cf0219b430cb2d64d7007ed1f9a0b377c3907b0377002ec1,False,mediapipe_no_detection
1981,train_angry_001982,angry,train,train/angry/Training_64633357.jpg,a5a0fea86aba123619bf3b11382b94992b2a466f479fa47790513baeb8b56192,train/angry/Training_62870560.jpg,957bd9b28dd0ef72ad8086b0cd1a70f198e97fe48fcf3883b8eeae0291c5235a,False,mediapipe_no_detection
1983,train_angry_001984,angry,train,train/angry/Training_64655133.jpg,0130b05e8bab9335d43c281606becb7ea24999eb51c576a324910f287bfc8c18,train/angry/Training_62988914.jpg,6f58a4a8bbdd2df84870da49ea1bb7bce90434fddd8844c933a9e1c328f381f5,False,mediapipe_no_detection
2007,train_angry_002008,angry,train,train/angry/Training_65116761.jpg,f5590755f887baa55209d1dfdceb5a6ea13fcb4e38840a393f7563309dad7f3a,train/angry/Training_63604344.jpg,6c370fa98852997edc61ce332d10c878bdae0a7010ebd849572f8339962c3094,False,mediapipe_no_detection
2013,train_angry_002014,angry,train,train/angry/Training_65231205.jpg,9528a3a3c88e11983a7c71c37f38de46c3dc81c88dd2474f5307b1c0d6ff7299,train/angry/Training_63762802.jpg,f5e3610fca6ceaf0daa34dd862f1675fc075c4170c9c290ff6ac9e31b6ae33ec,False,mediapipe_no_detection
2015,train_angry_002016,angry,train,train/angry/Training_65280118.jpg,f73d2a8fae511215f61d4ce0df8847a074432ba5b79960d9dad1f4aac4dbd262,train/angry/Training_63776135.jpg,e3b9e122c8ddef02a1ed8c362d7a6a42d699db7b787e50bc7836d4c9dd25c36c,False,mediapipe_no_detection
2047,train_angry_002048,angry,train,train/angry/Training_66014049.jpg,59704be9d24b434a3c28f5a3da65e96097e82f3b2500258437c4824337ea0c64,train/angry/Training_64722447.jpg,22cb83b2ac3f8da0ae33f17a7e25660d87a27c6b74467d92d0b6c6c977aa0c56,False,mediapipe_no_detection
2067,train_angry_002068,angry,train,train/angry/Training_6644670.jpg,6a5fe2daa2a1a2b405dc19515b9b9b67ff746647de6b425938c6c8976a7f4eb2,train/angry/Training_64992219.jpg,494bf191e74188384a7a12a542914e4c11808fc98693a81fe108b930cdd3d46e,False,mediapipe_no_detection
2069,train_angry_002070,angry,train,train/angry/Training_66555113.jpg,0d425d9bb5ae75d7524734374fe0a2cf825809086fcce1d566d109895ebee458,train/angry/Training_65018898.jpg,111ff0915a906739165db8ad30cf2c8e953744bb09d37c9447cd7df85a7fbe2b,False,mediapipe_no_detection
2080,train_angry_002081,angry,train,train/angry/Training_67028903.jpg,cbed2c009d867db19e1a7d5b6980481b895c9c5e592e1af28d61712149025dca,train/angry/Training_65266013.jpg,d24f2d2bcaeeeaa16736760a22c71ffad5afc58dff1373711d5b836c68eac726,False,mediapipe_no_detection
2083,train_angry_002084,angry,train,train/angry/Training_67053339.jpg,fe3fc14ca22443c0d60b7c3539291b278a4ecae68691e4176a743f5db6548a0e,train/angry/Training_65348734.jpg,36878e8b9a14f2c632c8e0c4575a626d6b15ec916cd5021b76c08e08b28fed75,False,mediapipe_no_detection
2090,train_angry_002091,angry,train,train/angry/Training_67266148.jpg,37ad3b4be85f78ca9106a3ad51a3c683bf2d10b358bb23b86a062100b1cbc9bb,train/angry/Training_65539947.jpg,fea6cd4bc4f889d04bb4d81c32b8ca39b358dea8453df9e0a0d51450c8366941,False,mediapipe_no_detection
2094,train_angry_002095,angry,train,train/angry/Training_67381087.jpg,4ef3e1a5ab3d20009c354cbaf5cc89ef0de0954d73ee68e98496569ff58242a5,train/angry/Training_65636929.jpg,3e96aff857f3ef177f53c6c0d90ad3f3369d00a4a93222e8d7b552c92de1224f,False,mediapipe_no_detection
2097,train_angry_002098,angry,train,train/angry/Training_67422623.jpg,696a75d76f2491d489c075a8e8f0d4444e72f5e5e305588204ff234a5b2f3af8,train/angry/Training_65693368.jpg,8d6be08c94db0c6a692a398375ec5ae60c87b74a3336e4c0828f2774dbcd7a67,False,mediapipe_no_detection
2111,train_angry_002112,angry,train,train/angry/Training_67844205.jpg,4517debc2fd5806076ab86a4cd298160721d09872be9d43e98cbaa5f7a7b1bb4,train/angry/Training_6599119.jpg,c4595be8fb89ab8d95e354427107ff8ef4425e070414c74e588bf9f1538343fc,False,mediapipe_no_detection
2125,train_angry_002126,angry,train,train/angry/Training_68212547.jpg,e085df6d61f2fae476373cda5847319fa1e07f130b28dce46c5045002666465f,train/angry/Training_66358229.jpg,29160c316ec14eaf0acf2d67743c67de5fef6cf2330e24cf750e209477c2cca5,False,mediapipe_no_detection
2127,train_angry_002128,angry,train,train/angry/Training_68363401.jpg,14ebed474979d21645bd1a613b830f764071956638832c502d3f4830f6ff3a8d,train/angry/Training_66368086.jpg,9dc162e1c7bdb046b21a3aa545392e21f65eea60e6e9e00929cdb2feb311c987,False,mediapipe_no_detection
2134,train_angry_002135,angry,train,train/angry/Training_68573752.jpg,e1c75bb3ed14983af2d75f62e22166a5afa97e1abe98d777d4ac13192538eef5,train/angry/Training_6644670.jpg,6a5fe2daa2a1a2b405dc19515b9b9b67ff746647de6b425938c6c8976a7f4eb2,False,mediapipe_no_detection
2135,train_angry_002136,angry,train,train/angry/Training_68636162.jpg,76556a29a69c655b1a4ce2141df5f654e0569c30e00a57b2a3dde5ed93da2e14,train/angry/Training_66459361.jpg,97502ba677e788979afc7bb567ce600394030e0e334817af5b264694fb44187f,False,mediapipe_no_detection
2138,train_angry_002139,angry,train,train/angry/Training_68696493.jpg,e0ef1bd37cc2d48cfbd7665215c30b9d89e3ac16065659e16acc6ea04a132308,train/angry/Training_66594006.jpg,a7475288b6d35f262a40091eaa973456fb1f3b8f2da771ff4a32c4b77688ff02,False,mediapipe_no_detection
2149,train_angry_002150,angry,train,train/angry/Training_68893329.jpg,b6a5a6dbc24d05d434938e18a038af8b66c9e9a20df057b2157ac2f295d0cbfd,train/angry/Training_67028903.jpg,cbed2c009d867db19e1a7d5b6980481b895c9c5e592e1af28d61712149025dca,False,mediapipe_no_detection
2165,train_angry_002166,angry,train,train/angry/Training_69562893.jpg,1a1babb285cad01d5437b95bba7826a13d083654122146623f2ba59b38a1242e,train/angry/Training_67284078.jpg,5a0b1381eea207f65c9e653eb83593a3d3cd727bc9372f7dca89ca6e201ff178,False,mediapipe_no_detection
2169,train_angry_002170,angry,train,train/angry/Training_69736315.jpg,037a7930c0668ac70bf2ee93eb104881c651ee1b5c3871b029d59d2c5d5d4ff9,train/angry/Training_67420546.jpg,f5efa4ce3886911cf495e776e4ef03f2a0b4412014c9e242a0271089bb7ba403,False,mediapipe_no_detection
2171,train_angry_002172,angry,train,train/angry/Training_69776954.jpg,f0ddab864d2a3821186a31c7c552263a13fc40a215e23b0b490b1fa404fa559e,train/angry/Training_67457164.jpg,10fdc137dce005ff514fc7bf4fb804b48409376a476ca2179ac26cffa0703b69,False,mediapipe_no_detection
2172,train_angry_002173,angry,train,train/angry/Training_69786566.jpg,de58950982a995a671deeb178ec0d31866d865717a77e4190babe73170171c2d,train/angry/Training_67604214.jpg,09d3c238c6f09111b18489500cf0a7a7d4af8429c2ea2cc6350dfd27cbacaf5c,False,mediapipe_no_detection
2189,train_angry_002190,angry,train,train/angry/Training_70392303.jpg,dba6ddef725319cf156a4adadaba5585c8dce6f09d5ca64032683062ca1beb2f,train/angry/Training_68080233.jpg,ad5a7aa366c4477af59b16226f358bdf831c8b5636b39750b801a1facfecb1b3,False,mediapipe_no_detection
2196,train_angry_002197,angry,train,train/angry/Training_70542188.jpg,667d838275dc4e12cc566d2987d9f35230b29d30fe8619cd5e25a66c8bc814da,train/angry/Training_68245784.jpg,bda39c3c1035c4875d1e2152c641278d4f0c9b92b55cbefd316a420071a22251,False,mediapipe_no_detection
2198,train_angry_002199,angry,train,train/angry/Training_7059533.jpg,35b0b39025e6cd5d58d323bddba71ae3b78e96e6892fdf724027d808fd531650,train/angry/Training_68366970.jpg,69a8674aa99620c0e703d8db1e00782f400340ee24de92e684e5550df9f4b145,False,mediapipe_no_detection
2202,train_angry_002203,angry,train,train/angry/Training_70691608.jpg,c6ef3a8dfde017e8cf5d2c6c9e38882f2c2f8a1077cb819f63dcc8eef79ee09e,train/angry/Training_68473786.jpg,49039ccc667f8ba9473b7390bdc9b8025bc90d404835cdde4457ce813f8af91a,False,mediapipe_no_detection
2221,train_angry_002222,angry,train,train/angry/Training_71105711.jpg,fb3eb69205b22315f1f013207f65a8bf3f4b4696ab30d9e367892a720bc27c0e,train/angry/Training_69043517.jpg,5f03058a962614bc9a77682d7875b0559579c962819c80dcb07f19d29daf0d78,False,mediapipe_no_detection
2225,train_angry_002226,angry,train,train/angry/Training_71159478.jpg,be65d77627cc4c322e9ae7648c0116240cf5f05c25562a8ac49a82db321c0445,train/angry/Training_69280269.jpg,51f128d5bca763b41a1060a4f3768a25da9a8e49a234a25236047fee24bfb820,False,mediapipe_no_detection
2231,train_angry_002232,angry,train,train/angry/Training_71314314.jpg,e09df15b6a9ef8ea7a37d9444f0219d7194226a3f586932e81a8aa00e8e27cd3,train/angry/Training_69314320.jpg,16386e625e6437b987328f5b9aa34446b84c3ff20077d34422a72651c88f2c0f,False,mediapipe_no_detection
2256,train_angry_002257,angry,train,train/angry/Training_7213486.jpg,071cfc010e84b4c34ae62b0fdf12641dc67e587eca061a84dd1d5a78fd6a352b,train/angry/Training_70232800.jpg,fb8c0608f339db7352422dbab1a07e31462f49a764b41e1e5562a298c055f4a7,False,mediapipe_no_detection
2260,train_angry_002261,angry,train,train/angry/Training_72290578.jpg,bf05f74e0856ae04e7eb87d2aab42c5ad25068e546212f59e879fc610f18b8f4,train/angry/Training_7034051.jpg,b7c0f3dbf06c618c77f0e1c7a9b03f1d0f7c60a90b426a29e514771c98883cb3,False,mediapipe_no_detection
2262,train_angry_002263,angry,train,train/angry/Training_72310709.jpg,01364a105f5977838a1eb82083c1906a0a478b191f32c0cccd1f68b3ad7e3bfc,train/angry/Training_7039189.jpg,cca5e473feaa9449153c822a347280a81c6cd619b0ec7f7fd8f313fa898d9733,False,mediapipe_no_detection
2266,train_angry_002267,angry,train,train/angry/Training_72476694.jpg,e6bdd72ab51385690cc53e0635944d9cb0013b76b70ac39f8b5ce3f213fa0007,train/angry/Training_70451070.jpg,0787cd1ec76211f12df9a1b151360e4c1b1feb911ba72221b9e467fd9b24f8b9,False,mediapipe_no_detection
2276,train_angry_002277,angry,train,train/angry/Training_72806369.jpg,f9fddaa8243197a71927f9d1432111422ce49ec6882108c0af8c0c85d2367154,train/angry/Training_70726538.jpg,58db1ae1a3817501e25d1fd512a46fd029517efa2ec812cfd5e61739e9fc2fc2,False,mediapipe_no_detection
2289,train_angry_002290,angry,train,train/angry/Training_73014764.jpg,e5df34a4c3b77c790844c84f8891a05cdb9eb0107511cd5aac20a72bce87d320,train/angry/Training_70996888.jpg,bc0d6697e17eb97864b350dd4b6fff0bf65ac1df8a1d8f378c09fa32593f6766,False,mediapipe_no_detection
2299,train_angry_002300,angry,train,train/angry/Training_73148291.jpg,f8fc3447b69d44b22e29e9547076a30676a6f4bf5e43b69166e845bf03fa6027,train/angry/Training_71192880.jpg,58ba71aff1a6f422ccd0fc965efe1ccdcff2e92ddf0b2fe6a814abab1453e860,False,mediapipe_no_detection
2307,train_angry_002308,angry,train,train/angry/Training_73381335.jpg,08c2fc030e6d9e6f021ef763acaf2ecc27d169d9bb2874eec7f4f06508bfb95c,train/angry/Training_71385343.jpg,d89e4e7ed708b831b912c218822c1efb14dfbe8f35f61683bca10e090976fba4,False,mediapipe_no_detection
2312,train_angry_002313,angry,train,train/angry/Training_7349269.jpg,6f10a835d0606fcfe9c8690d42d21891270633c52c039edaafc5ad01e463d061,train/angry/Training_71427295.jpg,8ebc1f539999d2ea28fddaca89c8f4b214fea26e3fdffc7cea4865602a50e5b9,False,mediapipe_no_detection
2314,train_angry_002315,angry,train,train/angry/Training_73515932.jpg,a38df1051c792c45e5b68e39ffd35c45f5d0472f615534d3a4db46e500c53022,train/angry/Training_71550663.jpg,16605edd97408194d5a22744d9336dc07eb5c8dddf1bb7fcaad1990a6b3e2ba0,False,mediapipe_no_detection
2319,train_angry_002320,angry,train,train/angry/Training_73649481.jpg,11301525eecf9fadf6d4275963367c7ba2ed9b1493ed3a2f923d61a7a17547f6,train/angry/Training_71710274.jpg,5f0327f710098a90d846d4acc93160fe73424bbf276e3096b85fc557d2f50e3c,False,mediapipe_no_detection
2320,train_angry_002321,angry,train,train/angry/Training_73677822.jpg,4aab85b43590a00a20d6af4676080d8b9cffa654860f7d141f39566fd31949c4,train/angry/Training_71718153.jpg,15661b1ca96d325bdbdb4d5ef289a81ab621834ded40904d5576d21be1880b35,False,mediapipe_no_detection
2322,train_angry_002323,angry,train,train/angry/Training_73696242.jpg,2018edd7e2b8bc49802cab7d0ff9c70445554854c28c201c4e11905612884c1a,train/angry/Training_71737757.jpg,f45c047f0869a4e4819884dd2cbdb18cccc3c8d9eb8e712e7c654a64e9fb924e,False,mediapipe_no_detection
2339,train_angry_002340,angry,train,train/angry/Training_74180372.jpg,c74c1507e0c6e98d4389cc4cacb1e83b90d10ee3cb10a3708bbd50a4e7fef938,train/angry/Training_72188974.jpg,4ccc52340a0b49502587a0e7d747631c27667f44766cc470b77b76786cf36092,False,mediapipe_no_detection
2348,train_angry_002349,angry,train,train/angry/Training_74392134.jpg,74d3a8d83e9f3258a80576966d23d3d9d81ca4c7e0cc59b75a2366b78fd98677,train/angry/Training_72523573.jpg,54b9753f734eead17c2139cf6fb5a12dc4ad2c47f9fc9d2880661c413a978356,False,mediapipe_no_detection
2356,train_angry_002357,angry,train,train/angry/Training_74647496.jpg,58a3445d33c5a2e675489fa2cd9c9e8e887dd8dc938ad379161ebfbfca7a2cd6,train/angry/Training_72703242.jpg,fd777afcc5892a02337916fbdd3870d02f3ed0f71297a0032229d226faf4e5af,False,mediapipe_no_detection
2368,train_angry_002369,angry,train,train/angry/Training_75087468.jpg,d5739cac93efff7d0d353b353daf62642a4499a3b0c88d97d37e72d1879faf7b,train/angry/Training_72989844.jpg,f01666b76848e1f8c3f81266a230ae9082bcaf92a137a4d2d5b507932bc8e1cd,False,mediapipe_no_detection
2375,train_angry_002376,angry,train,train/angry/Training_75391096.jpg,3310f966399d6c8e4e3d538ed5de9a90aa03cb9e3f825ff97fbcd9a96f1435f5,train/angry/Training_7311416.jpg,de704616d249998a91cfd10951d8f12eca165cca4a2b63f62be95a2b94634007,False,mediapipe_no_detection
2406,train_angry_002407,angry,train,train/angry/Training_76437888.jpg,ba8bcc225b65d239278987f72bccf67df93567a7bb8c4a0ee72df020e55a796c,train/angry/Training_73701597.jpg,4d576778d4183b78e37ca6a08f18e67dc231d7275c49e5e23a7a837d2b2be44b,False,mediapipe_no_detection
2411,train_angry_002412,angry,train,train/angry/Training_76741099.jpg,47aeb43a45ac300b7c36a1b6143ba6b336ca2a8bf43c7402449311362eff5887,train/angry/Training_74036018.jpg,5140af0b5737b91e7efebfe38881bfabda50f31fe1b58a4903d10b5685ec9656,False,mediapipe_no_detection
2425,train_angry_002426,angry,train,train/angry/Training_77125420.jpg,c70b87bee43a9f538109ace1d5f8921979bcaa0bc70e30de70806395ac4b4ee0,train/angry/Training_74392134.jpg,74d3a8d83e9f3258a80576966d23d3d9d81ca4c7e0cc59b75a2366b78fd98677,False,mediapipe_no_detection
2460,train_angry_002461,angry,train,train/angry/Training_77983761.jpg,f00536e4a8097160bea0d66bfd3c329943d3393412ab83f3969f0487e3e3a6de,train/angry/Training_75516680.jpg,0a14a2c1d9b6eb0feb5ef76a141cccf3b2a29f8bd602c6b5e4ba49e1197d4738,False,mediapipe_no_detection
2464,train_angry_002465,angry,train,train/angry/Training_78071591.jpg,921b51d2fc5adf3f88c408ee11f84f4390a00c0c57e86210554a7ef8d176d1cb,train/angry/Training_75715715.jpg,a31f986ba40db996b6f6126bdfd1d7c2692ab4c00134691c0f2e5fed9102f06b,False,mediapipe_no_detection
2465,train_angry_002466,angry,train,train/angry/Training_78162290.jpg,0737b3701e94c1b43abc8436ec455cc3ff6670a34165b1934121d56157779e88,train/angry/Training_7572598.jpg,e31d602b82d9d155649386d0437126343315909782edbe30e1019f64b4b6be7b,False,mediapipe_no_detection
2475,train_angry_002476,angry,train,train/angry/Training_78481625.jpg,700a5ff853df3f58967950bc79e647f2364ec7e41f3fa88d567315eaf50536d7,train/angry/Training_76021720.jpg,1786ca63297562b5f38f506aafd0c98636da34f756de7d4168dbca68e6dfd561,False,mediapipe_no_detection
2478,train_angry_002479,angry,train,train/angry/Training_78521255.jpg,5dccb8d6397c29ff126dcb75272b86522d8c6720d6cacfa4fd76cce13d299f56,train/angry/Training_7610015.jpg,a17b3669c4a571ddd843d71136c83019dc3e3d7c91fac1e834074100ce7d621d,False,mediapipe_no_detection
2487,train_angry_002488,angry,train,train/angry/Training_7865887.jpg,bf380f91472cbd2b06b621523c541d8cc4a8ec5fe930ed24b58c1be3b18f1fe9,train/angry/Training_76346159.jpg,e9886da1ff7e1ae3ed6553fdc00a8d1c873add38901a71df309173ffbe37d377,False,mediapipe_no_detection
2491,train_angry_002492,angry,train,train/angry/Training_78725795.jpg,199f367bd46a73e1ee75f9a831579cadb64281d383dbb31e67c47f489b2effaf,train/angry/Training_76506348.jpg,6b8c6392d94dfb93149aa24fa0f8fa0f0f99eca569d77f24c0617f9dd500b122,False,mediapipe_no_detection
2492,train_angry_002493,angry,train,train/angry/Training_78745676.jpg,0afef5b9bdd5d7dafbf071cd68745c5da6f9247b3f8e3ff493bb50805376ef47,train/angry/Training_76507946.jpg,d0e7668fd8766795d8bdc5ed51cfebdac0ebf059895eec7ca5fb08d28aefa2ec,False,mediapipe_no_detection
2503,train_angry_002504,angry,train,train/angry/Training_78937516.jpg,c064471201858c6fc4d15513906fbb67026d59a9d6461b5e48945c4472dbf1f6,train/angry/Training_76929600.jpg,18714aebfd62cad25a65a781f99f9d6c1067910de7fff71c994cb03ca662cda6,False,mediapipe_no_detection
2514,train_angry_002515,angry,train,train/angry/Training_79243182.jpg,fd91851202bfae632a4d519a2244afc6cd2b91097b525172e1a47f407ac56a5e,train/angry/Training_77203071.jpg,1d3b73822397318a0a34174b15fc2eb0cc6d99d4cbd3a36490c5add7d594a68d,False,mediapipe_no_detection
2525,train_angry_002526,angry,train,train/angry/Training_79672948.jpg,b7ffdfb31fa0d4270f00940cb12e45e68a4bb7600962cd4ffb7830b9ab996725,train/angry/Training_77494953.jpg,fb7e310f4cc0420a062fd1fb4b8e12aff824d539c416c7cdddf48c51ebd5792a,False,mediapipe_no_detection
2536,train_angry_002537,angry,train,train/angry/Training_79995340.jpg,d745d4c4988ee5c6bbf44da9f4eee6d9c3f78d4d57996a540951b3f76c7f60de,train/angry/Training_77747421.jpg,829cf48f6eeba1a41d6b29fcd20d222fedd55c6a55185feabf790b49da1cb07d,False,mediapipe_no_detection
2554,train_angry_002555,angry,train,train/angry/Training_8040228.jpg,630af5d558fb4167f4c7ab581b4a9f36262b791470c0363111e4703de7aa6484,train/angry/Training_78177565.jpg,5140af0b5737b91e7efebfe38881bfabda50f31fe1b58a4903d10b5685ec9656,False,mediapipe_no_detection
2555,train_angry_002556,angry,train,train/angry/Training_80419679.jpg,7fb5ba57d5a3caa9895e3862e18cec3c60f5aca9f8952463499ab47661d3c148,train/angry/Training_78179372.jpg,8444cb281b9505435b993371568e19f937311b82cd04c20c2172fee8bb62a26d,False,mediapipe_no_detection
2560,train_angry_002561,angry,train,train/angry/Training_80654603.jpg,4e79fd503489ac980b1b2c667e78265a673294169f43ec9cd736317634fb25ff,train/angry/Training_78464977.jpg,c3dc7b364c88d2d9f68543726d266c992c5a0c44f1f63ce5b5738f4d5af9469b,False,mediapipe_no_detection
2567,train_angry_002568,angry,train,train/angry/Training_80806504.jpg,a67fd6ee76e8dc7d0db14ab42aada06142e0eaf36b8c5907ac10df93be548804,train/angry/Training_78540321.jpg,7d95ea9b5675227952eaca2898cd12019f224ca9af14d757258a7ba7e9919b2c,False,mediapipe_no_detection
2573,train_angry_002574,angry,train,train/angry/Training_80976958.jpg,08a7efcd737321de9692cee03f1e29441c7d824f50ce82fd16a41687586fbfb7,train/angry/Training_78618686.jpg,39c6bbdfc0054c6f2ea6d5115b1e320a62e19b03b724694c331b28ebb1bd570f,False,mediapipe_no_detection
2579,train_angry_002580,angry,train,train/angry/Training_81181801.jpg,c9814ac90b4cce4e27c7a6ec8757cefea0db9719d1edc7cdff4874347a8deb22,train/angry/Training_78725795.jpg,199f367bd46a73e1ee75f9a831579cadb64281d383dbb31e67c47f489b2effaf,False,mediapipe_no_detection
2593,train_angry_002594,angry,train,train/angry/Training_81399691.jpg,ece71ff01520a2e3b7b23e6ddaa331f6659c9025d2f9f8d150d797da36ce99f9,train/angry/Training_79147691.jpg,4810263d984c55b9a42b90f023c52749624b48287f8451e9d002c14f7e7bd00f,False,mediapipe_no_detection
2603,train_angry_002604,angry,train,train/angry/Training_81569305.jpg,49eef539bf2533577f4bbfe414fea8e5f85aa00641d8fbe6018379e1e244ffe3,train/angry/Training_79342314.jpg,31976496d1c3071d3e68902154c90f2bc74d4bf643b9cf80e1ae3dfe7b5f23db,False,mediapipe_no_detection
2607,train_angry_002608,angry,train,train/angry/Training_81698292.jpg,759befe3170581c62b303bd6bded1b364a22e362608dc6cc509b6e8bdfd04f7d,train/angry/Training_7943977.jpg,daa3286ebe211c1db2740bc38d3a2d15387a82a30b7f304eb6e3f7ed5bf6182e,False,mediapipe_no_detection
2616,train_angry_002617,angry,train,train/angry/Training_81898650.jpg,03d93ea645a22a9457756ef9c12b558d040d60a9c713762fece187b706d13973,train/angry/Training_79978828.jpg,c2de92ee195992c5059809cdf5735f4564cde24ae811086634197c2bcfb569df,False,mediapipe_no_detection
2627,train_angry_002628,angry,train,train/angry/Training_82194789.jpg,6d184eb199e81f052041ad92300da0ca61844f34c7cf305aa0995e541c76869a,train/angry/Training_80158333.jpg,ac36162e8f06e10a1f7c7112247237d47f952f1b2f2f15fbea30d90a2b2ae94f,False,mediapipe_no_detection
2628,train_angry_002629,angry,train,train/angry/Training_82205822.jpg,e04b99372496d1ba3b54d4ed3e4ba34a6cce3bcd2042bcc28e7c80813f5a770b,train/angry/Training_80177911.jpg,894ea63281a484526fa1ce9712354f2d93e2170df47437e09471617e9b6271cc,False,mediapipe_no_detection
2630,train_angry_002631,angry,train,train/angry/Training_82261029.jpg,026790cdf3ce87045f5f227f3166818449492195dda2b0a366080abbb541ef4f,train/angry/Training_80209767.jpg,f0fead0c323f47463b67adccdf3b8278688ffc93ed219879ef10fda32b5434cc,False,mediapipe_no_detection
2641,train_angry_002642,angry,train,train/angry/Training_82592067.jpg,f2e2f82b3c78e5ce2277d4589127cf65ea4b91c25544766b86341a8060744317,train/angry/Training_80419679.jpg,7fb5ba57d5a3caa9895e3862e18cec3c60f5aca9f8952463499ab47661d3c148,False,mediapipe_no_detection
2658,train_angry_002659,angry,train,train/angry/Training_83260074.jpg,50e8efcb7f05d96d7f5eaf8d00abe95c848f8aa616eb37a1813d4f1295bbed3d,train/angry/Training_80936636.jpg,7ac0b89d9e1705bf724092a144048766e2f28d8b17eb0d1edbad91f32bb66917,False,mediapipe_no_detection
2672,train_angry_002673,angry,train,train/angry/Training_83667190.jpg,bf369b78cc1653dbd1d0a0bf473d52edac79a1aae901ce66a6ca5901f82344fd,train/angry/Training_81195994.jpg,f0085529158a1f33979ccf7eae5233ac8a151217475a7aee150b10b2d2832043,False,mediapipe_no_detection
2674,train_angry_002675,angry,train,train/angry/Training_83671996.jpg,462fd91e97fbd9d63ec22825239679a8f9af021d14f8b1199657a737c40540a0,train/angry/Training_81250985.jpg,c7500539b6f2191fea96572482aff3760cf1ad983a112070cd5c27476380857a,False,mediapipe_no_detection
2695,train_angry_002696,angry,train,train/angry/Training_84252954.jpg,5a284c044097511a3a9104fde167774a311cd1e9de6a6e66596255b80cd0a615,train/angry/Training_81603707.jpg,0b3a696e07c579a0c17a7db11696d289c17abb40517214df76fde0880e53fb62,False,mediapipe_no_detection
2697,train_angry_002698,angry,train,train/angry/Training_84260061.jpg,ccd92bfa0cdc6be00ff1ad7c571982f48af26913379026b9b9c4d5ad5cd0cb92,train/angry/Training_81671198.jpg,ce91b06a3e51e046dbe22111878498df367fc3509d0a4441fc94bf025458b80f,False,mediapipe_no_detection
2701,train_angry_002702,angry,train,train/angry/Training_84300017.jpg,751b8f2e2bbaf2671c9c5f09eb95cd47892bd738b5e69439b49b39b6225a9c4c,train/angry/Training_81784072.jpg,5d36e580f3cd49477d62983e3185a10d596b8ea8bde28638fffea06c2da271d5,False,mediapipe_no_detection
2709,train_angry_002710,angry,train,train/angry/Training_84471953.jpg,649fe9cec0f647c086d57bba83a5e859921920bcf2b2560b9453324d86c1e20a,train/angry/Training_81918581.jpg,b51219c80acf5653d6e3c77654eac0694a038d6d4b7c43c59d0633dc3b1322e3,False,mediapipe_no_detection
2714,train_angry_002715,angry,train,train/angry/Training_84701834.jpg,25ae3763d8893b46829d4ca68defce0aa9d8ac95b2fb24cf29273066243ddef2,train/angry/Training_82152293.jpg,b48b57cf7a34c758867d6bcf23d19d3c2ef51668135e64288ebf03e7e07fe49e,False,mediapipe_no_detection
2740,train_angry_002741,angry,train,train/angry/Training_85239582.jpg,4d1c80e9435d384662d6c4ff4ccc76ffbf17d52fa0f611c979ec2c566d4ccbe7,train/angry/Training_82787674.jpg,90c9813736dafb097c636f55aaaf6be686c47edc41a75926b6f8a8350f9192cc,False,mediapipe_no_detection
2747,train_angry_002748,angry,train,train/angry/Training_85498003.jpg,38f5a68a2ec6b08f0c38dd7667e767ab76909bcceee4857c934fc28454c88f75,train/angry/Training_83089343.jpg,fa0ee01a7b843497d5fd0128882c750e4f1a83c9bbee8d5dd9cd6395510f7e15,False,mediapipe_no_detection
2755,train_angry_002756,angry,train,train/angry/Training_85847931.jpg,7c3e6925b0445461a0dd048448cdc63418940549ba419df29dae656a6047bdfc,train/angry/Training_83402648.jpg,42d42d873771585f1bedf48364bd185af52edc8762619491c591cc6c762973bd,False,mediapipe_no_detection
2758,train_angry_002759,angry,train,train/angry/Training_85955324.jpg,3e568e6e7768d7d6452dbcd16ba03a343c7cc38ddda841b478d8b220818534ec,train/angry/Training_8343610.jpg,0d487c6e37ee9ed8ff04ac5d915d3169a4c1aafb85c8c0c5b4aaa4bdecbe18df,False,mediapipe_no_detection
2760,train_angry_002761,angry,train,train/angry/Training_85994368.jpg,eb18cb0e8c37345af898bf831588f9a35e422f26ed341445382b78cbc115b2b7,train/angry/Training_83505715.jpg,7ef636f74d37e942d629c0ac7f265e70f407323fbee765ca058b349e69285c48,False,mediapipe_no_detection
2765,train_angry_002766,angry,train,train/angry/Training_86151024.jpg,4e28a14fa76415dba6f5e55ce8965e8e414576d26c45f3f2cedced7111d78dad,train/angry/Training_83667190.jpg,bf369b78cc1653dbd1d0a0bf473d52edac79a1aae901ce66a6ca5901f82344fd,False,mediapipe_no_detection
2769,train_angry_002770,angry,train,train/angry/Training_86224020.jpg,46d4812a95e09eed60fd567a7d2de4287cff16aee9c3bf538893801d26f70a3b,train/angry/Training_83740479.jpg,8c3ea2293869f38840db9118ca65898ea85275a512aeadb13787c4655ffe16f0,False,mediapipe_no_detection
2778,train_angry_002779,angry,train,train/angry/Training_86435856.jpg,606cd94bf0c77dd4cb9043ff49cfa9599240e11948d165d46a32bb8b5ec59acb,train/angry/Training_83969857.jpg,d0b91f74fcb47083a8eb220d72d1e70820ac014e1cc32b9367206125983a90d9,False,mediapipe_no_detection
2780,train_angry_002781,angry,train,train/angry/Training_86484994.jpg,e6101d77c84f06982f657167db22c8c7ce465770044897e064d7ae578a2723f2,train/angry/Training_83990517.jpg,d33d47a2df4a00944642dad7f1429d8f6c6e096a9e09bd6f0bcf27881be31c64,False,mediapipe_no_detection
2829,train_angry_002830,angry,train,train/angry/Training_88091138.jpg,ff6e87f4b0f905f8c59c223eac4d970a7738324f42cb73adae2587223c403c0e,train/angry/Training_85188979.jpg,962ee01877ee35080ea8a1ae5fad1633b2402a9ed1d11c4e054d4180e6f115db,False,mediapipe_no_detection
2855,train_angry_002856,angry,train,train/angry/Training_88768152.jpg,f9edcd881d16a079fd3fb4870b69bb581abbca009f37fa162f5b6e6743541923,train/angry/Training_86079862.jpg,9b41739d4d1664c2556448eade9113dcdabd841e6fb5ae0e52a2beff54237535,False,mediapipe_no_detection
2856,train_angry_002857,angry,train,train/angry/Training_88769857.jpg,6225d3ab1ec4adc5f5da1d554155d391d6625e8c483ba53c21405a029f4885e9,train/angry/Training_86133370.jpg,8798a6ba9bde60a697318d5656a01ccf3bb2c28c0f80003d585b7150ad4e3527,False,mediapipe_no_detection
2876,train_angry_002877,angry,train,train/angry/Training_8931020.jpg,bb7815cf6b82b5cf88ccb93ed84715dd6feb522690a0e81fa5ef0baf4d246753,train/angry/Training_8655244.jpg,a56dc39c8554a4d9c99a2968218c9c85a9ab8cfacc9c31b8fcb73cd023dfdf11,False,mediapipe_no_detection
2904,train_angry_002905,angry,train,train/angry/Training_90091185.jpg,6fe4b040a6d51931f1551c2529654deb1e10ec403c9d6850eb605399393ef6c0,train/angry/Training_87492906.jpg,bcbb674307e0b69084fd4476ed8757d674bee82e368d62340eec9ffe536f1b92,False,mediapipe_no_detection
2905,train_angry_002906,angry,train,train/angry/Training_90101092.jpg,aab2c6a8555010e864a9fa677defed369ffcb744b26420e27e53b199c8e9367a,train/angry/Training_87538785.jpg,447e84e7238660b628bb346380f67508c8c211c16ee618f13536c03a259a67f8,False,mediapipe_no_detection
2906,train_angry_002907,angry,train,train/angry/Training_90108393.jpg,ed6ff176cf8b05d94dc1967866cdb05c597b42f86fbd8c09e4485bcdb97d4d34,train/angry/Training_87549586.jpg,e02eb0eb32811870b5f0f27d5bfa60e56d9bc0fc27044bcaca2811faaec82ef4,False,mediapipe_no_detection
2916,train_angry_002917,angry,train,train/angry/Training_90294393.jpg,36a64b817709f4ecd5e2e7e81e1a535d0fed303fb03c2030d80110de7e4dc734,train/angry/Training_87875595.jpg,496fc682e2c27c306c0fd0778a177a4043c7b57b3e02e30bd0973fc184b82dda,False,mediapipe_no_detection
2923,train_angry_002924,angry,train,train/angry/Training_90533671.jpg,27ef0ac0526bbf9d6e2ee3d6b7874998f0b19f3b8e346befc17f8f578b22c00d,train/angry/Training_88063272.jpg,90fd7a6d234e5b2b1682f57f33cf89b74a15e5b6c9137c34085b8fb4e298f6ac,False,mediapipe_no_detection
2933,train_angry_002934,angry,train,train/angry/Training_90836932.jpg,fb2e4855230de4e1be75eddbcf6d257c36026900b211b837e0ba7bd4e163524d,train/angry/Training_88260422.jpg,8672f42d90fd5a3499f65e92a5c38f1fbddd91461c329e99a025768058bab630,False,mediapipe_no_detection
2939,train_angry_002940,angry,train,train/angry/Training_91001054.jpg,e98d7c5b711a0cdc6e8ca8c131f166065278ed45b4a1c24a82f4ebdaec1093b9,train/angry/Training_88442165.jpg,ae652b2559e769cf96ac7d551d4e2b852769edd2d6b7b4bb1548afb4fe541f81,False,mediapipe_no_detection
2945,train_angry_002946,angry,train,train/angry/Training_91200387.jpg,077fde833ede4c37aa1eb5d3fd30a77ec31a08f9acabb2fa91286cecde4fd0a2,train/angry/Training_88657413.jpg,4cd49dcdc7ac7f6bc80228566a5689bcb38389b5f802f64d7d9eefba5e6affbc,False,mediapipe_no_detection
2956,train_angry_002957,angry,train,train/angry/Training_91582584.jpg,f4aa81fe18e11ee2dfb71458f8ee0b5bb6755d33d93ecce8ec2816836e486f32,train/angry/Training_8899662.jpg,c7126aa9275a94db54946974d88209d979e4ca9eb547b0c3fb3718bbbc4f9221,False,mediapipe_no_detection
2959,train_angry_002960,angry,train,train/angry/Training_91634726.jpg,b692d948dc9a0be853a2a2b81715607aa55ea9f91e4ebd1bd433932e6b25bd51,train/angry/Training_89053844.jpg,d226f925fdb022040b80e5ecfbc25974c3e15de506f57f904c11c1bfa498a6f2,False,mediapipe_no_detection
2969,train_angry_002970,angry,train,train/angry/Training_92079543.jpg,3e7eb5b45f21c6aeeb6d85ce82c22814f3fee7075885df2bc019215acabd5df1,train/angry/Training_89255724.jpg,63715a291d782dbda5c61ee11309d606bbe044b7c799da18c7b91b1ad9916df8,False,mediapipe_no_detection
2972,train_angry_002973,angry,train,train/angry/Training_92251238.jpg,1ae2f4f3fe92e2e102cd47e83d0d03142368fddfa1044c6686b8eb6e9e9f8436,train/angry/Training_89277870.jpg,560ff3e2f720428d2fc78df40cd124a3e869eeccd3554a775c11a1c84c9d9f81,False,mediapipe_no_detection
2974,train_angry_002975,angry,train,train/angry/Training_92313391.jpg,c24f59453173e772821fd3d17e627d562906f7fa20e3a1f20d294bdd00b5d63a,train/angry/Training_89317557.jpg,2ba9fb863776db5d4638570a00ca8afb3f43c466471330b26a815a41c1d077d8,False,mediapipe_no_detection
2994,train_angry_002995,angry,train,train/angry/Training_92923391.jpg,b8e3d149e67b0ce445ebc2f0ec13f41d76b0c01e415e1b101b5048b54328174a,train/angry/Training_89792198.jpg,fcb8678a3fe5511c5a21370d97545cd80e144b0aa8da01a451ba9d38c0e743bd,False,mediapipe_no_detection
2996,train_angry_002997,angry,train,train/angry/Training_92944171.jpg,e4a0a9f3a0019ed9d9d6f929b94381913e14477aeb2d914c783a1e99a536aeba,train/angry/Training_89804930.jpg,811b4ed768b10d63d5bf7b19249bf8f1d6184047e493f7d9fb195b0b7dcce830,False,mediapipe_no_detection
2997,train_angry_002998,angry,train,train/angry/Training_9294862.jpg,6c44f03fdc6b840fa21464dfd16e7f73c4b41f45e4d98d1f2b72f8a84287ae21,train/angry/Training_89860430.jpg,b6e0ee85f34a79f317ef21ac7070a9b3e9945c34dfe09c7d327c73fa0b9013b1,False,mediapipe_no_detection
3000,train_angry_003001,angry,train,train/angry/Training_93122651.jpg,f793c88441e5816f6fed94a03e318a36b2164d97e188d72bf72fbdb46f943dd3,train/angry/Training_90018744.jpg,72c9d2f153978a4b33c3ad482bc5f19e2d6efdcdb172923df0bbd3423f3e0370,False,mediapipe_no_detection
3023,train_angry_003024,angry,train,train/angry/Training_93769668.jpg,57a044d2a33d8ca4ed6a5f90d0172d16e12c1525f61d1b3a5733c9e2b98412f5,train/angry/Training_90628385.jpg,64c2c570d808edb43301e481d3a3f49938615911c95535b21c2abcc116928242,False,mediapipe_no_detection
3045,train_angry_003046,angry,train,train/angry/Training_94274064.jpg,fdd135981364fce21e58d381415e4050b15d489943a51650dd8d1e8ce7110260,train/angry/Training_91403171.jpg,f19357f44e095d3274f896b9aef4106192a19680e2c4722cf460322996e0b472,False,mediapipe_no_detection
3049,train_angry_003050,angry,train,train/angry/Training_94314538.jpg,fe04b13c2708db9be9714f29df596dfa7380804dafd76e42fab0ef2b59fc6453,train/angry/Training_91530441.jpg,99567b5974a57e4556e6512f421f984c2f2e21862b0b7f0ec1c1ecb181de79b8,False,mediapipe_no_detection
3061,train_angry_003062,angry,train,train/angry/Training_94465060.jpg,2658de455c54d30acccbee8d2fb1b75a5d9025dcc6ff3fe0e35fb6ec8c338b22,train/angry/Training_91869488.jpg,29191af841f2ee3616e8c05c5740cf3ede0cdbaa1dec719ea9e328aeb3e12fa2,False,mediapipe_no_detection
3063,train_angry_003064,angry,train,train/angry/Training_94519142.jpg,138c5b9e0496baa604253d8ce14ba4aa02f8829d83a18f022731c3417704e55c,train/angry/Training_91970839.jpg,6661f3d6839bbdc6af0bc2d758aedc9c5ba38ee0c671ca2732f182d1a360a589,False,mediapipe_no_detection
3100,train_angry_003101,angry,train,train/angry/Training_95517251.jpg,21500906417257f52976f6d2168766432c99d737ca0ff4bed6371b9580b3a193,train/angry/Training_93032281.jpg,272ec1ae1e72d656c25e9d95263fd83f79bfec7a6aef1ec716ca2a223ae76001,False,mediapipe_no_detection
3111,train_angry_003112,angry,train,train/angry/Training_95669204.jpg,477a35836a1044a326fe8f32d582e93be75ec96727db8a97bee192a2e70290a9,train/angry/Training_93307158.jpg,7fe30823442838e3b36bc7e3fac55c9c3883712ba22e1fdac04a9d83d60e80f3,False,mediapipe_no_detection
3142,train_angry_003143,angry,train,train/angry/Training_96431138.jpg,6b6d19211f68790dd575e4cd8ec1ef9f648a98310b4527deaf436d36a6fdf809,train/angry/Training_94109523.jpg,94c94dcec2063a6855d4ec0056b95f66759d1e85bc42344fe1ed960cdd361a68,False,mediapipe_no_detection
3144,train_angry_003145,angry,train,train/angry/Training_96466505.jpg,e463de2ea877758f1ca756a36b61b64f97528a432be77ed293565811edb59d2e,train/angry/Training_94128289.jpg,2220ad445653017409cc7a86956e9b916dc8575dbd879a24999c512bf584fd66,False,mediapipe_no_detection
3154,train_angry_003155,angry,train,train/angry/Training_96675871.jpg,95d660d59a046cd6f32190767fee33005867866cafc3d88e92458b12a3afa6df,train/angry/Training_94358890.jpg,e158839542eb20c87093ef0dfcdd01fa8554d4e19e701c2ba39e6c74caa77d3f,False,mediapipe_no_detection
3156,train_angry_003157,angry,train,train/angry/Training_96740105.jpg,d1170173f8bb2b62874e02018bbac68e2ec9a5603769f32298bd73ff7301e6a6,train/angry/Training_9436506.jpg,1b6fc70f88cb579bd17130414ffef11b79d894a8b87d7e6d56e6a5cd0ac59979,False,mediapipe_no_detection
3162,train_angry_003163,angry,train,train/angry/Training_96878950.jpg,6eab59e982b0af81f4d67f89f78dfb57ef7a438e68e702c654e25fba77f82a44,train/angry/Training_94464559.jpg,8e173e354c5784efa413fbb0ad802f2fcc41db1f926b256aca323a4756f66250,False,mediapipe_no_detection
3165,train_angry_003166,angry,train,train/angry/Training_96970361.jpg,5eda65086103aec89ff4e3653ae5a9094a1bf45aba72dac421aef152100297f6,train/angry/Training_94481177.jpg,437c7b0ebc3bee96643ba9bbcd8beb286d40f880eb18f3990f9b1e19e7d16826,False,mediapipe_no_detection
3172,train_angry_003173,angry,train,train/angry/Training_97439387.jpg,c3767b52a681754f0f3f789fb416b35725bba6cd46f8eced9acc123a547fff42,train/angry/Training_94803240.jpg,5f69ed92ff529099e1c8b45c72c64a3a77d816d247024e0dd77f2cd5833a79bc,False,mediapipe_no_detection
3175,train_angry_003176,angry,train,train/angry/Training_97531769.jpg,04d57c2f626e3e6c8a1a42bc3e1dd546ae2ecdd8fc392dbb06fa60bec1c3ea12,train/angry/Training_94821976.jpg,d576111d3ec9402c605b16ff63abcfbc4d3dfee220407ddd4a93553b95e5b3f3,False,mediapipe_no_detection
3206,train_angry_003207,angry,train,train/angry/Training_98078049.jpg,e508f78aeb6524d4f48461e191b44259de7d96b7db75a9ef40e82027f90a3bec,train/angry/Training_95508388.jpg,0979c61331d8c029018da333193d6aa329335d044918798270d921105dbb8ef6,False,mediapipe_no_detection
3208,train_angry_003209,angry,train,train/angry/Training_98180472.jpg,ff1d5a0d96750d945db34dbe65af29e5a734ddf2bde20e97e1180ab590a212cf,train/angry/Training_95525008.jpg,e8e7e9c8e050ce6dc3062c87a48cf5062fc1328f689de5ba6f14a71e8215b778,False,mediapipe_no_detection
3215,train_angry_003216,angry,train,train/angry/Training_98377910.jpg,d7e16a01a507feed219d3874b010c493584016ffcdaecc5fd084d961d67cbfff,train/angry/Training_95660662.jpg,538851c463405fccfce96f099d0b13702de5a566cd85a9d73561b4cec87c41e3,False,mediapipe_no_detection
3225,train_angry_003226,angry,train,train/angry/Training_98561625.jpg,6de794ebfb5876f169e9a7f900f25741530c182e61df8b60bb96776f2afb08a2,train/angry/Training_95918957.jpg,1eb502a36d6e77c9baa5c42559efa8a0b38ad8523c1779da12d2077961bd38b7,False,mediapipe_no_detection
3227,train_angry_003228,angry,train,train/angry/Training_98567220.jpg,1d84171b99796409a6a30772a0ef1242797bb63ff9932af11a0c5785445b2956,train/angry/Training_95994635.jpg,5c060af48902384f985b1f74abd22270a0fe1720b73be3424e9b681e19667b35,False,mediapipe_no_detection
3239,train_angry_003240,angry,train,train/angry/Training_98982633.jpg,d9e46499dbf5658c2c60ea389c8022937f4c1632a6e5ce6aa800187ca61183ad,train/angry/Training_96216570.jpg,50981d72c6f88992869b05165aa1b102d48ff8a9e4155f42bd7407d8cd5c0597,False,mediapipe_no_detection
3243,train_angry_003244,angry,train,train/angry/Training_99046911.jpg,8d4b28685501bcf3425856b9b42ad597869719532cba04563aed538e9990a794,train/angry/Training_9629592.jpg,c7cf0d1f9e0195bdbcd44d0d5d5366fe013ea9d7dc39e5e9e55603d743873bc2,False,mediapipe_no_detection
3251,train_angry_003252,angry,train,train/angry/Training_99204044.jpg,0308d4bd850e7b0c2bde2cc042de6b14f42a888bb2c60d54fe3d3b6053060823,train/angry/Training_96450416.jpg,bd4a0d4cc482e8929ede70c91d77b2d4b37653d9c8cc1f67cd8b990846ad35d7,False,mediapipe_no_detection
3252,train_angry_003253,angry,train,train/angry/Training_992349.jpg,0772a3d335a1d5973d695bb1ef836eee4c7ba2c1c80aa154b24dc488b27f2ea2,train/angry/Training_96466505.jpg,e463de2ea877758f1ca756a36b61b64f97528a432be77ed293565811edb59d2e,False,mediapipe_no_detection
3271,train_angry_003272,angry,train,train/angry/Training_99744727.jpg,30ca1627477a526a7dc76d9cf0e353f9e9db0ce6dd966e2abfc3ac4e8734c2bc,train/angry/Training_96772745.jpg,7d95ea9b5675227952eaca2898cd12019f224ca9af14d757258a7ba7e9919b2c,False,mediapipe_no_detection
3399,train_disgust_000004,disgust,train,train/disgust/Training_11652168.jpg,ba12e2617d2ea452c5cc9ce8076294c88e2753bfbeb8eaeeb4e7d5de1f3ef478,train/disgust/Training_11050021.jpg,7a540c04c97b6a4cbe9c802878d9a666aa939a2f734103e2eb4e343331635d57,False,mediapipe_no_detection
3400,train_disgust_000005,disgust,train,train/disgust/Training_11753994.jpg,afb35c77763c89dc6680d065992e7a89650564237807506de49ab0ecfa97acd9,train/disgust/Training_11652168.jpg,ba12e2617d2ea452c5cc9ce8076294c88e2753bfbeb8eaeeb4e7d5de1f3ef478,False,mediapipe_no_detection
3401,train_disgust_000006,disgust,train,train/disgust/Training_11871637.jpg,976cb0c537e7bcc424134abb7035d503dd8ad4f0ee18d0672f22b727b712a498,train/disgust/Training_11660541.jpg,4b9fdbb3f7c1856c595c4eac373e1bc55817d9da73290bcf887e626fc0cce2ec,False,mediapipe_no_detection
3406,train_disgust_000011,disgust,train,train/disgust/Training_13740441.jpg,c4653e36d013e4568f081b90abd632d700a50fea83d343fb9149506ed4bad76d,train/disgust/Training_12525818.jpg,7735035c0c8a8bac1f21d39c63a87b3770521c8c6a3dca4757742b7f6e11d923,False,mediapipe_no_detection
3413,train_disgust_000018,disgust,train,train/disgust/Training_15293498.jpg,7089fd6ebe4de374e32a7e7e792a7cb2af9154b911635ef0d8b290119cff4616,train/disgust/Training_14049546.jpg,fe0732aa8c457060678bb87a9551c3dc8aeb565c4c45ece7a5f72ccd4378a153,False,mediapipe_no_detection
3415,train_disgust_000020,disgust,train,train/disgust/Training_16203955.jpg,046f5f4fc07cc6c0b65025b93e2e420014ae3c0111530435ec0c10c9399824cf,train/disgust/Training_14124662.jpg,0242799fea6a1e2d0de38d85d1afb3c6bf66dd8127fefe2bf83eb79e0f83ab98,False,mediapipe_no_detection
3416,train_disgust_000021,disgust,train,train/disgust/Training_16497482.jpg,4fa72079b41e8b25067446fad873f0075fc231ccdd1e945811e499d4159e5ab4,train/disgust/Training_14528146.jpg,bd0e0a23c291ed3c59c7c5a38d52c57fe99facf195fb044ab9efcc5b1624932c,False,mediapipe_no_detection
3427,train_disgust_000032,disgust,train,train/disgust/Training_2036746.jpg,887f574670c1a6c705699867d7ac63ccf7fc5bb477a45a61760894fbc3fb39aa,train/disgust/Training_17705855.jpg,81eab750df54330601b5481f83c94fcd865a8ac15d02bd58cf80efb41ea4e989,False,mediapipe_no_detection
3429,train_disgust_000034,disgust,train,train/disgust/Training_21653452.jpg,f50d9398216c2dce1122f33ca28750252253457bd08ff4a583cb18ff108008f4,train/disgust/Training_18584683.jpg,91491438220aa7dc7dbc003ef35b82785ff882b94c5c8e4ea5d5fb9c5ed8719f,False,mediapipe_no_detection
3444,train_disgust_000049,disgust,train,train/disgust/Training_27046033.jpg,49222bb1af789dc7a02a3ac7c7076403e1f17c1e1249ec2d5a9e6e4c895bea5b,train/disgust/Training_2408820.jpg,0e2160c6bf5fdccf8355b51c6c441af21041c78316d57619e095dda9efcf078f,False,mediapipe_no_detection
3445,train_disgust_000050,disgust,train,train/disgust/Training_27222615.jpg,f9034df8e464332b02a3a9998a9d88e75d1927b3e84e027c56272ca2bf918e78,train/disgust/Training_24134865.jpg,5f0db6be8361e276211507c06a68e79aed5b570fb1920642aa0622202ccf30c9,False,mediapipe_no_detection
3455,train_disgust_000060,disgust,train,train/disgust/Training_30098191.jpg,9b653323e84792645f2f82a8d3d2901554dfa54658adfc0ab8d1b5fc9394a615,train/disgust/Training_26971398.jpg,5239afbf748dba8052263104fbc2666dcd9775b0c9ce627037ccc262b315f470,False,mediapipe_no_detection
3461,train_disgust_000066,disgust,train,train/disgust/Training_31710630.jpg,f124df35b84a5702a2b28abf227c4e067015e401893f233e6fd334d3712097fb,train/disgust/Training_27695321.jpg,cf7267682d3c8265f8447838de78116f6cd70dfec1b953606b10a7769db52185,False,mediapipe_no_detection
3491,train_disgust_000096,disgust,train,train/disgust/Training_40778169.jpg,d71073138fd9260f701cf4055abb745114fe0c9181bdf66f9c3a6faeef426b0c,train/disgust/Training_3566649.jpg,0e6424b93dfd78ec399688cce08d813fec20b0cb14ae36b8b99030b258adc19c,False,mediapipe_no_detection
3499,train_disgust_000104,disgust,train,train/disgust/Training_43083070.jpg,23c53b036456a877de2d788cdfaa06509ed9d36d0459cf9b9d4c557da17837a4,train/disgust/Training_37638277.jpg,1f946ea7c545aa3ecdaa1e290e34de766b285caa0166a2fb45161e5a89e8a241,False,mediapipe_no_detection
3508,train_disgust_000113,disgust,train,train/disgust/Training_44993228.jpg,189f19c82715b10865fde9fad1493715a269bc1f0debd965fdac4c4e2ecb8284,train/disgust/Training_39701184.jpg,f461528ee48c5c66ecda6271f44d2b1dabc03ab60269b007e40fad77c2d2b960,False,mediapipe_no_detection
3516,train_disgust_000121,disgust,train,train/disgust/Training_48784394.jpg,78e267c8af0f12045f3b5e25017c2b0782d0a60135169f8c3f98127f6a3aebb8,train/disgust/Training_41474720.jpg,36aabb1c3136a653fd5e4acec8ad93b113b0a5af06b32a6a3c26a9d39eeb2c21,False,mediapipe_no_detection
3519,train_disgust_000124,disgust,train,train/disgust/Training_49735203.jpg,7794ef43a0b2aff717e216dc9030792d8f012d7d2f98e7b62bf53f339d9192b6,train/disgust/Training_42237066.jpg,18dbeba931b50f6ec7e527ac312ae274cf49b92c07021d6de0660d39376ea600,False,mediapipe_no_detection
3523,train_disgust_000128,disgust,train,train/disgust/Training_51707682.jpg,55c62da9d48ff8141187178ccf59f9061f4e1298ca72bc75147312c2d6e32055,train/disgust/Training_43960078.jpg,99edf9055feb0e078479f211ecd6388a00b7b47cf70a624dd19116b581c78fa3,False,mediapipe_no_detection
3534,train_disgust_000139,disgust,train,train/disgust/Training_53679453.jpg,63d5346fa9391c321311344a0676791dade0b391451d6e9e76e5d4d0c97a87e8,train/disgust/Training_47680332.jpg,7abbfb789f206c235fd06cd7b1d7be4649cfc0a9ca93f76cd347f0d19407eb0f,False,mediapipe_no_detection
3538,train_disgust_000143,disgust,train,train/disgust/Training_5459858.jpg,9d0338b208103b826d8e606091c3a2afee17b9da9c69d4b155f256fce9edee9e,train/disgust/Training_48972929.jpg,1c121c47fc4dfa660381a4af440ebafda40e745ac8ddf06bcde9bd10d75bc77a,False,mediapipe_no_detection
3541,train_disgust_000146,disgust,train,train/disgust/Training_54996784.jpg,2cb28817d41a47c050d2a1d1e30027b3e741ffe04204ddb105012be0287c7d91,train/disgust/Training_49562208.jpg,f576fff1bd2decc2d84ae47b4558ec057e6e1fe43129a59c8b24c3781273b1df,False,mediapipe_no_detection
3542,train_disgust_000147,disgust,train,train/disgust/Training_55244421.jpg,4518ed332a81c6bad1039069e08591d4493514d4227e15d3a8aed664308c5b14,train/disgust/Training_49735203.jpg,7794ef43a0b2aff717e216dc9030792d8f012d7d2f98e7b62bf53f339d9192b6,False,mediapipe_no_detection
3553,train_disgust_000158,disgust,train,train/disgust/Training_57993537.jpg,ae14d95e7c3e2c8b4cf73fa3d604ab38985b66a9f232803ce3ba1907f4fe2014,train/disgust/Training_52852499.jpg,5422e5d6b9b556eee337280fd40bb8067ffe8d67595449403c692ddd6879509d,False,mediapipe_no_detection
3555,train_disgust_000160,disgust,train,train/disgust/Training_59111726.jpg,77bf9597aa978ce0c396d56c58a169eb78fa0166b2a54d74628a496ad50b1547,train/disgust/Training_5387344.jpg,493c166be579d3bf68523a0cc1068ead411ff978561a7bf16a514b37f0b79d04,False,mediapipe_no_detection
3557,train_disgust_000162,disgust,train,train/disgust/Training_59222915.jpg,0f084d3a18652d931606d79a8b86a27770119f9b3417fedeacb824a3cf8037cc,train/disgust/Training_53960771.jpg,5f2cb571339100c625ea9239c198a869c7caab9413bbbe213b0a30f8fed11ac8,False,mediapipe_no_detection
3559,train_disgust_000164,disgust,train,train/disgust/Training_59432375.jpg,6d90de4b59d68ee56b903ae6ceed8fbf16988e7d0bbaa25e417b702ecd6d8d80,train/disgust/Training_5459858.jpg,9d0338b208103b826d8e606091c3a2afee17b9da9c69d4b155f256fce9edee9e,False,mediapipe_no_detection
3565,train_disgust_000170,disgust,train,train/disgust/Training_61291772.jpg,ff5d503caabd02caec530a2eb7e23b4ce7eeb84760c7760a5b82c31969eb437e,train/disgust/Training_55410082.jpg,5f4a78cedd223bee438d5afb2020967141247568e6070cf0f8a2fd2c431868cd,False,mediapipe_no_detection
3569,train_disgust_000174,disgust,train,train/disgust/Training_62109339.jpg,589a3c53833630eccdb7334327960b3ca62b1a2f41bcd86dfe5635e1efe575af,train/disgust/Training_55875804.jpg,885ed31c4c0a000a6be11d53494a830d7b73b40de2def4e233c89524f76cd7a5,False,mediapipe_no_detection
3574,train_disgust_000179,disgust,train,train/disgust/Training_62643990.jpg,10b29f65010dd9ffe05a36c9fb1b4679ed51b877d36329b8815b99121185af36,train/disgust/Training_57040428.jpg,98be42c07138cae0e23300b63e0422597abfd78dda200e43e5e49f1fd5d0d4dd,False,mediapipe_no_detection
3582,train_disgust_000187,disgust,train,train/disgust/Training_65668228.jpg,935cce3d7292fc1673fb77afb0599b2d60e67da8227b0e29bfc2b8fd02e73213,train/disgust/Training_59222915.jpg,0f084d3a18652d931606d79a8b86a27770119f9b3417fedeacb824a3cf8037cc,False,mediapipe_no_detection
3587,train_disgust_000192,disgust,train,train/disgust/Training_66604381.jpg,4e70a7fec70338885717d7b5fdeb0266829a10df7b04ba256d126891cc598cef,train/disgust/Training_60245347.jpg,8656bedb67d5c347218f3bcd32661caa3f5316aa866bcabb85ff304e8ef5eca1,False,mediapipe_no_detection
3600,train_disgust_000205,disgust,train,train/disgust/Training_70344662.jpg,dbeab77a95f78bfc0837a0b276392bfd68b9510a0c480852761af07869cdb4b9,train/disgust/Training_62617017.jpg,17ebb57f8d767a69bd8ae90cc85f9084bdda9e1a49393eb98a364675b51a4e91,False,mediapipe_no_detection
3602,train_disgust_000207,disgust,train,train/disgust/Training_70739680.jpg,01bb97425ab12f391aad1d56e873d1fafc2584700b5085bf060cd191ad338e8b,train/disgust/Training_62886279.jpg,0242799fea6a1e2d0de38d85d1afb3c6bf66dd8127fefe2bf83eb79e0f83ab98,False,mediapipe_no_detection
3605,train_disgust_000210,disgust,train,train/disgust/Training_71591976.jpg,6cf42593f8185b22b3cad6a6d7840b69ef15b3c9d3b2ac0787539284d57732e3,train/disgust/Training_63147438.jpg,478dc74f277f05d6ca4153b283777ed0b37d237d04b0e7084eb666828968c59f,False,mediapipe_no_detection
3606,train_disgust_000211,disgust,train,train/disgust/Training_71679475.jpg,f61ccb29a7aaec871ce3cd9f597fb844470b69150be3b9fe5e9435fffd8775e7,train/disgust/Training_63156802.jpg,af87e4b15d035f7971aed9a3073da7d2bb84722004a37af73359aeebc9e2cd69,False,mediapipe_no_detection
3609,train_disgust_000214,disgust,train,train/disgust/Training_73744534.jpg,5a585fb4c83beebf43fc8f6895f7f1dc291641790960bca29124fa2bf23a01b5,train/disgust/Training_63881263.jpg,4b9fdbb3f7c1856c595c4eac373e1bc55817d9da73290bcf887e626fc0cce2ec,False,mediapipe_no_detection
3611,train_disgust_000216,disgust,train,train/disgust/Training_73980945.jpg,4b51d26f2733be212da6dc56faff868d7363fc98abf91c895ec480ff4007f41e,train/disgust/Training_64080976.jpg,9728299c0eb79305114628b399454cf24dcdf662db7ba4ab2181316c8cbc856e,False,mediapipe_no_detection
3613,train_disgust_000218,disgust,train,train/disgust/Training_74423618.jpg,692c916efc4c415dec7235118670e3157a03db16e76cd4379b0606226c863ff1,train/disgust/Training_65372676.jpg,e43ae5b1e90c8de774408c614ba54219593c30bb1dd3f60f11c29a9743253701,False,mediapipe_no_detection
3630,train_disgust_000235,disgust,train,train/disgust/Training_77723520.jpg,baa8177daa6bc59e4c686df1fe39602227e0c6cf830ed3b4be599781497f51bb,train/disgust/Training_69604773.jpg,c38e75e0a6000aff5c526aed11e6a06b5debd692299d60107d5fb1ca13015855,False,mediapipe_no_detection
3631,train_disgust_000236,disgust,train,train/disgust/Training_77733806.jpg,73011284915e4e1811a66555e247937f2f5b846930d3fd39a70724c79f8c51a7,train/disgust/Training_69984239.jpg,0c9906104b0914f496881ec2d25e81331f37afeed22fccb12bf55bbbf9cea470,False,mediapipe_no_detection
3633,train_disgust_000238,disgust,train,train/disgust/Training_78330058.jpg,c823ba47a75245d3b940e44901630558310701aef5aa493f79f1c85199886778,train/disgust/Training_70344662.jpg,dbeab77a95f78bfc0837a0b276392bfd68b9510a0c480852761af07869cdb4b9,False,mediapipe_no_detection
3637,train_disgust_000242,disgust,train,train/disgust/Training_79212194.jpg,21c3512c3d9597b3512afa8cdcc2e325951a52e4a26457a57a3c875953e97a4b,train/disgust/Training_71184114.jpg,7918709f004ad835b83ae99567c7e6ce45bda5ee21a90f267ded2826a3a25d93,False,mediapipe_no_detection
3652,train_disgust_000257,disgust,train,train/disgust/Training_82025016.jpg,44cacc79aec3ffc8ca58580163076a6ffb7930aa30dd57108335cdfc930057b2,train/disgust/Training_75391172.jpg,0242799fea6a1e2d0de38d85d1afb3c6bf66dd8127fefe2bf83eb79e0f83ab98,False,mediapipe_no_detection
3659,train_disgust_000264,disgust,train,train/disgust/Training_82817431.jpg,108131613e81f8d3d46cd479978ea8f1115896b135b2ba8a31c129ab3f8886e4,train/disgust/Training_76503162.jpg,a26d8410659551254812944a06ea6d4c4adee383a91bc588b2e41182ee118d71,False,mediapipe_no_detection
3668,train_disgust_000273,disgust,train,train/disgust/Training_8514439.jpg,f76b0c7ba16d0feed3f7fa9968214652d7d4cc86ca275d1acf03bf96338c4050,train/disgust/Training_78245126.jpg,4e2363f3892ea797b93a3a63089f82287e25fbd9a744fd07cf29a255bbf46c1f,False,mediapipe_no_detection
3669,train_disgust_000274,disgust,train,train/disgust/Training_85270889.jpg,0e99f5d33399f1d8834f9436b0b6f0e7e1397376295078c8bd2452af540383b7,train/disgust/Training_78330058.jpg,c823ba47a75245d3b940e44901630558310701aef5aa493f79f1c85199886778,False,mediapipe_no_detection
3670,train_disgust_000275,disgust,train,train/disgust/Training_85690881.jpg,2f68eb03e12469877caa4c4e12b1826f352bb1028367bd1b40556fb3f72a5267,train/disgust/Training_78735276.jpg,9d4379aaa92291332ef42298b6cb90f9aa9e4a3c9f213b2719a674096c203e25,False,mediapipe_no_detection
3675,train_disgust_000280,disgust,train,train/disgust/Training_87756852.jpg,0f9a693f7f6f8387234be59b9975bc26b33f63caa106fc9b0387a0feca4853cf,train/disgust/Training_79550917.jpg,f739bb026e41444f3b2095178886e8a51e3b3c7f274fd469cb32b0ae81fe3e67,False,mediapipe_no_detection
3682,train_disgust_000287,disgust,train,train/disgust/Training_89374221.jpg,25d2de661a2dd4c4a65a76da7e0862588e464aba59bb4ef6001ed3343f02fcff,train/disgust/Training_80671795.jpg,55dbff9769e3b520c45855d07cd6c1284d9a5a68cc24b19f93329fcfffb150d7,False,mediapipe_no_detection
3687,train_disgust_000292,disgust,train,train/disgust/Training_91179471.jpg,2764725c8e6a2544bca7275a88162c2b59f821f268cdefccb667c3a8925e9584,train/disgust/Training_81867140.jpg,99edf9055feb0e078479f211ecd6388a00b7b47cf70a624dd19116b581c78fa3,False,mediapipe_no_detection
3690,train_disgust_000295,disgust,train,train/disgust/Training_92118201.jpg,98aa54be0f42e1e889d46b58528dbe817d9bae021c0dcc0602833e33eafa410c,train/disgust/Training_82286772.jpg,69c60c26f23952812d5a38d28548b2289d13b2ea68ac5fd80b3d69ab8e771da1,False,mediapipe_no_detection
3695,train_disgust_000300,disgust,train,train/disgust/Training_93689671.jpg,703476be95c9b082f62ef60396cef76d12d94a6e16cf53353c97503336579fac,train/disgust/Training_84161715.jpg,fc37b6f6f09414ab10f95fa72bbfd621f8e18a5453aa06d3795e100f04caa683,False,mediapipe_no_detection
3696,train_disgust_000301,disgust,train,train/disgust/Training_93703215.jpg,8e35bf4e2c84c6d9044be81cef6e5ad354dabf261f65fa5b54d5b459c555cf4a,train/disgust/Training_84402141.jpg,8d4888bd51b42693c3eb8c9511b96822e414ce5828d6917ebd5eaae9c09a09a3,False,mediapipe_no_detection
3698,train_disgust_000303,disgust,train,train/disgust/Training_94080399.jpg,a8c6ba6b229814caac9b9bbcdde2d4259a57919e4ca5b4be23756384fb8889ba,train/disgust/Training_84557608.jpg,abc697dced0365eb6a9778bb7cdc96bdd96a6d9dacdc69d24c075b428a8a7674,False,mediapipe_no_detection
3701,train_disgust_000306,disgust,train,train/disgust/Training_94788538.jpg,e90e3b7a6483d2c3ec39fec98df9d218fb9f6e5088e291ddb501b6d535ac9e35,train/disgust/Training_84918555.jpg,be5babb965c307cb3bff162b0606c887871c17f98fc648c5a3745ccc813a745a,False,mediapipe_no_detection
3708,train_disgust_000313,disgust,train,train/disgust/Training_96356478.jpg,976cb0c537e7bcc424134abb7035d503dd8ad4f0ee18d0672f22b727b712a498,train/disgust/Training_85767348.jpg,3c80cb56bf4aa2e032680586a0a70944decef72b57ad43ce21013a4ae3cfdcc3,False,mediapipe_no_detection
3718,train_disgust_000323,disgust,train,train/disgust/Training_98684716.jpg,c645829f4cd5a7765c70ac326408c46966556be9216497aa6c5095bb7d6bf132,train/disgust/Training_88435647.jpg,94e7d91fc631a98696b5d69dc9cfb6a2f931c34634b7556196c3ea4e34f0fd25,False,mediapipe_no_detection
3722,train_disgust_000327,disgust,train,train/disgust/Training_99747227.jpg,e3416e489dd32306ba78c2d790f161343f619e045220abb5dce8f375c1277fc7,train/disgust/Training_89374221.jpg,25d2de661a2dd4c4a65a76da7e0862588e464aba59bb4ef6001ed3343f02fcff,False,mediapipe_no_detection
3772,train_fear_000006,fear,train,train/fear/Training_10133194.jpg,dc9977904afc9ff6ff176ffd80bf1d8c2c15be530deb46edbcc96ed7307ff677,train/fear/Training_10133194.jpg,dc9977904afc9ff6ff176ffd80bf1d8c2c15be530deb46edbcc96ed7307ff677,False,mediapipe_no_detection
3773,train_fear_000007,fear,train,train/fear/Training_1018372.jpg,685d544f569f34fbf727ee8a36465990785c645d8351c616ab94b28c30209a12,train/fear/Training_1018372.jpg,685d544f569f34fbf727ee8a36465990785c645d8351c616ab94b28c30209a12,False,mediapipe_no_detection
3812,train_fear_000046,fear,train,train/fear/Training_11385554.jpg,326755c87bda3020db1631a58819257f6f634b4df6328ef2f8e4a4197bd12514,train/fear/Training_11302277.jpg,a991d9da5bab87d55a59ed79f329d81429a57ff2d480682d79c146c639e7d946,False,mediapipe_no_detection
3815,train_fear_000049,fear,train,train/fear/Training_11422931.jpg,08c953405cae61345c1d4bf334837c6067bd35177bdc3e088146a4f1401b9771,train/fear/Training_11385554.jpg,326755c87bda3020db1631a58819257f6f634b4df6328ef2f8e4a4197bd12514,False,mediapipe_no_detection
3817,train_fear_000051,fear,train,train/fear/Training_11442660.jpg,49caf5df32078c8ad2d9ba3c91a81a67ac4639cff100a280a3fa4507703f6e73,train/fear/Training_11408241.jpg,0529b3078e58572063730a8a9da9a8bd139b2e7ecdc1a1b05be7dc5280e41056,False,mediapipe_no_detection
3847,train_fear_000081,fear,train,train/fear/Training_12483821.jpg,9822432681f3304c9b654099382184e3417d60fd3a0d4e7349579f2709e709c4,train/fear/Training_1243339.jpg,d41c27a4330a98be7e27961664561134edeb9ce84ef341f8533a08bb61943d56,False,mediapipe_no_detection
3866,train_fear_000100,fear,train,train/fear/Training_13123975.jpg,b635fa31e7681de442f32f5fdd3323075942b6efa26d18b31f711a4ad8243800,train/fear/Training_12978649.jpg,4ad41f280b76e67819c7d343bf0899966a3838c707ea6e883bd95d8fba612900,False,mediapipe_no_detection
3875,train_fear_000109,fear,train,train/fear/Training_1339266.jpg,b6b844d813d5973587f14263dd090bb91a6712e190fcf7e70c4164094cc18275,train/fear/Training_13297978.jpg,6a7a9c3025d37f9b08e6bb5bb2bb039659557ef2fbca7cc20ccf40fb4fb626b2,False,mediapipe_no_detection
3879,train_fear_000113,fear,train,train/fear/Training_13518018.jpg,1eaaaa4913c1bbaab21b332e51eb18229949d93f445b96fe2f87d22b765e9a11,train/fear/Training_13446074.jpg,372320ed72f8e3df56edc2f7e732e888da5159d3a000900edad4287efe57cb85,False,mediapipe_no_detection
3880,train_fear_000114,fear,train,train/fear/Training_13529586.jpg,23b7eaf22e60cf4ee0b120d6a51a1fd2b3346e722a9a8f5c032fa8aa915a0432,train/fear/Training_13472417.jpg,dda33b83b6816512da927fd4b23ce5d1dfaa0090464cf25a9ab5d71e6e9456b8,False,mediapipe_no_detection
3882,train_fear_000116,fear,train,train/fear/Training_13604442.jpg,ef48b76aa54b43c9dc9fd1cf031946a098f2942b1e32ed631ceb74acf792eada,train/fear/Training_135069.jpg,70d6388895abaec9261d7a03ca4a502ae6931fe797376474e078088969f6eb3c,False,mediapipe_no_detection
3891,train_fear_000125,fear,train,train/fear/Training_136869.jpg,dc101f70afdbc310d753b572fda32dfd415f10d127ffc807a06d339fcd886a18,train/fear/Training_13668335.jpg,13073ec8c240b351fe14176d3a1ba3282cec8ad50e1c8f7fcdcf93523c616e06,False,mediapipe_no_detection
3915,train_fear_000149,fear,train,train/fear/Training_14331516.jpg,4779a0b400b41c6a2a47aeb598bcc3867014d4d38c59d7e7e1d45f3b22999d9a,train/fear/Training_14146076.jpg,3f2a8c04c869236d5ac7b7614cfb402cb20ca1496b53dbc7060b1a289c1c1a52,False,mediapipe_no_detection
3920,train_fear_000154,fear,train,train/fear/Training_14457477.jpg,e33579243c5d31f46d571874834aa92c1d827b2bd4d42bfc95b6507b250e9881,train/fear/Training_14200571.jpg,d4f6982609ce105f6f7087ad434a138cc45b9df05a2c835ac6a722ff7a819e6c,False,mediapipe_no_detection
3961,train_fear_000195,fear,train,train/fear/Training_15830498.jpg,ca21b512fd330ab755d24ad2dddbba0d6292b43ca87611beab4536eb89e50308,train/fear/Training_15698041.jpg,625f36af2923690e24978442722f725e31baba8e726c1ff20981977949bae50d,False,mediapipe_no_detection
3983,train_fear_000217,fear,train,train/fear/Training_16597834.jpg,48e923b84bc5544cd713ea0ac335ca157afa95ce3724cc3185e7d960ea48ceb7,train/fear/Training_16092445.jpg,2a352646764240b1a3bb1b269fe5158cfa8ef56ab3f0034df6ca5ed429da6576,False,mediapipe_no_detection
3984,train_fear_000218,fear,train,train/fear/Training_16610048.jpg,a5884c338c830450cddec7604f8a76f0e9bd02700e9dc6f8a1ddea1e6d3adebf,train/fear/Training_1617037.jpg,b51b60cc049cf1e7a54bd646135c1954a2b43febe404504857586b4b1beed671,False,mediapipe_no_detection
3988,train_fear_000222,fear,train,train/fear/Training_1674504.jpg,226d187f738b1df1546a02f03ea8967e13f07996dc7b4641f0fe94251f2e59d1,train/fear/Training_16477863.jpg,549ab8cb6a3f391fabc342943e12d41fa496b730b84946723e5084a3f7d3ac0c,False,mediapipe_no_detection
4000,train_fear_000234,fear,train,train/fear/Training_17143806.jpg,a3d9c9950cbfe1356c8f36237baa06ffd86a759f072e0a5eeee782ff06522208,train/fear/Training_16868498.jpg,90e68ddca33fd8bf96d6631da77e74d339b9fed1246454c3a7e3dfc94fa6a246,False,mediapipe_no_detection
4001,train_fear_000235,fear,train,train/fear/Training_17145621.jpg,55a1bd64e0d9a82a54935c4135eb1b60da6220586c615eb9a67e63d3a7c903e7,train/fear/Training_16905947.jpg,0d589ad5d57e2e2568ab1f194ec3a8fb6856b67237ac0147d95fe9d12067f4f8,False,mediapipe_no_detection
4002,train_fear_000236,fear,train,train/fear/Training_17188504.jpg,19daa140f1ed920ae9e1098068e3d5f4b908284e10d39c36c5be3532f06f8b29,train/fear/Training_16906911.jpg,e802fb1aeba0141a5f2744bde7f679b1ff4fb22adde9fdee4212254488f4962a,False,mediapipe_no_detection
4008,train_fear_000242,fear,train,train/fear/Training_1745788.jpg,2e41b0e4dc1fe4630153ffaa30e4b58067fbc249c16756e70bac235be0796863,train/fear/Training_1717935.jpg,1b574ec906591a836ac545f46794d130cee73f7a343435b3decc254bf3bcb4a8,False,mediapipe_no_detection
4025,train_fear_000259,fear,train,train/fear/Training_17976140.jpg,a6bf1a34cceaf0bcd80f49632361325bc6c66ba80264e18b153dbbaafc21f00d,train/fear/Training_17700165.jpg,c6008991cad06e232be6769ce4b97e48840ed483829ea648ca1fa1e06e89628a,False,mediapipe_no_detection
4026,train_fear_000260,fear,train,train/fear/Training_17997300.jpg,bae17d49f0baad94e2227a9d7ba796fee4e5a10db969181b43c7d95cffd1b30e,train/fear/Training_17728396.jpg,f6e6b02112793cad7864d0e19837d67b86d58f10d4e84fa12c28ddf5b05e530e,False,mediapipe_no_detection
4048,train_fear_000282,fear,train,train/fear/Training_1859697.jpg,444d2a5b83fdde10d8e1c7df00303f6751c34e46948d701db6b70e5d59d5f902,train/fear/Training_1832174.jpg,21dfa3f43f6c4860bc5dc6c961eac82326944c152d53cbd0955090e4e90f4dd0,False,mediapipe_no_detection
4055,train_fear_000289,fear,train,train/fear/Training_18742940.jpg,894d6c839477f20353cb6c70e81fb14e57065b862520dbbd69fb58cc2f6e8998,train/fear/Training_18509759.jpg,337aa281a1013ff27f894412502450e441c0859ba9288ff112b0f5c1ee539bf6,False,mediapipe_no_detection
4068,train_fear_000302,fear,train,train/fear/Training_19050639.jpg,7821e070ba843cc0f32b606ea43fcd0c4777877ddd51e791dcbf2ff3bb6cb99d,train/fear/Training_18777172.jpg,343663855ccc543f8599378d40b9d1e2943936510794dcdaf360b770f720c540,False,mediapipe_no_detection
4086,train_fear_000320,fear,train,train/fear/Training_19508096.jpg,011a251da3c424d93bd30a5d324561b2ed9b84f897df229508062802b9f08ebf,train/fear/Training_19237812.jpg,af58b66610637881003084868ba9df7649a1f5c113d728d183511f2467e7712f,False,mediapipe_no_detection
4090,train_fear_000324,fear,train,train/fear/Training_19737049.jpg,e495463c7b94a9fac7a6e1e57952adbfef84225e54f3de9aba627daf5565e573,train/fear/Training_19304002.jpg,f5235ad56aa2020bf59e4440ce5eb2364c5ee1fdc90a5cd45c4379f3d176cad7,False,mediapipe_no_detection
4100,train_fear_000334,fear,train,train/fear/Training_19943338.jpg,827e6088f7dd592758568188f38be6a4b38d29b364a005551652eeb57ed21fd6,train/fear/Training_19548635.jpg,2efeca878d232b15f1b3c820513da3b1ac38535694d74cd6c7102b584152494b,False,mediapipe_no_detection
4111,train_fear_000345,fear,train,train/fear/Training_20369835.jpg,b57a28163398023175a2092c8a6ec43ff02f086a53ba4398c3bab2124511a6e0,train/fear/Training_19943338.jpg,827e6088f7dd592758568188f38be6a4b38d29b364a005551652eeb57ed21fd6,False,mediapipe_no_detection
4121,train_fear_000355,fear,train,train/fear/Training_20708057.jpg,5228cdba974cb66e8fdb5e2d146a35fbb5d00bf63a8d3b616e11147299d39f1f,train/fear/Training_2020165.jpg,b1fdc2155800ab355691f85cb3a035ba03d2b48dcbb532e4eaec4386470570bf,False,mediapipe_no_detection
4151,train_fear_000385,fear,train,train/fear/Training_21543021.jpg,05f831eb189af37e7e7d62dbfdfea6436407c11057683b7ca2a5c1f0a834768c,train/fear/Training_21096250.jpg,9e33663aa6fcc61284fcdd5de15392ecab99cac26e1890f7cb5b69d6bc02f01b,False,mediapipe_no_detection
4174,train_fear_000408,fear,train,train/fear/Training_2196654.jpg,3c24c5226464a3c391ebda73e27544ecdba654746f24d7a4c628afeb1650500d,train/fear/Training_21671106.jpg,a6dc2fcefe766ae18ced63c203e148894a97e259fd41f30b0798aa39299042d7,False,mediapipe_no_detection
4176,train_fear_000410,fear,train,train/fear/Training_22082542.jpg,e02ef3749c135969c9cee0771ecc453b21fb6681ce9304ff0e9f212c7fac38a2,train/fear/Training_2167967.jpg,5ffc8c1365d1cc6a1ff6ae255b8ef1d19c36959170f945d7e6b812e9f7f7c2d8,False,mediapipe_no_detection
4187,train_fear_000421,fear,train,train/fear/Training_22367967.jpg,0d03bcbed570a2f1846530d3d664b81a54f60525d98a32698edc7830045be6f3,train/fear/Training_21861323.jpg,3945bdb439cc8a3e4475fe28adbf879017d395ee794f572c7d80572a43204cd9,False,mediapipe_no_detection
4197,train_fear_000431,fear,train,train/fear/Training_22572384.jpg,bcade45025ca23e1cfbc7349527993456e69a0252fe99450dba4eea15ade2c86,train/fear/Training_22220014.jpg,7d87f32c5b8b9451923651083f9aba1906fa541ad44a8fae3a1449a6637a0f45,False,mediapipe_no_detection
4198,train_fear_000432,fear,train,train/fear/Training_22607738.jpg,43068a03c18d62ce6db37b7cb61a3a01f11a00bd8f4554584c60d9f8ebaaec14,train/fear/Training_22221322.jpg,9d699b80eb6c354010133fd5160b0f08a33fc675f52c000d1d177ff8817e9c87,False,mediapipe_no_detection
4206,train_fear_000440,fear,train,train/fear/Training_22740628.jpg,c6d6fbede97d5455c4ed9af4056870d68e0efee9914643a1395a4c7e155f478b,train/fear/Training_22391071.jpg,2647fe3875375408f21cecc69f6c7ef43eac2ad69fd4b2a29e74cf67eea9c3b5,False,mediapipe_no_detection
4220,train_fear_000454,fear,train,train/fear/Training_23137674.jpg,1cba0d1f00c7270902cf4d1b36e3c6eec102041c433a911dee35a1391e369b1e,train/fear/Training_22737676.jpg,80204db93a23cd6bf74ccb769c250452820a0cf7f254c9540c8e00405c1b69dc,False,mediapipe_no_detection
4224,train_fear_000458,fear,train,train/fear/Training_23203475.jpg,0482f7bb0ad47cb1d63d040032f60c2ab37f4e4b0bf3e9f93851eb09adc0ae0f,train/fear/Training_22800520.jpg,eb10afc4f967a26fb939ea502b68403a8d62bd4c97281a1e2c8875724480b21e,False,mediapipe_no_detection
4226,train_fear_000460,fear,train,train/fear/Training_23229770.jpg,97cd56a6c5a873ee10e58b60f50205a8898d3a569ddf00787b8e54410a8f4a92,train/fear/Training_22825944.jpg,59e96fef2f50dc6ee510a1116b31ee2e5765db5816c8f2a515d97478a7065f38,False,mediapipe_no_detection
4240,train_fear_000474,fear,train,train/fear/Training_23699411.jpg,3dfc881e7c0fecb8370535b0858d2d39fe20691d8664300ec5fc500e7a79eef6,train/fear/Training_23188696.jpg,a8c8b924ede589ec6f5eedde146676b268bb0a12595e43b31aebfe5f68d2d0f8,False,mediapipe_no_detection
4264,train_fear_000498,fear,train,train/fear/Training_2439904.jpg,9ed38a161d7c64d30997248eb372ab0565fb76930d542f2b5ced746416ec82c9,train/fear/Training_23988821.jpg,fbc74e483e6d8e58252ae12a10b2b3d12a856e12f0a8fbfac9934af25c229787,False,mediapipe_no_detection
4300,train_fear_000534,fear,train,train/fear/Training_2551740.jpg,48d98b8898e5a9fdea389be1cb29e941d2a3a5684d2d8287b2dc0f480731c9b6,train/fear/Training_24966261.jpg,a703dcccceb0afb579fef22f470c884108745b08c633a19374232ab5d90d9351,False,mediapipe_no_detection
4332,train_fear_000566,fear,train,train/fear/Training_26338737.jpg,9f0fae604c88aade6f9ce7885e1031788eeb67a1c4395d4f673d7d34f3991de3,train/fear/Training_25866987.jpg,af2fe624da20b91ba39372e601f25a87de480d033d275c5c0dcb3e58bb4c9e65,False,mediapipe_no_detection
4336,train_fear_000570,fear,train,train/fear/Training_26424049.jpg,961010aeb12a8423029e6cfaa8d78acb24e7e25bbf4231e45dd7f12f21379e30,train/fear/Training_25997980.jpg,22e86b4e71a645b975f5b48ff803d90bb962defc3444d6f1f7dd0bb9fa63fb97,False,mediapipe_no_detection
4341,train_fear_000575,fear,train,train/fear/Training_26579400.jpg,d9a68fff6dc8b871a55d3d259d2ef3ec31fe9dda59ad6fad6d2ef3cabb97663a,train/fear/Training_26052772.jpg,343663855ccc543f8599378d40b9d1e2943936510794dcdaf360b770f720c540,False,mediapipe_no_detection
4353,train_fear_000587,fear,train,train/fear/Training_26896468.jpg,6d5556d204a2d876800546f1615c70168cf489efc44e281a34fb16990ef8cdfe,train/fear/Training_2637580.jpg,942a80787bc7ffff58f7c0d9a1365f02d1a0053918242210b8df68ee66683f0a,False,mediapipe_no_detection
4379,train_fear_000613,fear,train,train/fear/Training_27665637.jpg,8f244cbd4e3035ab44eb6bee60da2bfd34ac53a54c6b6e5451eb38d3f7331dbd,train/fear/Training_27084097.jpg,305618e63c1858ce2bbef9725d80f236cbf2f0cf698334d9ebfef859e24ef3dd,False,mediapipe_no_detection
4402,train_fear_000636,fear,train,train/fear/Training_28203725.jpg,a582d147abf8db49aa75e53bf3844958eea53dfdd87bfe55caf46cfcf7184f11,train/fear/Training_27636850.jpg,83a6065b6cfb89ce5c2524f1a1efe9d7a3d11b4a6621565b29e85abd926c9886,False,mediapipe_no_detection
4408,train_fear_000642,fear,train,train/fear/Training_28352862.jpg,70fc29260bd4f6e0264471626c2569cfad5118c0381e10da502deb5d3dcfafe6,train/fear/Training_27843322.jpg,13caf218565da687cd40b5b236a8389a674ba506ac5ea350f14c3bb4f5a1faf7,False,mediapipe_no_detection
4413,train_fear_000647,fear,train,train/fear/Training_28418180.jpg,3ff94ebe284ada2b68f4a2346398b27f07cc939d4ef283a73adb90daa8248484,train/fear/Training_27982616.jpg,1e4a1eac37f0c8b9dabb5b0fe9d93fba5e96966e67ce0a95cbf805cd226352b0,False,mediapipe_no_detection
4415,train_fear_000649,fear,train,train/fear/Training_28442148.jpg,57d13c3d4b12ff6c83a984023cc3083e73bd397817ed52f05a8cb9159ecc14c9,train/fear/Training_27992973.jpg,04ec3c028141e180c2d5d6d0d71fb40934edd985c81450dc189c7eb11983d502,False,mediapipe_no_detection
4421,train_fear_000655,fear,train,train/fear/Training_28594475.jpg,abaf143618cc57b2d1977aea5d18a83809e31baa660bc55ef1ab6b854805f05b,train/fear/Training_28089800.jpg,2207a7942acb28f7651a414d56688cc698cbb5f86f57f515999b20c32cbef017,False,mediapipe_no_detection
4433,train_fear_000667,fear,train,train/fear/Training_29011164.jpg,cf62bbacfe95b847759686c290501e7981410593cc53c43ac08f97be2f416865,train/fear/Training_28352862.jpg,70fc29260bd4f6e0264471626c2569cfad5118c0381e10da502deb5d3dcfafe6,False,mediapipe_no_detection
4460,train_fear_000694,fear,train,train/fear/Training_29689363.jpg,89b62304f4c2cc5cade5404eedf46d6813c452c65388663d7b2a32d0bc441d6c,train/fear/Training_2905989.jpg,29467942c56b10cb8c98d012b50c482d5c5a96f30b8ae1007092dd5c21acd72b,False,mediapipe_no_detection
4463,train_fear_000697,fear,train,train/fear/Training_29806819.jpg,e6972bae7d4f47991f07eb3a6e9d209d75d9bef84912c8301ee2fbc67af02d95,train/fear/Training_29201124.jpg,8bfe8f197c5d6b13ee59a13d48a5645f87943ce924c892deef0a45e96c40e4d0,False,mediapipe_no_detection
4464,train_fear_000698,fear,train,train/fear/Training_29836052.jpg,1b5651d7966f7cdffa2e75081762d14fce1fc979cc58c7044ff43ac98a4745aa,train/fear/Training_29205742.jpg,d53556c6b7267ac6c16950978b430653dcee75b6ff3677e60c28118e6f1d35ee,False,mediapipe_no_detection
4476,train_fear_000710,fear,train,train/fear/Training_301018.jpg,3ee9fc7c767f4ce29cf20aea5e7c37e3f356a6bcf11b3d64531c72340d140ef7,train/fear/Training_29458621.jpg,1f09f99ad781a6740f89d8b688812b6f6ad0dba4a2c52058123e6fdca74f4e47,False,mediapipe_no_detection
4495,train_fear_000729,fear,train,train/fear/Training_30574616.jpg,8ee4b13bdea3c66efe1c29c095d134fec23e3c5e0d0920ea1c3a0efcbea2de2b,train/fear/Training_30000577.jpg,309d6536d6fc45d89ad06f9e4420295cda19a3590d06ed1cfd6a79cc3706f58c,False,mediapipe_no_detection
4504,train_fear_000738,fear,train,train/fear/Training_30855770.jpg,bfe2c25b264b761b8718f2b7b722313eaeeb4680386aac663f253e6b9baae230,train/fear/Training_30332515.jpg,f7c078964d27a424f80082097188b5f8e7255165bd0c4cdb626a2cc19a737658,False,mediapipe_no_detection
4505,train_fear_000739,fear,train,train/fear/Training_3085916.jpg,824b05f0132c0b1cf652fd436e0f7df3fd981b554eaa37d8acc1e5d008cdee56,train/fear/Training_30332552.jpg,aa5de5966f9ce744f94033a6c8a92fa717eac5d82c4e20b4e058610b605cbd1a,False,mediapipe_no_detection
4507,train_fear_000741,fear,train,train/fear/Training_30944314.jpg,b89adeef2243d7fcc8ad1f76479b02a91b471d7a6c5d768c8b50093af3304142,train/fear/Training_3037743.jpg,f3d78d08c2bdca18309f11e5b9fcc74daf7e7c90269f941daccebd0cb4c84aba,False,mediapipe_no_detection
4522,train_fear_000756,fear,train,train/fear/Training_31224563.jpg,0af5e60a720e15376a5feb8ac17b5ce0dfe8d99f16e9ece9e141fd007d872765,train/fear/Training_30663557.jpg,ad14bcced5d52179f39818d532a2f0f531a32931badbb979bdbbad56ba371512,False,mediapipe_no_detection
4527,train_fear_000761,fear,train,train/fear/Training_31435398.jpg,e6d339f5a59378250c7ebd97cfac0c9f9cb00677aff418502e4857e793e2d216,train/fear/Training_3082951.jpg,d9b2fe0204a421a44059c32dc09331bb4c3eaf3159aa0ca30171659cd347ccf5,False,mediapipe_no_detection
4549,train_fear_000783,fear,train,train/fear/Training_31982935.jpg,1633201e112192c943b096e98087fd8e5fd933a1d3ade536efda6ba6e9a9c3f6,train/fear/Training_31414933.jpg,abc8b8be9ac1a4885c14b2bcf5c4cb9705458ef19764bf33dad3699f7aff1611,False,mediapipe_no_detection
4582,train_fear_000816,fear,train,train/fear/Training_33022655.jpg,23e95e18f1517bee3c0042f227a336c8e95103f9cb0738d272168fb62f9bdd41,train/fear/Training_3214834.jpg,6cd57a49902a103c87b3493b611d736adcf20411af6e61c8eca66af7896ebc79,False,mediapipe_no_detection
4587,train_fear_000821,fear,train,train/fear/Training_33131991.jpg,1cba0d1f00c7270902cf4d1b36e3c6eec102041c433a911dee35a1391e369b1e,train/fear/Training_32296532.jpg,4da5d8b4de4a3efd6020469b9997dfdf3a6064026b3f717da42514de9ad7e825,False,mediapipe_no_detection
4597,train_fear_000831,fear,train,train/fear/Training_33377684.jpg,35b83a69442f96870fc756fe43d3ba1c1cd96b2c700b3f845d6859c05c40744a,train/fear/Training_32699273.jpg,049a76a7ec1e9dfd756cd6da8083a98f5d0806fe7df14b789b92ba2b24d11ed4,False,mediapipe_no_detection
4619,train_fear_000853,fear,train,train/fear/Training_34019347.jpg,143cef07d2ea6387c48c8cedd2802163b98281570c93eb43555b83a49b544f1c,train/fear/Training_33220260.jpg,8fa0f89936c7cb795f0987519bb8286f063c27a3651a23acc6c82cba7b3cbcb5,False,mediapipe_no_detection
4637,train_fear_000871,fear,train,train/fear/Training_34376548.jpg,b4f740bb1374dc390946e8924e267d4b19c09c99d0580ad15b704ffed7b325b1,train/fear/Training_33644480.jpg,685d677fc4ab2542ac6b82b949e473707f52003996cd9d1f6b810bd3c15a803b,False,mediapipe_no_detection
4641,train_fear_000875,fear,train,train/fear/Training_34455255.jpg,2cd9b75eb4c0b8e9f53516354904fcb38787eac2b7d73218bd7101d0bbccfb8a,train/fear/Training_3383010.jpg,5c1465cd0b72bf61525fc3744451e6de4146ffeea3114c774c5d9cd2d5625fb9,False,mediapipe_no_detection
4646,train_fear_000880,fear,train,train/fear/Training_34531243.jpg,5947dc5938c7404d74822973306224cea92bfb0ec9a31dc68e06f38f2df139b7,train/fear/Training_3394757.jpg,80dc73df1dfd2b88dad062e03ee8ce11c429e72b32e55b9c2b81a55fbe27a41a,False,mediapipe_no_detection
4651,train_fear_000885,fear,train,train/fear/Training_34578336.jpg,ecd8a24ef77fc6e8e77e5d05cf7821023814a6566bdcc7e8ccb5dd192cec021b,train/fear/Training_34080679.jpg,59fc2af1fd4ac478a7f95c45a18c49d29e7856a782c29257f321651025e5aa01,False,mediapipe_no_detection
4654,train_fear_000888,fear,train,train/fear/Training_34642216.jpg,a0c82fa66ef731946f9532d4cd6c5ddcb437a593b2d707e49f8fdbc4b9c7fb72,train/fear/Training_34119914.jpg,2f744925924b30a6e0e0dcb0ca235ccee7703dfd6809bc572c6d551a96085583,False,mediapipe_no_detection
4657,train_fear_000891,fear,train,train/fear/Training_34784492.jpg,a60b411a815dce6227a57d1ac75276c07bdbfff54f6ceaad5533aa837b9a67c2,train/fear/Training_34156563.jpg,ed0880b072667bfca5f993357a1b5d1797f1c6ecdb9eeb79a56c8be0a37a4186,False,mediapipe_no_detection
4706,train_fear_000940,fear,train,train/fear/Training_35907969.jpg,e161b7a1c0622c1aa7a641f12f40299d911ffb45b66810f1a3094c030c898139,train/fear/Training_35215830.jpg,b7845c9f104d949213bece8666fd5be055d60617a75c69760682d2470004928a,False,mediapipe_no_detection
4708,train_fear_000942,fear,train,train/fear/Training_35920124.jpg,928992c85539bde7bbd6b6abe56f2e867970c13acfc472f388f8728255fcea41,train/fear/Training_35319763.jpg,7119e9997612d6cdb2ab144d642cd1c02a62de13567dd111516a2c8ab62dd44f,False,mediapipe_no_detection
4710,train_fear_000944,fear,train,train/fear/Training_35929758.jpg,7d95a41d1c238c0ff7ed364e9525268d97c6524693618c682f8bbb663c15e70d,train/fear/Training_3541334.jpg,69bc944c62516af5d2bf98e9aea1cc9a5e8b348e5d653e1082ca9b596dade020,False,mediapipe_no_detection
4719,train_fear_000953,fear,train,train/fear/Training_36137585.jpg,7b1d75af8b57e24303da0d85138373ab44c43962bd909fab81fa81938653806d,train/fear/Training_35617597.jpg,25d420f3058fe418754148a7eb8095964ec66b8d08a69936bb4acfb5a498eb7a,False,mediapipe_no_detection
4735,train_fear_000969,fear,train,train/fear/Training_36658784.jpg,d06bfeabfa21f7d8026f5e56e79ee9e77067602948e707b4df7349e3c9babeb4,train/fear/Training_35897769.jpg,57d4cb69072c2006fba9d8b89694bf9ad73b421f32d79aa5d3f3022f42d5428f,False,mediapipe_no_detection
4737,train_fear_000971,fear,train,train/fear/Training_36695436.jpg,c71d38665721d2be75b41e83944030e267e34097b6077e3d28c98455557d20d3,train/fear/Training_35920124.jpg,928992c85539bde7bbd6b6abe56f2e867970c13acfc472f388f8728255fcea41,False,mediapipe_no_detection
4754,train_fear_000988,fear,train,train/fear/Training_37189818.jpg,83f8440ddc4b30773afbedd0809ce54984bbfe13a6446e0c55ca4b7871c47cbe,train/fear/Training_3635531.jpg,7d74820ae93abf615e3dfeec889e2c0df76597ca4891f9d89e65f78bb7b86cb8,False,mediapipe_no_detection
4766,train_fear_001000,fear,train,train/fear/Training_37503191.jpg,d8fdba087d0e69bf1ab8370c521735d1cadf09591a93d24cf3b0fa3b6adc458c,train/fear/Training_36658784.jpg,d06bfeabfa21f7d8026f5e56e79ee9e77067602948e707b4df7349e3c9babeb4,False,mediapipe_no_detection
4786,train_fear_001020,fear,train,train/fear/Training_3812243.jpg,f18a153513f17832d74cb38e726de93b0b49964103f01ef5fcc5bc0acb577efa,train/fear/Training_37184410.jpg,115894c7c1c87e461884290bbfdebb0215e828073557932c70c7dbd2d410c683,False,mediapipe_no_detection
4809,train_fear_001043,fear,train,train/fear/Training_38975894.jpg,296ad136b33d36c459b1cd9e865895e311cf86b2005e9f90c7c043391c50bb4b,train/fear/Training_37970514.jpg,4ad1a05eba2afc9d548280d05172aff63ee21e2536ce5cdd049c606d376eb6b4,False,mediapipe_no_detection
4817,train_fear_001051,fear,train,train/fear/Training_39260385.jpg,38cef1a88dc5508e606af37d9fdf75e8ff06b3fb12ea8ba2f7762adce5527924,train/fear/Training_38188558.jpg,3b0196fa91c1080628343a32a05a79a3587677f5bd6052b5a58bf1641d2e8715,False,mediapipe_no_detection
4849,train_fear_001083,fear,train,train/fear/Training_40226713.jpg,eb1782484c418a96590534b5ae416fe6345304db28c0a4512540314df5c95c26,train/fear/Training_39208147.jpg,61525ef799681ce5641d7f6b3fd460035f9d3a527c2e8189d1a2e3c5f87b99f8,False,mediapipe_no_detection
4862,train_fear_001096,fear,train,train/fear/Training_40468284.jpg,32ea38feb320723eae5afa45bcedf7e6990fde8acd1f56360fc34331f5e04041,train/fear/Training_39700140.jpg,33d7c520a7ca8401ea41ba3a9da8dad086c06a24d3eb90f754bcb69fb146abbc,False,mediapipe_no_detection
4891,train_fear_001125,fear,train,train/fear/Training_40978078.jpg,c8db5aae5eda288ec48973a38b18697c79a4bcf5e2066d2bd9060c8768a013b7,train/fear/Training_4031005.jpg,978aef16e587f06bcc13453f5e53fab2d40954b535c5a020c77d169ff8efca0e,False,mediapipe_no_detection
4899,train_fear_001133,fear,train,train/fear/Training_41136018.jpg,fb55f933471bc9d5dcb77bf8be8006b6676de564ecec191f4316ec2f12f7d66b,train/fear/Training_40451622.jpg,7d771983240492a93a9015afbdf849da01b55c09844bc4e37fcd32b05c637f4c,False,mediapipe_no_detection
4905,train_fear_001139,fear,train,train/fear/Training_41233813.jpg,3f523ea670628718276719fb5214c05df633e84b3f841f8f305d1bf22efc0dcf,train/fear/Training_40590098.jpg,b683909cdd61450b638ffa76d170fa1728b0ecdbe5d03369430dbbcc50c7cad7,False,mediapipe_no_detection
4911,train_fear_001145,fear,train,train/fear/Training_41379949.jpg,924d1e36d49292264bd4bab104d50c43a358224281495b46e6f197d733fcf89b,train/fear/Training_40653996.jpg,87516ac6a4c27239ddf170d77ad129081d56dc37a4c565271ba98a5c8c9ebe3e,False,mediapipe_no_detection
4912,train_fear_001146,fear,train,train/fear/Training_41431542.jpg,9f05ffa4bed94145d97c7c30c21edc3356d20c6bc3f9071dd9f9eff31e7d9bf3,train/fear/Training_40692844.jpg,c0ee7402f451929e0e3db341672a6fcf61fcaf46a795a04fe2241283265bb4ad,False,mediapipe_no_detection
4919,train_fear_001153,fear,train,train/fear/Training_41623616.jpg,b84e0a59ffcd719b78a220edc975d32f56d01e20af93c01f6a62b97a710e68c1,train/fear/Training_40842938.jpg,3eef2ee781c578afc618a64a1fcf051096035a5b7d729add01f6da0bbade1ee8,False,mediapipe_no_detection
4940,train_fear_001174,fear,train,train/fear/Training_42054202.jpg,701e1977c4ec44545d89540ddb1b9caf5d85c2661fc7eecf9b81cb560120977e,train/fear/Training_41222416.jpg,e59aece85ce64660db41936e93203df1bda469eff7592ae174fb208a4cf73301,False,mediapipe_no_detection
4955,train_fear_001189,fear,train,train/fear/Training_42399713.jpg,bd7d45800adc047cefe6d8fa303e1245ae02b21d75dc3dd2a35d7fc724155b93,train/fear/Training_4159106.jpg,4168da24e9f377a50591ac8b93998450304159056ed6738d9bb8460789202b7e,False,mediapipe_no_detection
4965,train_fear_001199,fear,train,train/fear/Training_42747938.jpg,5e63386032b60d9889b2314b5d58442ed75893322bca224f82293ff0d5b70de1,train/fear/Training_41761159.jpg,aed0554d2b7671e24b5bfc29c79e8ff617588e3ba8ea50cc572ff0d73b4dba43,False,mediapipe_no_detection
4972,train_fear_001206,fear,train,train/fear/Training_42936686.jpg,c459b7fc106a5e029b842a2f7b7cce296487abd74b053c928d9c122a480fafd7,train/fear/Training_42030519.jpg,2c6b0a0a7b0671fa12106e2a1a8cea17a48a555a0892125e3c45b41c03347f8e,False,mediapipe_no_detection
4988,train_fear_001222,fear,train,train/fear/Training_4324027.jpg,a1875e581c07667934f0104ff0085d7cd034d47b4896367c3d2a9580c90018b9,train/fear/Training_42347407.jpg,ec09ff76dd8927d408f36bdf7e8f11abcb295e18af1d0a20faf7b3fe9374890a,False,mediapipe_no_detection
4993,train_fear_001227,fear,train,train/fear/Training_43355279.jpg,f3d9055a0253fa5d29c5bed2bfaf4e9bfdc1bc7e2018081be105491b7e8bb6ec,train/fear/Training_42504871.jpg,fd5a76448730ca12cf2dc5b8a3f022ea4c39265c46b5fe1776b23581b85e41a5,False,mediapipe_no_detection
5033,train_fear_001267,fear,train,train/fear/Training_44733527.jpg,21ec22ad3718af193986575b450206c1fe160c0d168f97749766c686e623f9af,train/fear/Training_43419650.jpg,1bd2a00a9dcc00cde47ebf3d321ddbbbef07759e6da4b4538145f3187edc5be3,False,mediapipe_no_detection
5052,train_fear_001286,fear,train,train/fear/Training_45169596.jpg,4e919f1ccd703a51240871f9b3b570408e11e10652b742082323144a5eab3167,train/fear/Training_43967346.jpg,1d8f41e68f2182b097f01f9fe211476f2417f4821a6124012e31171a157f2a7d,False,mediapipe_no_detection
5058,train_fear_001292,fear,train,train/fear/Training_45339535.jpg,16552749146fb4ba50d7d6c3411e227e85f6b22027227effd7d1453160c86075,train/fear/Training_44381825.jpg,dffc78c96eae0122586c69fc3e56d5de5034d52b62ca4040a0670364ba50c546,False,mediapipe_no_detection
5091,train_fear_001325,fear,train,train/fear/Training_46261450.jpg,c80ea783e83244fa5f474b369682ac1e34c3084a2bc890a6ad2ec5146cc90c91,train/fear/Training_45123910.jpg,e05bfc7a2d9ed0f09a77b1fb7a11de43ddf32a270e1d5a117f4778d21681d6e9,False,mediapipe_no_detection
5092,train_fear_001326,fear,train,train/fear/Training_46272594.jpg,3b0bdebf7c7aaf87131082aac772ec2a42ec0b75d54b02c04972550d47542eee,train/fear/Training_45133587.jpg,d04dc2544f8150885712ab3f4865e46fbba402744932e76c45b4fddb02a11b65,False,mediapipe_no_detection
5097,train_fear_001331,fear,train,train/fear/Training_4634071.jpg,7ed5619c79b05f63883da860bd0133642823626a7691e58dea523b0f7683f70f,train/fear/Training_45265549.jpg,bcc5df7c8a1084c7fd24424e8adbc0f6e23d7a6dbdfcd082a606aa5699126d44,False,mediapipe_no_detection
5113,train_fear_001347,fear,train,train/fear/Training_46713557.jpg,f25c398629d23c4906d1a5e950e9980bf72908084c4f0cd4b1d4aab25c5327c2,train/fear/Training_45602495.jpg,b50ddbed10f237b8480e6d62a7c0ab2baffdd3b8ad89a12a00a3c5c304d3aafb,False,mediapipe_no_detection
5114,train_fear_001348,fear,train,train/fear/Training_46727554.jpg,5aec46bce498a094fb220182d658cbb42c9bed94f11298d64f2c3e5909b99ab1,train/fear/Training_45629821.jpg,9d07369faa54fed9c05a41bb1724eb4c10d0e8eba7ab1581c8f801015df59ef1,False,mediapipe_no_detection
5116,train_fear_001350,fear,train,train/fear/Training_46762806.jpg,0d4cc463fcf429144623e27a28d056fc94ebf6dc52ac6636c2940a2f5ca437a4,train/fear/Training_45817788.jpg,688e40d8bc405dbe5b650db4e86d9052dc389ceddf91688e6e2275378d46d214,False,mediapipe_no_detection
5118,train_fear_001352,fear,train,train/fear/Training_46841486.jpg,b79ab2f90152450f7292a69795da9e473e818712f9473cd7921633fdb1636ecc,train/fear/Training_45929399.jpg,8cda0e80b8d0ca26a245411663b6c7d6ea1f1c57526c75704ccb96cc3742c946,False,mediapipe_no_detection
5142,train_fear_001376,fear,train,train/fear/Training_47470781.jpg,3776859baf34cffc279ebeace397828592c3a938153f07611341d2775bb73fb2,train/fear/Training_46504569.jpg,dfc32956167084ea7e962e552a5c4fa41dc120d04a8a3d31b737fc28ae9d7d93,False,mediapipe_no_detection
5153,train_fear_001387,fear,train,train/fear/Training_47752503.jpg,4f6365e6d511e5b87a1cdbb80321f548d31502eecf7db5d32b9031077e709402,train/fear/Training_46727554.jpg,5aec46bce498a094fb220182d658cbb42c9bed94f11298d64f2c3e5909b99ab1,False,mediapipe_no_detection
5154,train_fear_001388,fear,train,train/fear/Training_47762116.jpg,7a2ca5974562e9626a811f049d81496efacf9ed8eabadd24d4f42ea38a6c5770,train/fear/Training_46733743.jpg,b9a4966e45a49d81a7271e4ee1ada5f7a4917ea99cb58e26c60dddf24911051a,False,mediapipe_no_detection
5165,train_fear_001399,fear,train,train/fear/Training_47990460.jpg,789f322842350c8184ca86c33322e168eec666c59df58db964808ec74b3a2da9,train/fear/Training_46954874.jpg,0a5305c73ad4f4bd9b36207bbcaa54aff62433f21b1ea4afd3203b7be6aaa5e4,False,mediapipe_no_detection
5179,train_fear_001413,fear,train,train/fear/Training_48381223.jpg,cac1bf362725f8f81d803f0430e6c1a984a59383d159092c7a4bdc73bcd08169,train/fear/Training_47314724.jpg,b5c237103b003d6d894b4653a5c786a77160603ace5d750b3e87b2771826d03b,False,mediapipe_no_detection
5190,train_fear_001424,fear,train,train/fear/Training_48697394.jpg,f5030d7fd263daf03b9ea0cbec8d2aabe030cf8357f8318ccc017aa051dbe6b5,train/fear/Training_47541817.jpg,7cd2daaca825b9259cf3275ea59a009f0d422de0abdb106a491b0118b3715719,False,mediapipe_no_detection
5196,train_fear_001430,fear,train,train/fear/Training_48834493.jpg,288207166448787b21d8b8d3d2a11818e81a0dcc0090c04b990d147c85a84252,train/fear/Training_47762116.jpg,7a2ca5974562e9626a811f049d81496efacf9ed8eabadd24d4f42ea38a6c5770,False,mediapipe_no_detection
5217,train_fear_001451,fear,train,train/fear/Training_49261843.jpg,5416719cd0c9614b6bff092bc3877137c672395e599a096c5d23ee07336f8ebb,train/fear/Training_48268258.jpg,ec02d4a5ed44690a42ef44b0e3857a5ffa0332f0a52aca01b9768123d8de0b75,False,mediapipe_no_detection
5223,train_fear_001457,fear,train,train/fear/Training_49507434.jpg,160ff674247a5a25af1b3eaa4f8a458851c171e262bd6ac20866b35563a2fca8,train/fear/Training_4846389.jpg,d31530e1222b776b27fa519adee544c2f41c27614afc5ee39b0b465b8d0737f6,False,mediapipe_no_detection
5266,train_fear_001500,fear,train,train/fear/Training_50926896.jpg,ccf9c9aa568c092faee9c45e91d1a6562bd1d154f525e6cf5c0de737c1f75d31,train/fear/Training_49532837.jpg,a5dd04f8c34c390e79b16c28a0d11eb2d852b99df0f0d8057930b30e3a2e38f5,False,mediapipe_no_detection
5281,train_fear_001515,fear,train,train/fear/Training_51454604.jpg,3ad489bc976c6ca63d52f12375910d1286fcd8407eb1e407f10bc7e128a46739,train/fear/Training_49876253.jpg,bf3c6459877c09009ed0c24dce23dec7e35750c89d67b9a50d276599043585f5,False,mediapipe_no_detection
5288,train_fear_001522,fear,train,train/fear/Training_51589811.jpg,fbb4b55aa6df44108abd15d36471e7811b88258b13e8f4fa17cad47e0449e247,train/fear/Training_49964960.jpg,3b7c878de08bba6165ec7b73539b4e640ce9769fb0454f7ab3db81bc82e39cee,False,mediapipe_no_detection
5314,train_fear_001548,fear,train,train/fear/Training_52552370.jpg,71b1ebc0413313ab2175056ddb9c06e8cfc8942e4e03bf0f44c1b63eabf016f4,train/fear/Training_50919094.jpg,f637c0eb92980b8a291d19a34096b39c082bb893894be94f7f926a2f31355c1e,False,mediapipe_no_detection
5325,train_fear_001559,fear,train,train/fear/Training_5291151.jpg,2a23d3c14a0a465f50c97754312ca79a64cd503571f508e0f726419e9167fff1,train/fear/Training_5130925.jpg,262a9daf52cd02d81a3f0f6a481393e21eb9a7e7decc295856eaaf431270ccd4,False,mediapipe_no_detection
5330,train_fear_001564,fear,train,train/fear/Training_531060.jpg,d6735cc037eee9292bc9ecb3dec12190c9b976cb906bc35365c7c2f1b027ff2f,train/fear/Training_51454604.jpg,3ad489bc976c6ca63d52f12375910d1286fcd8407eb1e407f10bc7e128a46739,False,mediapipe_no_detection
5339,train_fear_001573,fear,train,train/fear/Training_53311493.jpg,aef135041042d9405648c468c0607c061e749b11c4636a8053d73ac6afb6fc7a,train/fear/Training_51821307.jpg,69757dd206b4df65d7ca1673d6529ff283dfa5e6c32f3c5d822a0978b6224376,False,mediapipe_no_detection
5340,train_fear_001574,fear,train,train/fear/Training_53335695.jpg,bec50c49d0e827dd673b89de74cc5a7aa333f174657c74bf3fb15c453a442f43,train/fear/Training_51829984.jpg,02b2e0267403a59c7bd044224f17472b20928dbaa960a9758f75374e437c669c,False,mediapipe_no_detection
5354,train_fear_001588,fear,train,train/fear/Training_53605910.jpg,1ed65c654d9bdff1e37f6950f40e8ca2165351cabf99d97ca85d955f0f6a81a3,train/fear/Training_52317937.jpg,6f3bdceb5127f7ee9265fcc3c73653ba96cb797506c220eb5d75ef8b55aa309d,False,mediapipe_no_detection
5360,train_fear_001594,fear,train,train/fear/Training_53708890.jpg,bf9cc9be4dd1c1d02f1c01b4473b55463e827a53d6579c8cd37c7cca74b1a0a9,train/fear/Training_52444932.jpg,b6bc66b83bdd693aa58c1d472d45d69e56d958edc946326f24496eb8b0c594b2,False,mediapipe_no_detection
5372,train_fear_001606,fear,train,train/fear/Training_54072906.jpg,e9950f2cef77c0b62797d8e482722145ac5b23de5b82726e4ca4179b831344d1,train/fear/Training_52792854.jpg,42e15bdf0d72f950c4fd97bf5c272137786352344aaaa07bbc204c0b63fe644f,False,mediapipe_no_detection
5377,train_fear_001611,fear,train,train/fear/Training_54167837.jpg,60cc610531fcefa1f68016a0fa5e6df8a64ec4b08afc4717a0c571262dc9392c,train/fear/Training_53028968.jpg,4aa0c83bf9aff049595a12d3f8ee3d12ea8c244a428fa364665879adbf52f13c,False,mediapipe_no_detection
5382,train_fear_001616,fear,train,train/fear/Training_54393966.jpg,e597aa79d29641b8d1c310a5c3ec88013934a8f7928b50003e6a5d85c6c9a06c,train/fear/Training_53081821.jpg,43f93cc963a404cee9f1b43d2488fec2475c2dbe3336cf59164a52bef6381724,False,mediapipe_no_detection
5383,train_fear_001617,fear,train,train/fear/Training_54402459.jpg,1af5d1852414417702793477e47564986b97a010fed0389cde84a2f8efd15539,train/fear/Training_53110904.jpg,84027c6499ebe388b0c50695aebc77f703fd90a9e5d274871d282f5ed9a46e52,False,mediapipe_no_detection
5420,train_fear_001654,fear,train,train/fear/Training_5509390.jpg,9d8d15beff96b3cfecbac700ad37b9ea9e2c5cdb6ad75722210a2451d0b70850,train/fear/Training_53968107.jpg,50f2ef124cff9e2c18e452000fcf5d9776c853835098632afa7eb5ead2f7faf1,False,mediapipe_no_detection
5426,train_fear_001660,fear,train,train/fear/Training_55220603.jpg,6995555f2c03b4d152f0353a195d7f43f6f85aee2c539df25cbb2cd005fe7606,train/fear/Training_54072906.jpg,e9950f2cef77c0b62797d8e482722145ac5b23de5b82726e4ca4179b831344d1,False,mediapipe_no_detection
5441,train_fear_001675,fear,train,train/fear/Training_55645662.jpg,41cbb164bff244a4441ac685839c88131b81751e40afbbb047512747bfde100f,train/fear/Training_54488210.jpg,46bd4a84c76e8a87cc9c613f54d270c4b060325d1b2456539fde84c919e19bfd,False,mediapipe_no_detection
5451,train_fear_001685,fear,train,train/fear/Training_55982539.jpg,41d636a4b9ba8d012294280c14cf1ff69f24cfe8330e0cf56f07f6036c7d21d0,train/fear/Training_54620857.jpg,2b937cfcbe89470da823d6651176205010d50d467d645f3d472ec602ccce36bb,False,mediapipe_no_detection
5471,train_fear_001705,fear,train,train/fear/Training_56320316.jpg,be08c168c41260af3bef555b365e290e2b5c23a3f4432abb25d3f30021a078e5,train/fear/Training_54995765.jpg,afea57af1b4a1a787d1edfd4a14c8741efdd076c4eb112152d6b9db9a9d102c3,False,mediapipe_no_detection
5478,train_fear_001712,fear,train,train/fear/Training_56509858.jpg,9ac215c249323c4925685bf786de3203c20be78e6db03156ce863c3cdd6a11b4,train/fear/Training_55099933.jpg,f2fecb002d5a3960819b53cac036db3c0944cd908b821b7256dede9f087a9635,False,mediapipe_no_detection
5479,train_fear_001713,fear,train,train/fear/Training_56518995.jpg,28aba2499cc347779728ca9bf9bbf251fe3eb0d5916048e9964b90cb4e4f81cf,train/fear/Training_55101366.jpg,f317b7ba4cebf6657c57bc22bc724c8863f136694fed46416322d10b4a74eb3c,False,mediapipe_no_detection
5509,train_fear_001743,fear,train,train/fear/Training_57427285.jpg,93e127fef095ea6536e771f8f834262e146b87e9b069ba9c1de077ce256d8419,train/fear/Training_56184287.jpg,4883f273da829068648348a4d5ec93df21108aa18bf6784deaefdc98fcbfa9de,False,mediapipe_no_detection
5512,train_fear_001746,fear,train,train/fear/Training_57587923.jpg,fd7d5546687b84e7356993b243b7261cedb1a365427dccc7db4fbfb4c5f488eb,train/fear/Training_56212381.jpg,c1f23a1fe70c8fe4f393ad24aca2f862f3b333cb8bd94161d0b5b283a66d4da4,False,mediapipe_no_detection
5518,train_fear_001752,fear,train,train/fear/Training_57824928.jpg,05e2e9f955498517b19be7907a1288db27974839b652e894e55cf0e3b8bcafaa,train/fear/Training_5644936.jpg,91becb3d582534e46d67f6966ea941f743fa9fd3050623afebaca0f814b7906f,False,mediapipe_no_detection
5536,train_fear_001770,fear,train,train/fear/Training_58298592.jpg,6ec55b283c32e4c139a818da8666934fb78a23f548d622578efe78d81586cc97,train/fear/Training_56742630.jpg,86eabbfe26526a91bde1ee01c88cc5c0e8fe5ab3878313c0a3625b0528c332c1,False,mediapipe_no_detection
5547,train_fear_001781,fear,train,train/fear/Training_58515912.jpg,8dceb5f955479394ceae061859bb83c714cd1d1264c25f345c09b9f0a6c88c7e,train/fear/Training_57152963.jpg,5c67e8a985c34b93b4ad92bd5ff4949bde44de11aa81e1bf88fddcd8335ffa23,False,mediapipe_no_detection
5550,train_fear_001784,fear,train,train/fear/Training_58618883.jpg,917ec7c0041e53f2a6752f1715df67b7127923ff16d3c4cd9790f9545b1e3f59,train/fear/Training_57206693.jpg,00dae26e0940724196cbf896f9ca2402d76ed4fbfcf9150b1f093326e177fa2c,False,mediapipe_no_detection
5557,train_fear_001791,fear,train,train/fear/Training_5874985.jpg,e6fe6d2c9e97109d03bae390e8d579cc8745514546d3dbfa7f1911ea49135aa2,train/fear/Training_57399121.jpg,fb301e6722831f3e5bb7230afe684edca80aae3516bfaa9ba4508f412c3d5d95,False,mediapipe_no_detection
5593,train_fear_001827,fear,train,train/fear/Training_59734530.jpg,f6613b16292599edf763e5f3cc98afc97aabc4cd2b9d6d74fc82e0582aaf4c4e,train/fear/Training_5841682.jpg,970dfacf21fca3f043c4e1a731cfac4c3938b38b83f4780742fb53cbb43be21d,False,mediapipe_no_detection
5595,train_fear_001829,fear,train,train/fear/Training_59773407.jpg,f38435e72eb3e162e097d5e9044741f842a7bfa7485ca4928787eea80fcd22db,train/fear/Training_58420539.jpg,df9b035c226dcc2ee13368bb9570b6ca3238352f295526ee5f3767fcb6d7a33c,False,mediapipe_no_detection
5597,train_fear_001831,fear,train,train/fear/Training_59911482.jpg,ec244e5d550bc3e1e21172b5495813d07d2f93800fb284fe346f08c7468e1f42,train/fear/Training_58431479.jpg,58ef1879773c4009ecadafb7b320fdd96369c2641663f5544c13ff05b7e22a06,False,mediapipe_no_detection
5616,train_fear_001850,fear,train,train/fear/Training_60454625.jpg,84d444c538a6b86a185f90122614df80df0ce0fc8c5cb154a594dd987425aeee,train/fear/Training_5893783.jpg,d8782246d5b20b5557b43324ed87a6e3d72f0d3e20e757da7bbbaa10bef73e40,False,mediapipe_no_detection
5619,train_fear_001853,fear,train,train/fear/Training_60526782.jpg,471a572d6f8608e4665035ce16ae05f336ded1f154b42ed82612a8250e89a0bc,train/fear/Training_59008714.jpg,7c5034716f42403eac2c75c0b48555f73d7da779008a06fc786457cbcfba0fed,False,mediapipe_no_detection
5625,train_fear_001859,fear,train,train/fear/Training_60610115.jpg,6bcc934f0b6fb204c0751f79f48cfff08acafc2426bf900681e2ec934ffb1e87,train/fear/Training_59276290.jpg,3a351ffa9e2200c2fc8430ff64c4fcf3aa4aefad5c19dfa06f11a1780c145094,False,mediapipe_no_detection
5629,train_fear_001863,fear,train,train/fear/Training_60686502.jpg,ee4aa55b824a5669aef1b0bda431b42970850de2d6a0e87676a98ac586dae67a,train/fear/Training_59323381.jpg,ae192479da74404dd913f92a9fe0f12dd8d88ffff182dee429a48a921bc150e9,False,mediapipe_no_detection
5632,train_fear_001866,fear,train,train/fear/Training_60749826.jpg,fc1418a14fef0c1141d58f1e57228b96652f3d60f84150729663f96090c28488,train/fear/Training_59428911.jpg,b49456ae7fae5154469c89cf375603e458d5af1e3acf69eb26cc16bf2e1ab083,False,mediapipe_no_detection
5642,train_fear_001876,fear,train,train/fear/Training_61061599.jpg,0d51e2664854ff815a32ee9e19a6bb6721745fcdddb8bc377924f25f91680a91,train/fear/Training_59652023.jpg,d5d522ee8ecbb179786474549e70e3dbcd1c59940f1ff4d1c3dbf9efdc58816e,False,mediapipe_no_detection
5692,train_fear_001926,fear,train,train/fear/Training_62258157.jpg,8bf14e7811625e549b00e729bd2c9eba5e906c5be8218b8d60faa66b3afee5a7,train/fear/Training_60920845.jpg,92df8cc44a60ff3a57d318e6676ac1cb2fdcbe6e1670fd6093267e1008482604,False,mediapipe_no_detection
5703,train_fear_001937,fear,train,train/fear/Training_62534502.jpg,69687b367dbc4ce2cab0cf6b69a9f2002fe205d9876456c124ce7ed40ea5a532,train/fear/Training_61226303.jpg,bbc1eb9deefd872970dd538ffa2cacae79307b3a02f2e4d737129958c3bf546b,False,mediapipe_no_detection
5712,train_fear_001946,fear,train,train/fear/Training_62762520.jpg,289957134035df92ad6efaec2829fcbc3bd4c03997af57051a05710e02cb576c,train/fear/Training_61409761.jpg,b08199a6880bf58d3dca6352e0d8634391039c20da38f02d2c78945fc8a412c1,False,mediapipe_no_detection
5721,train_fear_001955,fear,train,train/fear/Training_63022998.jpg,6bc44e73173439fee2c5e442f0fc1c3928d65af4301e2f22e8c18f78cef11553,train/fear/Training_61590978.jpg,452b0805f2c9225c204c4f35130b3e4e85450ac6e6873d938c7e9505025db22b,False,mediapipe_no_detection
5725,train_fear_001959,fear,train,train/fear/Training_63062035.jpg,0c4590753533477e401bdb488e173c2277d86ffef85df58b41dcece1453007f4,train/fear/Training_61613820.jpg,23c9261e3889358c8d9ee8f64b5577115b166f3962ec8e6efe2dcce953796e68,False,mediapipe_no_detection
5736,train_fear_001970,fear,train,train/fear/Training_63358153.jpg,35f0fa0ac8fe771672688ecf845eefe71c899a446a93532da74a1620f563cd4b,train/fear/Training_61924253.jpg,c04571b6d1ebbb1b3053ae652dff4575f852911805fa838446506c7bbec6eb96,False,mediapipe_no_detection
5739,train_fear_001973,fear,train,train/fear/Training_6342560.jpg,8ca3e461e65b58bc9374ad03042f94a2827aa26ef2e6e8afce47ceddbeef70df,train/fear/Training_61959332.jpg,f9689d95d1b87d054dc3867c57ccdfe07b47c2e8a98394e35f3b51b85482e2ac,False,mediapipe_no_detection
5769,train_fear_002003,fear,train,train/fear/Training_64133304.jpg,478bd3cd0b38b76bbc469507499be10955e312cfe4bf4ddbc6c1eba4c640e604,train/fear/Training_62764355.jpg,777d7f8c6acbcaebfa4f67c42233b86540af535db13b0cc87a96497641bfc44f,False,mediapipe_no_detection
5787,train_fear_002021,fear,train,train/fear/Training_64655765.jpg,fc8b7db28de93cae3d766e7514088f953ba9e27609d8f5a55d29f9fdc0e64ce4,train/fear/Training_63147164.jpg,9e6031c012e61b4a72b276460ea2f3764bf01784a11009b7afda92ab0f91a630,False,mediapipe_no_detection
5819,train_fear_002053,fear,train,train/fear/Training_65376210.jpg,174c349c08a7473d206fda68f7ba4dc0387f7ac0a637de74645f9d783ac5fcf0,train/fear/Training_6396617.jpg,1870185e1af45ee6f5a1aec7cec9117b160f38f1987bfaee45f0e9eda9bba895,False,mediapipe_no_detection
5822,train_fear_002056,fear,train,train/fear/Training_65476433.jpg,a057f7bcacf925c9c898fa4f4a08d3c0b618b360922e6e7d48bd69957bd93eec,train/fear/Training_64018098.jpg,c5922b78eba58aa2fc15dc2d885e87eefee988e2cd1fffec49579aef6c2b6fad,False,mediapipe_no_detection
5825,train_fear_002059,fear,train,train/fear/Training_65566794.jpg,3ddd404db6b8b75282cfc61b3985031598a81cea1aa2a6c60c6e94ddd4467c6f,train/fear/Training_64070728.jpg,1e47a15da7974b201a4479c67e3fbd69bfddbfea98513cc02893f7fbbefdc8e7,False,mediapipe_no_detection
5829,train_fear_002063,fear,train,train/fear/Training_65820611.jpg,8ece0a0d8b9e2cb77a3cad96751435442074f00fa536f50e5f2d97466a8f9c46,train/fear/Training_64133304.jpg,478bd3cd0b38b76bbc469507499be10955e312cfe4bf4ddbc6c1eba4c640e604,False,mediapipe_no_detection
5832,train_fear_002066,fear,train,train/fear/Training_6585131.jpg,e8228c5e150b6bbb51d9b1182ae465ac2aedb9af338b3c60ee27d40b31e5d36a,train/fear/Training_64243449.jpg,d0de283db55919309807d62a98ab09abea394f76bbbd04e2839e41a99e6b756c,False,mediapipe_no_detection
5839,train_fear_002073,fear,train,train/fear/Training_6606110.jpg,0da41588337410355422ec9c385d95ea987f182f105a869c403f5dbeb740348a,train/fear/Training_64417674.jpg,023e7e848fc8dab53187e9765d20814ac1186acd6e85c17a5c4cf259e544b078,False,mediapipe_no_detection
5850,train_fear_002084,fear,train,train/fear/Training_66358760.jpg,d43d24b946fda8fa5d2884c9cd6ec87310aeba367a51e9bb8a000194cd3ecc6d,train/fear/Training_64745541.jpg,b2392dbff1472d2f2aa6315b878ce869534845c895a32750c6c1242373eacb83,False,mediapipe_no_detection
5853,train_fear_002087,fear,train,train/fear/Training_66399541.jpg,7f3b37efc99fafa243f571f0dbacdad2df456951638b73b8d2ceca4b596c2c10,train/fear/Training_64797921.jpg,f53ae187290fdb5b4181cd6ae9c5559c9fa3867633a3319902f36b1f01ca5a51,False,mediapipe_no_detection
5861,train_fear_002095,fear,train,train/fear/Training_66794307.jpg,f1ddbd2682761a317a840c84a4742e4cb70825a13258152d3ea57b5f53f0d432,train/fear/Training_64999870.jpg,29099eaec5e6c3a2fd223bb315698e0d9a6feb69c8ea4f47dfec21aa696a63b3,False,mediapipe_no_detection
5871,train_fear_002105,fear,train,train/fear/Training_67036463.jpg,5c97b21340ed0421d1602089732db693d4b879f1c053d9554c87146e68407772,train/fear/Training_65334911.jpg,3f1216831f0e0cc107d14318747970ba5e52bab40d74bdafd7f5e0a4bac87168,False,mediapipe_no_detection
5873,train_fear_002107,fear,train,train/fear/Training_67095352.jpg,1f0686d8480e30f5b7daa818ee62bb47fd0afe63a738c65f1a06e2e90ac4e439,train/fear/Training_65365689.jpg,2681ce49025d0af24254560a3dd7ffdedb5020659cf27ec8a7b6cbb3091718f5,False,mediapipe_no_detection
5881,train_fear_002115,fear,train,train/fear/Training_67301901.jpg,ace6df50179ae1fdc70e413a6fa87c547388f6ad4c489154ec9ccd766fe79b3c,train/fear/Training_65494292.jpg,1a0a4d7c02143be27ec020b4177b32511d79003f737512443d797b739fbb1218,False,mediapipe_no_detection
5891,train_fear_002125,fear,train,train/fear/Training_67443640.jpg,d1d55c5f4c8254fb07b53a62c30e03adc2905e37ac05d73cbcd87125570d4970,train/fear/Training_65752506.jpg,575c4c33669f1abc6a2874771b10d9bd4beff479b1ed61681d90304da70acdb3,False,mediapipe_no_detection
5894,train_fear_002128,fear,train,train/fear/Training_67555109.jpg,c3b648345cb6c623253fb8a4f9b13dd4f3a9a2b177b758e1b4c649f890e56d00,train/fear/Training_65843496.jpg,22da6aee76d665e28904915e118d9b094510bc4d5a68bf936f9b74772c83ca6d,False,mediapipe_no_detection
5896,train_fear_002130,fear,train,train/fear/Training_67600403.jpg,f160e166bf157773c6205ed73067a29c7c16506be639cbe5f01d3abccf54e1ca,train/fear/Training_65873848.jpg,3cbbc80b87d4e06958a6e44637c899f603a5b454ce37c58ebdc5f4f49ad902cb,False,mediapipe_no_detection
5897,train_fear_002131,fear,train,train/fear/Training_67622956.jpg,8e029c84db17a78eb94c25b9d981432dbba5f1327fcb657f4a5e9b9e6d8dd3f9,train/fear/Training_65905937.jpg,668059b209a6b0eb9afc812c78504d26bb75d3c64e387cdb75ab5c43df55ba2b,False,mediapipe_no_detection
5898,train_fear_002132,fear,train,train/fear/Training_67655497.jpg,cd1c1a1b773b25f8b0104925b5c629ae7008d455a60e083e45e83077487e4f15,train/fear/Training_65918507.jpg,b73a5dcf244110e71fd1a82505d75944e0036912cd5a9efb88280c0a5f3c0577,False,mediapipe_no_detection
5924,train_fear_002158,fear,train,train/fear/Training_6832725.jpg,160205c1b2d1b51ab324ba36d3ad07d30fd4b017423a7fea265c092ad6c52d35,train/fear/Training_66512175.jpg,02e3dcdeec695e2f9a46d0d5decf10a29d1e3b3dc29e1b22c815c92177f5302f,False,mediapipe_no_detection
5931,train_fear_002165,fear,train,train/fear/Training_68513545.jpg,dd6da97230492be783c1476497fb25c1e1db000483194a6df64c7e6b2f9192ca,train/fear/Training_66800811.jpg,9a4ff72e9988344a5d9af9f903a82585c7d33dd2712f55d04845ca884d5889e9,False,mediapipe_no_detection
5949,train_fear_002183,fear,train,train/fear/Training_68975361.jpg,90793a7e58dc57386ac5ba446c4b9ce08474e4c3835768aff2c9551541a4050f,train/fear/Training_67308905.jpg,516da2c7931011d9d2753583418eff0708f88265be7eb44ccbfe64e8191c48a7,False,mediapipe_no_detection
5954,train_fear_002188,fear,train,train/fear/Training_69112102.jpg,db8d4ab42fe0bdc7fc986ce5fcef905b49ed7142cecb13fd0d501d64a47cf861,train/fear/Training_67436225.jpg,31750f6a800e3e40c818247100b36f7b56b6002b88684672dc51f1e432c95d68,False,mediapipe_no_detection
5955,train_fear_002189,fear,train,train/fear/Training_69121395.jpg,53c7ca3fb3d5154d1a31a5436bd912f2ba3761dd5bf8a72f804561409a65ca4a,train/fear/Training_67443640.jpg,d1d55c5f4c8254fb07b53a62c30e03adc2905e37ac05d73cbcd87125570d4970,False,mediapipe_no_detection
5970,train_fear_002204,fear,train,train/fear/Training_69538802.jpg,23d0eaadee88572da4aaa98447cf41cb77a75a8a4133bb8686e41ff99806a7e7,train/fear/Training_67906501.jpg,3dc4d4a6b9c76a48692fd45c809b82da6b625072b577433f0a5c2d5bd0f3284c,False,mediapipe_no_detection
5978,train_fear_002212,fear,train,train/fear/Training_69702472.jpg,46e34dcbb49a3ed98503faf8ffc8041adbf3faa33ac70f36212928092eeb963d,train/fear/Training_68099104.jpg,1c4ab64b34cf10231fe3f3b98a4453d05efa4536aa554986417ea4c006f22ed1,False,mediapipe_no_detection
5994,train_fear_002228,fear,train,train/fear/Training_69995908.jpg,574a1dae1c81ff28659be12831a78ae80696fdb1ff183c98ff34c54fe53b062c,train/fear/Training_68481958.jpg,f31cefc6e6ebb13126502c4cd43b0974a4c44d2dc1f051ba43dfdb1281e3b6c6,False,mediapipe_no_detection
6009,train_fear_002243,fear,train,train/fear/Training_7031803.jpg,cdbe617e82455e1852bed364925f393477fac85c724769918ac79953176b0817,train/fear/Training_68849468.jpg,e217f2c45d6e68fd4f73aa7dbf3d3800d4b8817adc0100d72c1c5eed44cb478b,False,mediapipe_no_detection
6011,train_fear_002245,fear,train,train/fear/Training_70384498.jpg,38118168875bb4c821581fcc059e9a2e54758acd1b7dbaeed4b58756a4854c6e,train/fear/Training_68898978.jpg,e49977491dc9fe4a7100ff96156db6d87b97404366ff953e03ce892cbda29bb6,False,mediapipe_no_detection
6025,train_fear_002259,fear,train,train/fear/Training_70855689.jpg,254cbce1be9e19817bd182db643e2fdae1198ee5d86b96a064fe42e3d62574c7,train/fear/Training_69211699.jpg,11f2fcaa6cfe9fdeb795ef414eeea127bbdb55dacacbb8a646d450354b25456c,False,mediapipe_no_detection
6030,train_fear_002264,fear,train,train/fear/Training_71055343.jpg,1b194de375bf53e96dd1009c7a3c18ae6876fa8137398b5e1d79bd234633322e,train/fear/Training_69352812.jpg,727457d48dcf406476f0f35860b9fa4d656705fe3f018dedf267c072cec2effd,False,mediapipe_no_detection
6031,train_fear_002265,fear,train,train/fear/Training_71076892.jpg,46b6f03fac4c8df63802741bb857e383d35bf96abd9a9e4cc05a9e1918c963b9,train/fear/Training_6940365.jpg,1df2be5ea2821b4ec5fc6beb3f489985e5285db0179b42b3480005770eb54852,False,mediapipe_no_detection
6032,train_fear_002266,fear,train,train/fear/Training_71160831.jpg,555c289cb0fc12efcf8e319ec67c6b068a15a1748d43d8064f51786644c3fc15,train/fear/Training_69404354.jpg,cda0f9c97c4b2cc2d0c77cc72e5e07a2c14eaa2d89a6606c7e9f3c95758bd570,False,mediapipe_no_detection
6033,train_fear_002267,fear,train,train/fear/Training_71178037.jpg,66846bb67e8b69cb75f90dfb2841260947b041e1e29c15ffb8c9c73ebcb33ad0,train/fear/Training_69406379.jpg,db15af719ed58d335920d508a8209165f56b24e696f972c0d8df491118d52eba,False,mediapipe_no_detection
6034,train_fear_002268,fear,train,train/fear/Training_71186440.jpg,caac3306d684436fcd8b806e9732110936f90a0676f4c9fb190abc2bcd08e9d4,train/fear/Training_69408967.jpg,88527e03987c221cf515c8f2ad06fc3c5e98037478ab21c995ba974d0ef09df7,False,mediapipe_no_detection
6037,train_fear_002271,fear,train,train/fear/Training_71243139.jpg,45e1da2c9969cb379eabf4a2f0e0ee21100bd55b86ac47c4ccc5b2bba089a777,train/fear/Training_69535836.jpg,163908bbff422257051c52a570f28e6c5cbe4a2032bebe0486c3db7c2429593b,False,mediapipe_no_detection
6050,train_fear_002284,fear,train,train/fear/Training_71661776.jpg,d6976ba796c804da311108c846df2aba640fdc1b8bbbc940c1713d350d23d297,train/fear/Training_69763159.jpg,2d57484703f1faca5ce96ca77937e5555fd600f309c286cb50da3e162a280fa4,False,mediapipe_no_detection
6051,train_fear_002285,fear,train,train/fear/Training_71667940.jpg,748a8a76acc54be1b63eb64609fe450493d359c77668b7d4a428a070bbe291f6,train/fear/Training_69799062.jpg,f9c95fdcfe8ee806fe5830adbcf8d231635b6f19d86bb933408178ae43381f86,False,mediapipe_no_detection
6063,train_fear_002297,fear,train,train/fear/Training_71858736.jpg,97f0c2674f77c35f2dd7a353906e1aa029a1bf0c205682f1b41428d89bef06a0,train/fear/Training_69993467.jpg,ba60497e59c07de4946af159b862af84c52e60e4607a16cd4eb4319a967a6f83,False,mediapipe_no_detection
6085,train_fear_002319,fear,train,train/fear/Training_72459451.jpg,0285ac066965920358b375fa21a2e3fc9efbe04bbc692f7791a76b586da40368,train/fear/Training_70482016.jpg,881510e1cb39126d5506245a754cdde3f5c90efe7c7761892f31521e8f33034c,False,mediapipe_no_detection
6097,train_fear_002331,fear,train,train/fear/Training_72911220.jpg,7e84cac4ece528bf1878faec12ee8bd1339f3ba449fb01994f8e05ac3ecc0f4b,train/fear/Training_71000748.jpg,755a1f27a4bf8f0b849f778f1844bc4091fce3456804ebab2544a913749307eb,False,mediapipe_no_detection
6105,train_fear_002339,fear,train,train/fear/Training_7303302.jpg,22644225c94a70bd24046c14b1e61aa9f6eae5567c862c8d687eb2ce4913fdeb,train/fear/Training_71221210.jpg,f323482fab2dacf340fd23735e7d3715b50a7c59738b290f02880ecd2286ccda,False,mediapipe_no_detection
6129,train_fear_002363,fear,train,train/fear/Training_73579378.jpg,7a27906b95b3f6069289e8cdeb1c196613bad217fb53f8d09ccbdd3751e0719d,train/fear/Training_71730769.jpg,3585465fad4c4fca5953c7dde7f953507eeb949e43af5e7744547db2f034eb9f,False,mediapipe_no_detection
6143,train_fear_002377,fear,train,train/fear/Training_73973742.jpg,89d5f62e7331a5dd3506d04c84267ee5929763624c302f7cc7061bce9a355f72,train/fear/Training_71983993.jpg,d30e79d7eed52188342d2cc779d27d3ae71073e39931b299b087de9f6d1a3976,False,mediapipe_no_detection
6154,train_fear_002388,fear,train,train/fear/Training_74225245.jpg,0ca3b76e466141add07415753d09e24ae32b341d8f1c78f55da32db79e9807fe,train/fear/Training_72280830.jpg,ffcd87a4ec3d63f82ca7afeb34f685c4df89cafa4fe677168f4592fd425f40e7,False,mediapipe_no_detection
6161,train_fear_002395,fear,train,train/fear/Training_743712.jpg,87a6e3b78f917f3d61757e57a0fefc50fdc3ce4e6703a4c1f3944daee5f26790,train/fear/Training_72562583.jpg,027d5a3cf8a2b73dd81eeaba53d4c9720dd51a7e8d5ec7ca217c56ba3ed60877,False,mediapipe_no_detection
6182,train_fear_002416,fear,train,train/fear/Training_74781555.jpg,531ce63eb45ef8765842d5f07b4b28d585aab10561576094ba87053d3e6bab4d,train/fear/Training_73164626.jpg,d0884f952d180a032270d8fc948c5e556701dbb43655fb8611a5f4a4bf8eaf40,False,mediapipe_no_detection
6186,train_fear_002420,fear,train,train/fear/Training_74984997.jpg,8767e7733e9d9456a2a8b1072415385de5b82ea8cda52850c465dce4eea277a7,train/fear/Training_7323987.jpg,3801caf5589d554f208f80ac0d52befe1c578988c93a6d6ff9f1ec30905172be,False,mediapipe_no_detection
6193,train_fear_002427,fear,train,train/fear/Training_75223274.jpg,2c4f96535cfcd5695150a2be8d4e24748b7dab2d3ea3228173101b6c7645072f,train/fear/Training_73367013.jpg,b98f542a3bb4e05bfa07115e7e96963883a89b14f0db018eff1577bfd4f00712,False,mediapipe_no_detection
6205,train_fear_002439,fear,train,train/fear/Training_75550630.jpg,e10ffb6bf11a71033124fb173602835505353e25b30fb246fa21fd13436cd517,train/fear/Training_73635549.jpg,76d9b758e458907b293ab450ea5e13051d488c9f0b704cd288b6d4ba966f8cc7,False,mediapipe_no_detection
6213,train_fear_002447,fear,train,train/fear/Training_75680459.jpg,ae98fd841d053bfb8356d8d0ac85d5260b64f14902669b8a13e3fdc0827f4f09,train/fear/Training_73883523.jpg,c5647b850ec82d2b7fb7e1c9dd682e5430247f79300d03be30917e3c5186500e,False,mediapipe_no_detection
6218,train_fear_002452,fear,train,train/fear/Training_75906144.jpg,e97b33fda186e92af6da57c84e18dcbb5e2d1738038440363d1bbb553e3b60ce,train/fear/Training_73973742.jpg,89d5f62e7331a5dd3506d04c84267ee5929763624c302f7cc7061bce9a355f72,False,mediapipe_no_detection
6221,train_fear_002455,fear,train,train/fear/Training_75957726.jpg,11cbcfd928c4f586e02d95b4222b33e15cc23f5adebdd14b1ce16e927a7ebcc4,train/fear/Training_74054781.jpg,d04acd6beea194caee2a208c34d2b9a80929bdeaeac3bc2818c00d7853a37cca,False,mediapipe_no_detection
6270,train_fear_002504,fear,train,train/fear/Training_77178046.jpg,7e093d1079b628c23e8ceb429dcda7ee6f10326a80746deaeb0058c7c3ebd0c0,train/fear/Training_75208855.jpg,1de441fa82228ec751613f1c0da933793f3ae4b7928742843ffa78d2e2f06932,False,mediapipe_no_detection
6272,train_fear_002506,fear,train,train/fear/Training_77272441.jpg,9b0b70bbf5dfcd345ed9d862a6851ac404c9c0713ec2dd5581a0bb0d39e98a6b,train/fear/Training_75260133.jpg,0f5cf8d75c6f2b266db8ffaa3f1d04ded300ca7da1a282f7d838c5bcd03dc829,False,mediapipe_no_detection
6290,train_fear_002524,fear,train,train/fear/Training_77694017.jpg,30f8fc640fd5ae7b3360558a8d78d07e4fcc096e4c1c7b08e88c2922a4f122d1,train/fear/Training_75623992.jpg,c7446748c7f200a6fe225e45d6579b1908394268de5749ebd038cde87c73afc8,False,mediapipe_no_detection
6297,train_fear_002531,fear,train,train/fear/Training_7785452.jpg,40cc6961b5e74e5c99c5b24631e81628af6a7d3412625848a975bb8fea800183,train/fear/Training_75906144.jpg,e97b33fda186e92af6da57c84e18dcbb5e2d1738038440363d1bbb553e3b60ce,False,mediapipe_no_detection
6316,train_fear_002550,fear,train,train/fear/Training_78305773.jpg,ec0b030d8c20bf7d6c9cabe3ad68a4a9ef27ec41024714f1005bd45a40415f4b,train/fear/Training_76444361.jpg,1fd55bf2db259d79f3611146832ed4d22f8a7f4aa66c3dc03e64db84dc428642,False,mediapipe_no_detection
6361,train_fear_002595,fear,train,train/fear/Training_79788062.jpg,410af008d5e3f80acfa86b2360620c9048b166d50318c23380d3c968d6a9e944,train/fear/Training_77693379.jpg,e4d4d23318016c522e34e17234b12e11ddd78396c8b8bd8977984be29feed6ba,False,mediapipe_no_detection
6380,train_fear_002614,fear,train,train/fear/Training_80605908.jpg,ecc7f9ff97339b18fbcbf009a1430dca2011e5eb75c193bae6355e5dcca120e4,train/fear/Training_78065842.jpg,f8041cd03d39db13f64f1dc7c6fb7927c63403be52ea740ddcbf203f5354baf4,False,mediapipe_no_detection
6387,train_fear_002621,fear,train,train/fear/Training_80630985.jpg,61b90fa36a813c36dd0336db45f84c82db0047d1b1eb3aca14055a884b75f81a,train/fear/Training_78266348.jpg,e8249738ebe5b0446177258f5a59f8ec36b3a78517790a65affe2cd7322f4c54,False,mediapipe_no_detection
6388,train_fear_002622,fear,train,train/fear/Training_80643648.jpg,a34d602e18b034944dcbb0cdb844b01941ae54e1e3a52d9c4075a3aa736e12c6,train/fear/Training_78276840.jpg,e2a50eac8da4ae5e445de72984404ecccda75c5a590534292fa7949d5610d1bd,False,mediapipe_no_detection
6409,train_fear_002643,fear,train,train/fear/Training_81173505.jpg,565ddbc8ec6649608eb743334d760f0e59afc8ec6b5883bf6efe7ba79a6f07be,train/fear/Training_78847084.jpg,7eca330029145d9c2be044188fe21db1f52089ce1c885d8d394814f07fc9af7e,False,mediapipe_no_detection
6422,train_fear_002656,fear,train,train/fear/Training_81484770.jpg,cac926ffc36796f053f348097d3b30f39906103b19a671dcaeab7ea715a537d0,train/fear/Training_79305631.jpg,22ce6529013d05d10777f8a5569c299e1b35a50f6fb350dcec2cc943ceeb49ec,False,mediapipe_no_detection
6448,train_fear_002682,fear,train,train/fear/Training_82134230.jpg,a17f06d4f063b699b422f8f037ace551e79769f15569d5c9cc22e0ea1b0e60af,train/fear/Training_79967245.jpg,ed2a590011e1cba8ddc2f1ed34d16d2e09143eca98eed3658430e30e6382f6b9,False,mediapipe_no_detection
6455,train_fear_002689,fear,train,train/fear/Training_82447115.jpg,474ce02037b4f6a57a4e0e9b2735df9069ea170268b803bb4cb226315187c0cb,train/fear/Training_80234111.jpg,42338df545e98820596f924e8be455f7a451321b6de93b88d9eaea12df06f8ca,False,mediapipe_no_detection
6472,train_fear_002706,fear,train,train/fear/Training_83161199.jpg,b1b8aed85dbc8133ae1719856713b576c9d7be99a67f736f99fe5bb1cb74f4ac,train/fear/Training_80643648.jpg,a34d602e18b034944dcbb0cdb844b01941ae54e1e3a52d9c4075a3aa736e12c6,False,mediapipe_no_detection
6479,train_fear_002713,fear,train,train/fear/Training_83312568.jpg,df413d4c52f00315337471a8c62db774b39b34f9b3a198847e3c604c2e0760ba,train/fear/Training_80765992.jpg,d8451a24a316ac5676251ea4740cbd1256aa5ce778082d554b1dc27c5a7a452f,False,mediapipe_no_detection
6492,train_fear_002726,fear,train,train/fear/Training_83695146.jpg,eefc5ea86c81d1ccbec3d18a24036a2cd61040d43864efaeff139c4f8409b337,train/fear/Training_81173505.jpg,565ddbc8ec6649608eb743334d760f0e59afc8ec6b5883bf6efe7ba79a6f07be,False,mediapipe_no_detection
6495,train_fear_002729,fear,train,train/fear/Training_83789623.jpg,d50303b0b1e1cdbe4c5d356c6528132914f2fb351fd92996daadd259fa53578d,train/fear/Training_81240189.jpg,cf7b82710e49b0239a7ea08e493b7bf9850ef3f167269753862104ba09130833,False,mediapipe_no_detection
6515,train_fear_002749,fear,train,train/fear/Training_84064155.jpg,9f5b5979d57e4aea3ba57184c8fb602d736ea10a347f73aeff82a0eab35e1968,train/fear/Training_81764761.jpg,71c20fcec20c4186ff1c266bfaef50def4d6e3cb21c9e794c9a9c34fd77f98e3,False,mediapipe_no_detection
6547,train_fear_002781,fear,train,train/fear/Training_84822243.jpg,e0769bdcf9baa718c30fa9d2e1ca333687e06da1a2781183195a2967d097c080,train/fear/Training_82788174.jpg,52087f7d5d08cba2d7375989cdeafdc5272a43ee8f26994c62727526d5276c07,False,mediapipe_no_detection
6552,train_fear_002786,fear,train,train/fear/Training_84897426.jpg,d9b456d75e4404c38f9566939dfa437b813474a19fc96b4ff4c5833489438a27,train/fear/Training_82966035.jpg,25fc33c25422c9eeca98e708856f18453e20cb068008a7c2b9ea3a4923ebc4c9,False,mediapipe_no_detection
6563,train_fear_002797,fear,train,train/fear/Training_85125701.jpg,8c04843024407177e49eb44c2a8b956573e29854b7b8f9bd1fed3ab17ef5b3d8,train/fear/Training_83259569.jpg,f67e3343105845481af4c0e31f01c2aebdcef509e7407037a420ef41e6d195f8,False,mediapipe_no_detection
6585,train_fear_002819,fear,train,train/fear/Training_85786198.jpg,254c9a58c036058a9fea8cd765eff6e0eb829a85d01ed2d59d2cae698c382987,train/fear/Training_83871755.jpg,6b99cc8dc26915d290a12b3ebe76a1e84a01aec94b41b53f75c2cb0a870f163f,False,mediapipe_no_detection
6594,train_fear_002828,fear,train,train/fear/Training_85916307.jpg,f72a7842225c8992bdbed4e30d28b8c61ac5616c4ae3b6b2c1ed639e6d9f4510,train/fear/Training_83991291.jpg,b163cf2cd3d734e069c1a2161c93bf6fa8e5a864c35a83d18b783b18cef1d038,False,mediapipe_no_detection
6605,train_fear_002839,fear,train,train/fear/Training_86101318.jpg,6ae46188e01cb2c6ebaa96e999200961e91b2c1e8c9d05743f07aa76f022c74d,train/fear/Training_84205066.jpg,739f159b0c5573030f34d019c18e83181deb9c45436dbf7259779b72af5ea5f0,False,mediapipe_no_detection
6626,train_fear_002860,fear,train,train/fear/Training_86715318.jpg,2ee0bcf47ae77f7c9b74bee5bde1c4167e8d46c627a2bdf6d8c87330de1a88fd,train/fear/Training_84697810.jpg,22e2f7921391709d69cbcbab8541ae997acfb8a74ee57db1f98744017e893a60,False,mediapipe_no_detection
6640,train_fear_002874,fear,train,train/fear/Training_87272289.jpg,2858f6593613b12a357e79dc73729d6f0e2fef1c8462fe762aaf6bd0d1cd0e67,train/fear/Training_84904462.jpg,06bc3c9f750ef89dc03d7b5036a2c4df01f2f066a0309694cfbf0c7cdb443486,False,mediapipe_no_detection
6647,train_fear_002881,fear,train,train/fear/Training_87362866.jpg,8477fd79cdc4a5dbf291b746b57f14a43b9414c02a71eb48656567c27269a410,train/fear/Training_85023733.jpg,c9fd19044ce4b5d513024e79edfa58a88522f6ae137742a2fd7ec3bcfa55925b,False,mediapipe_no_detection
6701,train_fear_002935,fear,train,train/fear/Training_88749455.jpg,a999090f74d9d573df43d3b3ad2ea7ea107dfd5b85a44b52b8336c3cc4e58af4,train/fear/Training_86357524.jpg,2824f02eedf13f546fa2d84ff81be9b174b762c242b1b70574229d0e43125701,False,mediapipe_no_detection
6731,train_fear_002965,fear,train,train/fear/Training_89529453.jpg,8cdbd2bbd738967ea029f8b5fbf21fbfcd15e38c2407593515be71ce27ecb7f9,train/fear/Training_87308235.jpg,c08ceacfea8ba8934df60c66feb177dd9e6ad710fc50ab20568a55d38963ee1c,False,mediapipe_no_detection
6748,train_fear_002982,fear,train,train/fear/Training_89985124.jpg,5ae8ed556a5d759d393d65a5a20e2fddba8f694a1b034ef3ea0b2ee2a15eaf0f,train/fear/Training_87810830.jpg,7ae1b4f9072c18fcddcb45a31ad33a57bae72e0a0cd41cd2880478ca725f6266,False,mediapipe_no_detection
6776,train_fear_003010,fear,train,train/fear/Training_90746169.jpg,f80174e5119cfdd2817704b28fb2cce6dab203aa40fd0c553ce6d6ac43f748b5,train/fear/Training_88439345.jpg,df9b035c226dcc2ee13368bb9570b6ca3238352f295526ee5f3767fcb6d7a33c,False,mediapipe_no_detection
6792,train_fear_003026,fear,train,train/fear/Training_91070801.jpg,23fe0f862f8e90d270f38a37c25a52559911ad423673d34a221f52cf1d14032f,train/fear/Training_88755071.jpg,10a2b9a190bec39b7d9c32107ddc37b8a02f3219cb2054a5ecb6e8e2ad58df92,False,mediapipe_no_detection
6814,train_fear_003048,fear,train,train/fear/Training_91782114.jpg,21100ddca27d4bbd02230922f47f4d18af8c7d4e45ec844f4a1f4daf14b7ee07,train/fear/Training_89268024.jpg,655eb660b0ca43957e4e598a7eb1017e29aa68018ed69754d0c95cd5061ca3d2,False,mediapipe_no_detection
6827,train_fear_003061,fear,train,train/fear/Training_92168412.jpg,9a7e881a90d3f76d053bc88bfba467d554cff7ff69c12a1821e5e1824a40adfe,train/fear/Training_89643824.jpg,cd9ae7fbb7bd28ef4ade5f439214d585f54281ef9814070a8c2d0539bab60bd2,False,mediapipe_no_detection
6835,train_fear_003069,fear,train,train/fear/Training_92351271.jpg,1f39dae6d7365f7ca25bf30444e24ad466080d037707e369d4c5e01de3b02e5f,train/fear/Training_89882062.jpg,b9021aa69ec27deb2027b5ca661ff6b72853f2876328561cb2b677264c1e64c4,False,mediapipe_no_detection
6843,train_fear_003077,fear,train,train/fear/Training_9252013.jpg,f4cf95b362b63ad62c6b094a035ffc36fdb95f46bf702a8b9d14dd9dd31b0784,train/fear/Training_90069123.jpg,587fa216187300d949a6ee60e3d72b1949e1284df0e8ff86d77cce527075cf12,False,mediapipe_no_detection
6844,train_fear_003078,fear,train,train/fear/Training_92534929.jpg,574e6d01a5373ddc390709aa4503123f912549a9187ccc8053a5ba9ebe651f92,train/fear/Training_9011648.jpg,7514dceb2261a47ab86d78e8a20ceb99b8ced274a0a4ad244b68a3dd4e0f26b5,False,mediapipe_no_detection
6853,train_fear_003087,fear,train,train/fear/Training_92698411.jpg,c5ce9317aa4c28763001e9dc7a455e3cb67071022edfb5dad90b3b9b48e09cde,train/fear/Training_90374410.jpg,6c76751a99c06e934fddaa39198fc09ebf9824811e449d5e0d1db6bea59f5781,False,mediapipe_no_detection
6856,train_fear_003090,fear,train,train/fear/Training_92751133.jpg,5d1644dfc5e7cd5954390992cbf623a628026302e7a38a32422ef60b76b1d121,train/fear/Training_90390677.jpg,bfc79576984af6bee678ef8149588cf9f5bcb4b11c8eb5c743674ddbc4d39706,False,mediapipe_no_detection
6882,train_fear_003116,fear,train,train/fear/Training_93349355.jpg,44b0813b77eab828c043cfc328c5c4b4d91ae62438b53db81735b1593ecb449e,train/fear/Training_91005353.jpg,aebb062951019fefe94643dfa1f1283c13749db2ffad2efd8472e4ba63ec08d8,False,mediapipe_no_detection
6886,train_fear_003120,fear,train,train/fear/Training_93456728.jpg,7fc5acc8c9f20506d5ecd37ce216a7532a245c6b39287e8d501ef0108f2a5574,train/fear/Training_91035569.jpg,6b0c6c775412ddbb1acdea5d74c79ac37b226d613babd68e6056f9c5e4102571,False,mediapipe_no_detection
6893,train_fear_003127,fear,train,train/fear/Training_93653810.jpg,969e50d07373399c151e135e8eb592ba09af55c8ac0dd6b7b1a1855fac123190,train/fear/Training_91342300.jpg,3b0196fa91c1080628343a32a05a79a3587677f5bd6052b5a58bf1641d2e8715,False,mediapipe_no_detection
6899,train_fear_003133,fear,train,train/fear/Training_93885172.jpg,fc09e26191460da6efa9285a3b4904fdf6d32917064929db24fb94f4fc1bda8e,train/fear/Training_91514574.jpg,b5a55069e362642689eaf4b06ae1844c0c46e9eaf5f5a93864b244844dbed1ce,False,mediapipe_no_detection
6910,train_fear_003144,fear,train,train/fear/Training_94085355.jpg,b20ec39260c4d0a8958b7eda2c9748109cae5aa8b81492b7f2bf3bf3ed928932,train/fear/Training_91892302.jpg,ae3c7874d0f13e505712983a7341e1f016faf660d8b171518fa2de017c49faef,False,mediapipe_no_detection
6922,train_fear_003156,fear,train,train/fear/Training_94295464.jpg,92d599fcabeb483a14da3649e225d0899d3d4e8d3d7e2f84d6dab4612243b2e7,train/fear/Training_92235969.jpg,7032f4e92f582992728e5c073d9b71b92bfb279f194470996f49171f7c9f7f9f,False,mediapipe_no_detection
6933,train_fear_003167,fear,train,train/fear/Training_94644111.jpg,d394b2376983a092475df58c64929a503134c36323e40090793fb05279a94360,train/fear/Training_92510823.jpg,4b6f61e8e4d5567301255143682288ba5b2861ae5b48bee85c8dcb642e74b563,False,mediapipe_no_detection
6940,train_fear_003174,fear,train,train/fear/Training_94762205.jpg,21c6d7df1dfc7f04fbbbdf3d887a7fc0a34c7abd36e3eabd807f01520bc2f8d6,train/fear/Training_92652283.jpg,1c498e579c2fca4286659006f4d2ed84a87769a9753c834d77c60cb62447edf3,False,mediapipe_no_detection
6948,train_fear_003182,fear,train,train/fear/Training_9494885.jpg,e6ddf9394af6bd11416922944dd680af936e508d924914df67cf554e16209933,train/fear/Training_92733372.jpg,a407c426638cce99008bb975edb217c23418eafdf2c77ed89826a7fba09ecd9b,False,mediapipe_no_detection
6955,train_fear_003189,fear,train,train/fear/Training_95152208.jpg,97f76354a07f1979d49f61c995af18671fcb2d3ec67ad89db45cb06bd30808a7,train/fear/Training_92825199.jpg,1d24ec43c22d40122d99e93e12987c241809faf8ce664ac9863b495649bfd8c4,False,mediapipe_no_detection
6959,train_fear_003193,fear,train,train/fear/Training_95182108.jpg,93e11374c06a582813376da1a9c40a20822f28da8624c8fcf6bb47cbe5a7ae88,train/fear/Training_92907562.jpg,a977fa8d9ca6c9e898d5a75e06435806e65766701027c92bf94135a878b4dc50,False,mediapipe_no_detection
6995,train_fear_003229,fear,train,train/fear/Training_96222896.jpg,47c134096d9e22a3a43c24160765750e8fada578b36c57db021b8e9f2b2172f8,train/fear/Training_93919341.jpg,1eeb64560bc6b243f8efd2168dcc92601889f7eea96b49346e2b7d9a4c75d5e4,False,mediapipe_no_detection
7009,train_fear_003243,fear,train,train/fear/Training_96579332.jpg,a4d034516351cbfd43e250ac7b0679ebca13806685f2072046e245aa74089cf2,train/fear/Training_94117631.jpg,e1dd0f1276d967b404cbf449b39b317f747b0f25e705b3ad2dd788d29a1eec45,False,mediapipe_no_detection
7049,train_fear_003283,fear,train,train/fear/Training_9791769.jpg,71576683a1d62ff34ed66901cd062953e2ac80f37d36001f679135754db2be2a,train/fear/Training_95098955.jpg,474f5353fc2ce0767525abacc7a67d5a54a4995881b8f1d414fa24a84087547e,False,mediapipe_no_detection
7066,train_fear_003300,fear,train,train/fear/Training_98282504.jpg,d9c299d2c8f868743ba47c13d685d7924794ba93c4866056091bcee1d6a81eeb,train/fear/Training_95444082.jpg,dbae78c43df017c25c9889e1647df8a48a3524879de2b2844915da93d342158b,False,mediapipe_no_detection
7082,train_fear_003316,fear,train,train/fear/Training_9874848.jpg,0c21529d47d875eefce649634095ea310bc00c2b044ea508a2e03ac269ed4cfe,train/fear/Training_95919035.jpg,eaa3375c2e5cc46ab5fa8a038deb20d47c627ee9042bd5af280ab2b69353441f,False,mediapipe_no_detection
7120,train_fear_003354,fear,train,train/fear/Training_99620119.jpg,77cb70f86c36b87a0b6853295d0312cf3c9f123174eb17893ca1bd84d109161a,train/fear/Training_96805207.jpg,8130aa1bf18ab65b1696d337733832001f8843b86fef004608ae8c3caa46d805,False,mediapipe_no_detection
7121,train_fear_003355,fear,train,train/fear/Training_99677329.jpg,e21890ed775cc74e5b2a04592f7c1bcb08de6a76bfbd01f64d8ae9806349298b,train/fear/Training_96857596.jpg,4fcb118f2dd70f0c5b45fe488eafeaddfcdd56f1d446a9fed74ca4c22021821f,False,mediapipe_no_detection
7126,train_fear_003360,fear,train,train/fear/Training_99746168.jpg,d3a167bc87a0df2572d011c1bf472873d1e8c95b89ec323f8ba4d6fb3b60fee4,train/fear/Training_97055439.jpg,42f39f1cf3cfb430c198988e143aa7242d736976b31556a9f43b62f903fc4cf4,False,mediapipe_no_detection
7141,train_fear_003375,fear,train,train/fear/Training_99999696.jpg,0b0d912c82ebf9ee0dc8b0a73e390fe42878d4c616d50ee7fecddb3d2c6065f9,train/fear/Training_97671427.jpg,420d1b3531cde230b7f8e60ba6cd30f121b8f953ab40aef45decba2d2277d395,False,mediapipe_no_detection
7257,train_happy_000008,happy,train,train/happy/Training_10127474.jpg,5f9bf18d309ee523895ff855acdbb334b8cc5516f98201e9cfdfce70b7344078,train/happy/Training_10127474.jpg,5f9bf18d309ee523895ff855acdbb334b8cc5516f98201e9cfdfce70b7344078,False,mediapipe_no_detection
7328,train_happy_000079,happy,train,train/happy/Training_11223609.jpg,ac2bb6f6dfb12fd7316d2ae9e556cd0ddd3c9414e9b43fe52247eefc1f83183d,train/happy/Training_11223609.jpg,ac2bb6f6dfb12fd7316d2ae9e556cd0ddd3c9414e9b43fe52247eefc1f83183d,False,mediapipe_no_detection
7354,train_happy_000105,happy,train,train/happy/Training_11542220.jpg,e95b1276eddaac7cc29fec792060df74f5c2f0bc28e51d280390eebf134ff7d4,train/happy/Training_11542220.jpg,e95b1276eddaac7cc29fec792060df74f5c2f0bc28e51d280390eebf134ff7d4,False,mediapipe_no_detection
7361,train_happy_000112,happy,train,train/happy/Training_11556970.jpg,32daf5449eec78b66afd297ede48d63d7bec94678d05d3e57de5a74ebbd9a3c8,train/happy/Training_11556970.jpg,32daf5449eec78b66afd297ede48d63d7bec94678d05d3e57de5a74ebbd9a3c8,False,mediapipe_no_detection
7405,train_happy_000156,happy,train,train/happy/Training_12140341.jpg,15f1ca9a2172d7b6a00206c73479e0eded5cc020ee9cc4f77ead6a3a5808908c,train/happy/Training_12140341.jpg,15f1ca9a2172d7b6a00206c73479e0eded5cc020ee9cc4f77ead6a3a5808908c,False,mediapipe_no_detection
7417,train_happy_000168,happy,train,train/happy/Training_12336656.jpg,78088d4a9c2f5c24fef962f67d352dd7ac9cf66ef5e2ec894f433230e3b4f3b3,train/happy/Training_12336656.jpg,78088d4a9c2f5c24fef962f67d352dd7ac9cf66ef5e2ec894f433230e3b4f3b3,False,mediapipe_no_detection
7513,train_happy_000264,happy,train,train/happy/Training_1364426.jpg,6f8cd8103c42b58eadc691ba0e6d0a19a960476cf0a25dba942e11fafcc8a4bb,train/happy/Training_1364426.jpg,6f8cd8103c42b58eadc691ba0e6d0a19a960476cf0a25dba942e11fafcc8a4bb,False,mediapipe_no_detection
7536,train_happy_000287,happy,train,train/happy/Training_13969968.jpg,8cb940836d97581e1d6ca011df0b57c6e11959b72e078c991ada764dfd12cc4f,train/happy/Training_13969968.jpg,8cb940836d97581e1d6ca011df0b57c6e11959b72e078c991ada764dfd12cc4f,False,mediapipe_no_detection
7553,train_happy_000304,happy,train,train/happy/Training_14337129.jpg,41752b98da79c480104bb07cd13b361efbe468f265763de1398ed536578344e8,train/happy/Training_14337129.jpg,41752b98da79c480104bb07cd13b361efbe468f265763de1398ed536578344e8,False,mediapipe_no_detection
7570,train_happy_000321,happy,train,train/happy/Training_14538399.jpg,c3cba2469d3400814fbc51c413809edb01fe611c5b5043e5a3673adbd0b11b93,train/happy/Training_14538399.jpg,c3cba2469d3400814fbc51c413809edb01fe611c5b5043e5a3673adbd0b11b93,False,mediapipe_no_detection
7573,train_happy_000324,happy,train,train/happy/Training_1460262.jpg,61eddcf4b4786e50fe0e1313a9f8e2419b53ea67de876bfef95a5c2fd49b60ea,train/happy/Training_1460262.jpg,61eddcf4b4786e50fe0e1313a9f8e2419b53ea67de876bfef95a5c2fd49b60ea,False,mediapipe_no_detection
7583,train_happy_000334,happy,train,train/happy/Training_14805151.jpg,bf904c700c7131c41c27779c365686dd656eade91c7a120fd77a9f6d5020b5a2,train/happy/Training_14805151.jpg,bf904c700c7131c41c27779c365686dd656eade91c7a120fd77a9f6d5020b5a2,False,mediapipe_no_detection
7620,train_happy_000371,happy,train,train/happy/Training_15492038.jpg,53241a77a66b4de83b31b0bf50aaacb0d6894c558b0b5867a1d5054ee364953a,train/happy/Training_15471955.jpg,d3da06646ec89b15c2b1a6fb345474f0a54f934ae0e971b1c1a5b973eedb697e,False,mediapipe_no_detection
7631,train_happy_000382,happy,train,train/happy/Training_15612574.jpg,4a53735946b37cb76443c399f2d30955ef107f4002af3684a58fa4a007ec7a83,train/happy/Training_15602053.jpg,3abab14cbc03d8ba2a8567ef067571b1726660cd08bf8e66033e4b324edc57e9,False,mediapipe_no_detection
7648,train_happy_000399,happy,train,train/happy/Training_15844323.jpg,6afa0415732320247285ed8ac1365bb835e703d1c1ec9360bd750474bfdb1a00,train/happy/Training_15813125.jpg,ec2371f65de64c47265632a713fc69996f64bef833512a8e061a7a223b956909,False,mediapipe_no_detection
7748,train_happy_000499,happy,train,train/happy/Training_1726444.jpg,e5b622c1603e7e1c3a20f63007eef50f247ed7d1769143d9993e0a3d0206c543,train/happy/Training_17222055.jpg,a07b4544cd672353573383faac56f26df28da99e39a785eb65657a2637a6cd1b,False,mediapipe_no_detection
7782,train_happy_000533,happy,train,train/happy/Training_17768369.jpg,8f238bef407f833d4e7249e431fc0d1d1ea4a74b6c65931253651bea7f1f3148,train/happy/Training_17717350.jpg,61d70f432066e8bcb3daed99fb3c25fbfdbd33c7e184e099f1d2ac0df9a50bcc,False,mediapipe_no_detection
7795,train_happy_000546,happy,train,train/happy/Training_17932142.jpg,6e09bb7e8bdeffbbf479556cf360a824ece22c41e8debad28771586b9109781c,train/happy/Training_17877975.jpg,9964a829c48e65e1a885bcafde289e9a63867babdc41895cdd4063d5d597685a,False,mediapipe_no_detection
7809,train_happy_000560,happy,train,train/happy/Training_18039046.jpg,2078978595507b5c63fec436ed376624e106bcdbe4cbd09605d237a3ae7b6f85,train/happy/Training_18019105.jpg,705db8a6bcb09aa7957146a60bbc897486296416616c918e9c93323c574c9f3f,False,mediapipe_no_detection
7821,train_happy_000572,happy,train,train/happy/Training_18194604.jpg,001db3c04e160dd1238750b0dcb84ec6f6d4d600db954a9ba46f06b3fd830005,train/happy/Training_18134881.jpg,0bdd8104da751f799beb8048b96d11ea4d60cfc0ab1d21134aa2a91cb6c10b1f,False,mediapipe_no_detection
7823,train_happy_000574,happy,train,train/happy/Training_18247833.jpg,52cd78e6311bb97503b72d8cea1eec8c89a262679237164cb82e4861a85f4cbe,train/happy/Training_18183676.jpg,fa67b4ca28e8dbf65ed2667b12a79e5477cb68d0eb47b6711df2d3e483d81cd6,False,mediapipe_no_detection
7917,train_happy_000668,happy,train,train/happy/Training_19453181.jpg,fa2c0fa599c726f8f07532354e0e1525657c9c572b474357dce8c71f83811dc7,train/happy/Training_19344331.jpg,2011c7ec0665ba71942159e9348a49fe3e69b3af55b889c77801f8ffc07207bf,False,mediapipe_no_detection
7935,train_happy_000686,happy,train,train/happy/Training_19727672.jpg,b692949e7652c928fd6564ed2f3d38f9f7a8bc5b95bd445a2eaaa897831af5a1,train/happy/Training_19650210.jpg,30dcd5cc457f2242fc44be22ca7438f19c66327c648a431cda61a0c44059bc8a,False,mediapipe_no_detection
7961,train_happy_000712,happy,train,train/happy/Training_20172329.jpg,9e46b56398b32874df5e01d1758f2c34bf8f7e5ffe09ffaf428e047e93fcdff2,train/happy/Training_20065812.jpg,e8b1c3858d9f02da216cfe4cdea7289aadb0890dfee2a6e7b3bc9115183e4915,False,mediapipe_no_detection
8012,train_happy_000763,happy,train,train/happy/Training_21243772.jpg,8cc3c932d07f0271ddd62208afe6c54944e7643b6cf71e613b522a0f63df96b7,train/happy/Training_21167328.jpg,acfb6fe768021ca710b6e1543efbc1ac8b9ffc4d4ac2ab68ac51bc9a608144bc,False,mediapipe_no_detection
8028,train_happy_000779,happy,train,train/happy/Training_21500746.jpg,e634ba785dc0d8d180fb309d978be49ddea71f605b2e056b4373cef5d4276d02,train/happy/Training_21401680.jpg,0a2df39b60c21a534a7644dca4567a0c268c5dd3c07465dac3829b82fac1e7d3,False,mediapipe_no_detection
8067,train_happy_000818,happy,train,train/happy/Training_21958100.jpg,428d2bdeab5c43ae423278f13419cc88ee5e615e2b291840c313fc8d4feb6474,train/happy/Training_21886523.jpg,d85608173b9386dde7ebc9b7bb3932828f11563b8923cf1d3b9969d535c1fd6d,False,mediapipe_no_detection
8102,train_happy_000853,happy,train,train/happy/Training_22574848.jpg,73e1c0bb871c8554ffa8f329a69c5f01de60356d271f0405231737389f02b17d,train/happy/Training_22418682.jpg,8d3703638f8b9d14670173b7e52c674b767bb0771de32d469f32f792e1430646,False,mediapipe_no_detection
8119,train_happy_000870,happy,train,train/happy/Training_22796839.jpg,ea25b0ad3fb171a32acc8b7fe053b3cf5b74aa228ff18fed2a30ee2aa9a94af9,train/happy/Training_22663217.jpg,e808f520041a05f29ebb2682ca045b0a79e08d638f5e6444c67c38c1c18a9b5b,False,mediapipe_no_detection
8128,train_happy_000879,happy,train,train/happy/Training_22923761.jpg,7f82acc19e4ef444a933ba22ffbc14a144d02d4a90fd4bc96faa4af54f13d262,train/happy/Training_22820226.jpg,a768f0e6f095f3dc1749ab9174079430ba7e071976d06b3461318c83ce65a24c,False,mediapipe_no_detection
8139,train_happy_000890,happy,train,train/happy/Training_23096888.jpg,8e50610c22cebdbad64927a74d1fbb008860fe699373e7af7d0219844f3c426f,train/happy/Training_2300493.jpg,ebf758f73f9e8b1d6fe87293caca856c34f97d4d38f0e15c291efc4291918df4,False,mediapipe_no_detection
8143,train_happy_000894,happy,train,train/happy/Training_23147034.jpg,04c63ec5ebfe055f87757a8597131c602efdde75fc89736e6ce68cdf8b87c8f1,train/happy/Training_23052520.jpg,0c1caca64fb2d2740a385c41f44536deef98b468e0f7c65d0440dc07751316e8,False,mediapipe_no_detection
8204,train_happy_000955,happy,train,train/happy/Training_24165033.jpg,49d02f77b412d2413e30e4ed6db9866e7081c3f55b1a01cb936938a5e5eae8f3,train/happy/Training_24046517.jpg,171f068e39413f16c59b31994fe774c4ffa74b5b37c65df43af32e7c7ead863a,False,mediapipe_no_detection
8236,train_happy_000987,happy,train,train/happy/Training_24567745.jpg,94a03e2fc4baf894e38b062f69d39b97bfe6e7508c31f0fa01afa67f4cd9d522,train/happy/Training_24461402.jpg,f1daa80d1d2070f6a1ee4f8bb9e98f189ca2a24922eb7a3592328182cd62b136,False,mediapipe_no_detection
8267,train_happy_001018,happy,train,train/happy/Training_24884940.jpg,3b9fcec29c4db4801c3d3c84570286a3d0d80cf8851ae0e3bc709805ce15a8f1,train/happy/Training_24831449.jpg,6fe948ac95ff9c3b98ab85983cbd5052d76bfd49a4467f04d5f18d634668809e,False,mediapipe_no_detection
8271,train_happy_001022,happy,train,train/happy/Training_24953497.jpg,578232bc77eb1c2fdb046efc81dc76481fe005527edc2dcede836ed6d2a177ec,train/happy/Training_24881869.jpg,8d0b0f3b4bf1782ec8178a5e540d246dc65b8c40eb35f56e8f216ec0ec195a1a,False,mediapipe_no_detection
8321,train_happy_001072,happy,train,train/happy/Training_25462831.jpg,7bab6ff1401f6fc206da30b96fdf6e5de683e5579f10a2c7cd5477b137a8c865,train/happy/Training_25358642.jpg,74171093975783613ca47d4fb63025ec89f10d4578eb9d795bbbfa1f33204e6f,False,mediapipe_no_detection
8344,train_happy_001095,happy,train,train/happy/Training_25900580.jpg,66d6c879d9394edd6e498cfbf96326fdc31e41f4f027fb190f9f04815bbb2e7a,train/happy/Training_25768878.jpg,c84de856cd2d2f569485cf7da9f0fef14cf82cbce276e7aae1eb98675e076a66,False,mediapipe_no_detection
8348,train_happy_001099,happy,train,train/happy/Training_2598164.jpg,9b88165c00984db76c92da126139476db45cd00d55b46a128e3df8f58f373dc5,train/happy/Training_25787762.jpg,ec2d94840311829e9d1c2b5996bb02204098d97a5005c5e5ee065bef3ba6b507,False,mediapipe_no_detection
8394,train_happy_001145,happy,train,train/happy/Training_26667023.jpg,e86c62068acfa2446220a9fbb8f6179637af491b89698e67f7397b9f95a6608e,train/happy/Training_26550588.jpg,e3f215b75b28ef7c8e4e7e95e1b5f4b5baf69983dd8e4ee7b54165fe1d91e7bd,False,mediapipe_no_detection
8426,train_happy_001177,happy,train,train/happy/Training_27053118.jpg,8fc16645e3a6b47f24aa144784b322496464631368475ac7fe0208db1ac2d866,train/happy/Training_2688107.jpg,02ae61d5a861920aadb690f56340c809fae05aa783af393d4a341cfb18d4a31a,False,mediapipe_no_detection
8471,train_happy_001222,happy,train,train/happy/Training_27668427.jpg,831410040bd7df469a7ab76faa9a749b5a66bdf3634e6a24fb67b0eceda40b17,train/happy/Training_27504789.jpg,c68e837f1a9f78f0eb9b98196accec7cc91d666b887650eae523bdd53d667ca9,False,mediapipe_no_detection
8474,train_happy_001225,happy,train,train/happy/Training_27690434.jpg,ab4b935dec55ff8d08f23312947f4036bd70d9d0e509848c13bdb586989e6929,train/happy/Training_27528830.jpg,2ff2a864eec4a9db6d8149bf0abd6d5f68c84dabac68cbe9535e75e8195edf81,False,mediapipe_no_detection
8522,train_happy_001273,happy,train,train/happy/Training_28350697.jpg,cf52025ac011ed1bac3f0f4415674d34ba768e07c681dfeeb811bf6451e3c084,train/happy/Training_28176271.jpg,58cc7ccbd59a6e4fd6b0498bf781f578b8bc5b8615b8f5bc7bed4b806a3354b8,False,mediapipe_no_detection
8558,train_happy_001309,happy,train,train/happy/Training_28812679.jpg,c96e593453588d28ee9e6704c58b0c89372849d2128b33fcc2f7c6b49ae48902,train/happy/Training_28601163.jpg,78b31d7c8cb99153746e7ee9c52822d8e2258ac9499cb172e738d8fd398fc711,False,mediapipe_no_detection
8563,train_happy_001314,happy,train,train/happy/Training_28936585.jpg,4a3a4f9f8010f37e6fdead7a0245b5179dbdc634a7c2909415bf7fd641ea34bd,train/happy/Training_28752777.jpg,2059356a26f119c395a293237477677f71919805a9d1fdda1ca96b1a19495c1d,False,mediapipe_no_detection
8585,train_happy_001336,happy,train,train/happy/Training_29127389.jpg,ca08c46336b8741f55c7cecc49005bcb3f76eb7e753cd1a50502466a8cb86c84,train/happy/Training_29029256.jpg,5d62617a37da67b3af928cbb739312f0f746e4867530090bb9bb6fc1c249de6c,False,mediapipe_no_detection
8601,train_happy_001352,happy,train,train/happy/Training_29406828.jpg,51712ca7d512ed85e6b8e85164a548dde566bf232d37d251bbcd864f11bb1873,train/happy/Training_2924416.jpg,c0f36c07a86f8f2aca7582b03c25fc12a0d3fde2c2170031d4f169e7bac1eba1,False,mediapipe_no_detection
8674,train_happy_001425,happy,train,train/happy/Training_3052963.jpg,f098c28bd39ac0504e1ada3f474a5ccd8b2d196d5ff2be20ecac65cb24a2eda1,train/happy/Training_30373500.jpg,d7b447d8da32fb47a355ed8ad9b3537ddb1b55150d24d14751c940ae38d9301d,False,mediapipe_no_detection
8685,train_happy_001436,happy,train,train/happy/Training_30725307.jpg,b1fc5cc15f42c698b8d33e99bea49cc24e83d751a7934378676f841f6be1d7ed,train/happy/Training_30536062.jpg,23e83796a403042a69254bd088b2055488a6085c22fa8270dd7d1dc85a1abcf7,False,mediapipe_no_detection
8691,train_happy_001442,happy,train,train/happy/Training_30781265.jpg,79f0cec7fac829fab6a6cc0290c8701fedd4f686fe9b652d26e73e4266e39ca3,train/happy/Training_3058822.jpg,489ecfadf012ad369228694a14f744a3418e6c7d600b28ddb0dde4e948e0453f,False,mediapipe_no_detection
8697,train_happy_001448,happy,train,train/happy/Training_30893731.jpg,2f43d3a123216c6c580f0fd3f5431fda0bd96970a25819765a05c289a931e051,train/happy/Training_30718524.jpg,0310096f56ba902a518797b7b15698c5e0e9664f4ea082e3e8b2a4c290aaf2ef,False,mediapipe_no_detection
8714,train_happy_001465,happy,train,train/happy/Training_31093924.jpg,ad037c930f64e558fd49842d5af73249a5c2cd34758b9d7de19053549309d01d,train/happy/Training_30963878.jpg,311d07251113d3f33b0cd303b25bb722e818f11f8dc979b6ad681492d6304697,False,mediapipe_no_detection
8875,train_happy_001626,happy,train,train/happy/Training_33730701.jpg,2f27c84cfdb3c393f2c49b1aaba42329c73aad21e2b246b8d97aad271be70c91,train/happy/Training_33464421.jpg,dc794a9fbc23741f8af3376709f93075eefcec967c75e17d936812455ef22de4,False,mediapipe_no_detection
8899,train_happy_001650,happy,train,train/happy/Training_34056694.jpg,28e29399ec4f8119d408aedd929f309a0beb33d5eb7a0f247bfd726df79d662e,train/happy/Training_33878226.jpg,ba9a0539a8651aea0822e49b0e9052229282dbf3c028032611b08608096f95c6,False,mediapipe_no_detection
9009,train_happy_001760,happy,train,train/happy/Training_35621030.jpg,ffd5b4b013b29118b3f37dca0b16fb942b48b73ef36c6e7f8fffd070683613e1,train/happy/Training_35387518.jpg,908373a5fc0f5c63b7721e36e4119ea54c89b7cf6d06b62f40ab8f4f7a0a6001,False,mediapipe_no_detection
9013,train_happy_001764,happy,train,train/happy/Training_35711096.jpg,30b2a6be686a9458bfa4d352368ec82dd098b25448d092d254acd08d385ec380,train/happy/Training_35439889.jpg,bf394b17b229fc34774549d056b95738e9b9b05c71030a695beecac723029cd1,False,mediapipe_no_detection
9068,train_happy_001819,happy,train,train/happy/Training_36496136.jpg,9b81b4107becf1feacef1baae1146cbb4eb661710723f974f4299d85e9bfc0ac,train/happy/Training_36315564.jpg,862d1d7c2661cd26ce24b148573244ec3e1b05470f4a98e1790dad16d1b79262,False,mediapipe_no_detection
9210,train_happy_001961,happy,train,train/happy/Training_38786556.jpg,a289819bbeca75e2170a589fe19f000604960fec710d2cb2fc9367853a054935,train/happy/Training_3855354.jpg,29242a967da945ab4284ce2854b0fce0e35d4cff47d3202189bcf9bb0e199201,False,mediapipe_no_detection
9211,train_happy_001962,happy,train,train/happy/Training_38846389.jpg,f69b49ab0784bd88aea570acbdb4276ae31c5f484a480b48297413a298e69ecc,train/happy/Training_38559302.jpg,fb999523feabb9ec133cfa55a7f698283d6c8a94f5709fcf22a78aa9c1867ede,False,mediapipe_no_detection
9222,train_happy_001973,happy,train,train/happy/Training_38934094.jpg,230989619adcb7729bee64384a30adb80c3fb9ae50249f658cc06031fd0ff4c6,train/happy/Training_38715647.jpg,099ba464e0f24ca3613720aa2d5c8acb85354ca75e0de121ed5957a20ddbe3f8,False,mediapipe_no_detection
9226,train_happy_001977,happy,train,train/happy/Training_39000218.jpg,18abe7327a6cb8d0fb0977714267ec9bd9c8561a141c590139c448d424350a58,train/happy/Training_38756386.jpg,6bf2d0734ed1fff52a4cf198e32237aa4e010b948e39835f10d95517bf338f55,False,mediapipe_no_detection
9240,train_happy_001991,happy,train,train/happy/Training_39175169.jpg,a76a4dfe7a71b92fa0759afc288c6daffaadb98720dcd6ce21cd7dc0c35a703f,train/happy/Training_38981265.jpg,b9b773320c8769fefd4060e22d1a1acd28551c24638a2f184d8d75f5d5636ba7,False,mediapipe_no_detection
9252,train_happy_002003,happy,train,train/happy/Training_3939045.jpg,c97f296b21e8be8763b2b733b566b0cf3797747e878cf700cd07b856a4f764f7,train/happy/Training_39137251.jpg,1d58cf8252059841e3bd1fd5f14e89611e26cf2b3f6fbbdea50acfeda5e1cfc3,False,mediapipe_no_detection
9318,train_happy_002069,happy,train,train/happy/Training_40501776.jpg,6448985fcbad8f9b890e74aab576ea87b641105f0afb64bac160993f46806916,train/happy/Training_40184626.jpg,dadfcb12841b84334fc8586c03727ee1fb987b53493cb57f162dd1ed7b9a7705,False,mediapipe_no_detection
9328,train_happy_002079,happy,train,train/happy/Training_40628681.jpg,ce2b73a49a16e2b7388ab3e9676ee9e4080eaf8e8a5421410692f0112a041234,train/happy/Training_40379312.jpg,80f5ae2629f5073e2e287422ff93f504cfc6e3c7dd132bb7c3dcdfa43cf200fc,False,mediapipe_no_detection
9381,train_happy_002132,happy,train,train/happy/Training_41477899.jpg,c13aa3cb713e67a542471b17bbb7800ce4866c32c335258352ca61c32d7cb23e,train/happy/Training_41175113.jpg,e14acee4ee934963e032ee89c2ffd2db30574eeb172b933ab43b245f0e939156,False,mediapipe_no_detection
9474,train_happy_002225,happy,train,train/happy/Training_42717711.jpg,9efed66e3ebd28b023e480741ce8001a620b08b9202a8c2a669498dc70cbe586,train/happy/Training_42444422.jpg,93756438a0f77cb67e8dc45ba57a93ef39592ee6f5f63f016d081541c1be5730,False,mediapipe_no_detection
9514,train_happy_002265,happy,train,train/happy/Training_4329949.jpg,91819f394e01552e5dde90b66cc1bfafe118b246b092e1d48185fc9c3f9c0932,train/happy/Training_4291394.jpg,c6dc6f391ff9a821dc3c44514d0c1e4d104ecb3614dae36c845ba385b8f54fef,False,mediapipe_no_detection
9520,train_happy_002271,happy,train,train/happy/Training_43380051.jpg,2732f200489209ea2d0ee883851baa5b0bb2b22b657927e76ca0d6bd4ee16151,train/happy/Training_4301800.jpg,2041b0b1bd0f9cb1050bc1b4085c12b0e1e9b696a4551486346e049c1c674398,False,mediapipe_no_detection
9614,train_happy_002365,happy,train,train/happy/Training_44859116.jpg,4ebcfc33baabe09d92f828c0b5492c62d67f9612d478c8332a9921f93705ac5f,train/happy/Training_44466245.jpg,407ced394ffa922576e3f4943cf22354ad97991df91b1396010d2a17231fd98f,False,mediapipe_no_detection
9631,train_happy_002382,happy,train,train/happy/Training_45089464.jpg,d74620ab9352845d3b2533821f63bce48a2680b2ae03809a13d7411653a39f26,train/happy/Training_44790068.jpg,3a95a6ff91c9408154d14f02bbee1a067a8dfb084a75a8d63d0ba2c48bbdec00,False,mediapipe_no_detection
9675,train_happy_002426,happy,train,train/happy/Training_45766025.jpg,8b8d5849333018e134977c838821df12487c123a807aaad247218f8237f43f71,train/happy/Training_45439091.jpg,7da5e308afb3742c4c3553b42999f13a16d91eddb6e051788d42c8fe586ca28d,False,mediapipe_no_detection
9701,train_happy_002452,happy,train,train/happy/Training_46142585.jpg,57f38837c70c9d2e69b7a0fe7fd5f527b04caefd2f296adaa5fd5efb1c6c1ec9,train/happy/Training_45799030.jpg,3fa722a97465400b49b9416fc78886081d13716c1b3d32f61608006b4bd41242,False,mediapipe_no_detection
9737,train_happy_002488,happy,train,train/happy/Training_46683023.jpg,a76af06c5ed30a4cda2eaeb92799811d00c661b5d42307382d5aa10b65e257e0,train/happy/Training_46313107.jpg,eb96238e75a2d5db6429324b480729b66925ae78ede55778d47a280b98d44708,False,mediapipe_no_detection
9755,train_happy_002506,happy,train,train/happy/Training_46943702.jpg,9eb8d4d03e80e5682fc4f851b0e3861133ede42c12619f43596b0a7da71e9eef,train/happy/Training_46554121.jpg,59836afb0c6be7a16ad098691c0768dc0ac1bb0a4fe2707924a5860499ba09a7,False,mediapipe_no_detection
9774,train_happy_002525,happy,train,train/happy/Training_47199915.jpg,542c966403327faeab0433f844e08556eeaf18807561abfba6175a2ac8c987e8,train/happy/Training_46890090.jpg,e04384f9fc2134b1e0a11928b088c77844a9301c8cf4a739c5c7104b86832e64,False,mediapipe_no_detection
9786,train_happy_002537,happy,train,train/happy/Training_47372720.jpg,a8eddd6acf7519765b7a05c4a46399107a1f652561988e61f265ebba0b3693be,train/happy/Training_47009669.jpg,a13f4a90fc52bb6507e6ccf4091442f66785cbd68ebc60ee65f3728075a210e0,False,mediapipe_no_detection
9804,train_happy_002555,happy,train,train/happy/Training_47641621.jpg,0830560ceadcf20147e5975641e14672fc5a64150919ee48d39fd5751eb86839,train/happy/Training_47283810.jpg,4de6bb9db02e46fc634dd418cacdecdd55c8bb2bcc4a79186b285d5cf1ff9386,False,mediapipe_no_detection
9821,train_happy_002572,happy,train,train/happy/Training_47915502.jpg,56ab4608675f64eed1a7432808bd09152b4507cb3caf218b944905ed4f5f5290,train/happy/Training_47584390.jpg,bed6545772828ce498f4cba255156743220bab36820f8b680c79e8a2fed0b37e,False,mediapipe_no_detection
9836,train_happy_002587,happy,train,train/happy/Training_48107098.jpg,83ecea216b96f61ef8fae207b6ae001a264e1a891d1f643ac091764770899e47,train/happy/Training_47757511.jpg,1ee1d3c3915f896d645dd948fd0bde9267d4895292c61a4c3e5ba381d4ac6478,False,mediapipe_no_detection
9901,train_happy_002652,happy,train,train/happy/Training_49071738.jpg,8bde131c1437d399a55bc38af68dbbd84be8de4d0358387ace2378ea3494ccde,train/happy/Training_48775304.jpg,b77fa8059173e21af07f30d95cc6fc30d252e19d9987f4cab5832ec0fd60bb3a,False,mediapipe_no_detection
9931,train_happy_002682,happy,train,train/happy/Training_49506359.jpg,1a317c7bc3bbd75bb1dc686963a19d2a13899ee9a4fa2e561d4212a7a948db07,train/happy/Training_4917083.jpg,d5a597470546e3c004ed9c535bb310d70ee6d8f694d36fd147a21e3109942c27,False,mediapipe_no_detection
9935,train_happy_002686,happy,train,train/happy/Training_49524826.jpg,c9b1b97e0b11c2224b0d2c7670bcf4248139694037d43af3763588cb6363395f,train/happy/Training_49210581.jpg,01e09f9b98cb3432f60b462ca5e5fe272c5abde902086effb0e810cb609a7efa,False,mediapipe_no_detection
9949,train_happy_002700,happy,train,train/happy/Training_49717854.jpg,ad4a1e6b96f05dde667d98d1d51a064f20b7ffa84a3f6f12b0fe8dacc412dc86,train/happy/Training_49422090.jpg,7a1d4482666ae27567b267dc82b5ab9f9e1b90a33c948937db97894a248e59e7,False,mediapipe_no_detection
9954,train_happy_002705,happy,train,train/happy/Training_4974846.jpg,e08bb2a3780d8117822434b8538363791262079fb18cdf640e832f96acab7f69,train/happy/Training_49506359.jpg,1a317c7bc3bbd75bb1dc686963a19d2a13899ee9a4fa2e561d4212a7a948db07,False,mediapipe_no_detection
9979,train_happy_002730,happy,train,train/happy/Training_50177824.jpg,d105ed1b78952d04858134be4fb73e1b4efe02c291816241641a1ee33593d661,train/happy/Training_49832352.jpg,d32a38d647ab889c1ae4cbbeeb71c7f97cb0f4ff04c5540d374f13e8d51fe23a,False,mediapipe_no_detection
9996,train_happy_002747,happy,train,train/happy/Training_50346820.jpg,5981a0fa8dd913ee8fb5ac2e59ba8fd2b2733e5453e88c8b7218f27cd9811fa7,train/happy/Training_500597.jpg,3c1372c6ca506c419adf8fb4689f2c94afa42a5ecf7596a609d9e725fe66c418,False,mediapipe_no_detection
10092,train_happy_002843,happy,train,train/happy/Training_51615131.jpg,2b27d13a4ea1e07beec93b28012569b3799e2c81b3b47c9286d28911470f75b0,train/happy/Training_51364045.jpg,07d78ec4723a63417f4d9e775a26bd29c59277142445ada0f2ff0b99319a75ee,False,mediapipe_no_detection
10178,train_happy_002929,happy,train,train/happy/Training_52854222.jpg,8902a47687d56c6341c26db6758e67aa4815eed281bbc388227c3472200465d9,train/happy/Training_52403584.jpg,69e1f0c57c6558cf97f23624f7ab335f0c9183fd118eb2f40ce3ec0def1f4592,False,mediapipe_no_detection
10185,train_happy_002936,happy,train,train/happy/Training_52985012.jpg,b6c0a86e46cb1a92f871c734eb7dd1f3385c9f5c6011bb9036a8fcde68158bc1,train/happy/Training_52507212.jpg,c76514f72e3594496c55c5dc62178fd6b749b238e6b58e04d03809437666045a,False,mediapipe_no_detection
10204,train_happy_002955,happy,train,train/happy/Training_53223773.jpg,be78e069474a7f566045c478c6a53e49baf11660f749bf21697baef954880e67,train/happy/Training_52757876.jpg,7976c110bb455cb7bb3d7b367bad271e9a9d4c71aac08f268b074ac324a1b5fd,False,mediapipe_no_detection
10219,train_happy_002970,happy,train,train/happy/Training_53440485.jpg,dd6b560bd551080e6724cbbc7ad1d157f7ea8808d82d1371f3db5f62eed501bf,train/happy/Training_53069047.jpg,13370e31b4d41f11816aa04182dac66cffdbc2c0f78ae08a6265dea01dd39fbd,False,mediapipe_no_detection
10257,train_happy_003008,happy,train,train/happy/Training_54199396.jpg,66e43f1a22eed5a9bf669ef1b72b50014a71e458097ee4fd71ac52e4f5ed6062,train/happy/Training_53796864.jpg,06eb80d6b2a86af6f456896a4d0f75f4832ccaf6b4a6fbd844b0b55d916f2012,False,mediapipe_no_detection
10260,train_happy_003011,happy,train,train/happy/Training_54222622.jpg,91642a764519bfc872c82275ccd0aee3e7b74b649c0de028c34b1d10bda61ac5,train/happy/Training_53870461.jpg,fe95627af4056bf0e62294a4884ba450ac574f1d2994b282750b9ba502f1ca5c,False,mediapipe_no_detection
10384,train_happy_003135,happy,train,train/happy/Training_5626166.jpg,668161f0d8d90611293ba066a82d2f068e8aeb9ef4d3c3af57786c3b9ca2953d,train/happy/Training_55840075.jpg,901e65aca99b9dab99bbe619fa97396c8aafb0f82c71821830c2e31c3c7450ec,False,mediapipe_no_detection
10392,train_happy_003143,happy,train,train/happy/Training_56395890.jpg,dd325a9043a0119d1e30b597f5842236051c66aa6221f80a6d4abba33e0b1630,train/happy/Training_56041772.jpg,cfa7a73c27576f1e926361cbb86c3d7ad0f1533043a509db1f266e0292efd362,False,mediapipe_no_detection
10437,train_happy_003188,happy,train,train/happy/Training_57173749.jpg,588992661c8bb9334e5875b35b0a10fe98d09165e8671dbd31b17c0386ddfa37,train/happy/Training_56668643.jpg,8c58fb56c8743f72939430ece52bf81b3fb428b1e8c0eaa073f5f2d0e35e06d7,False,mediapipe_no_detection
10456,train_happy_003207,happy,train,train/happy/Training_57491271.jpg,e0bf8b88bbdc44142980d2b2d5964e865c707e1a645d1e6dcf2a5ebe5743ed2d,train/happy/Training_56946738.jpg,412cef7b5cd5caed77170825cb0c3b19a651d9d9f276fae0ca46b5c4b3988da3,False,mediapipe_no_detection
10476,train_happy_003227,happy,train,train/happy/Training_5788976.jpg,94a8a0ac81d4ae5505a7d60c16d3a85cb1e479f35a2dac18a6d6d3ba223e91ef,train/happy/Training_57358376.jpg,2b8be458af5e75de00be94c4443f0864fc5cc7f4d2c6425b22befa0d05d18ace,False,mediapipe_no_detection
10495,train_happy_003246,happy,train,train/happy/Training_58153893.jpg,2d9f716103dad2b5ebf81b96e2e564b5f65d870273d3c1d8147ed214726120f3,train/happy/Training_57715157.jpg,05d605d578539c4e69211f0da58b4984f3fc5c83e2f6bc08cc25ae638b791189,False,mediapipe_no_detection
10570,train_happy_003321,happy,train,train/happy/Training_59291988.jpg,ffdd266312b05a22667d13ab91f30b383f33758af092dfc4898f6b44a42800b5,train/happy/Training_58887712.jpg,13b8b4fce98d0e469f57c6e36eccd821c39f1f6e40acdb3520310a7a84e575ad,False,mediapipe_no_detection
10573,train_happy_003324,happy,train,train/happy/Training_59324777.jpg,fb04fce14c38e2e318dbd742a9ae4cff69c3fb68799786c5c2f22f5ecb91dc0c,train/happy/Training_58920903.jpg,1d1846ad4635e63b2d3eb01f655bf58c64fdd1ff7d6d98d587c907cb2f4965df,False,mediapipe_no_detection
10608,train_happy_003359,happy,train,train/happy/Training_60037315.jpg,979d05296867a8e00900101647b60b74313cc435e5755d4ce28b5d3830c6dcb7,train/happy/Training_5940600.jpg,fbfaf5210a4302c9f40eb9184ba731d3f132f2eb4c0b51ecabb44eb6a1ad850a,False,mediapipe_no_detection
10626,train_happy_003377,happy,train,train/happy/Training_60193102.jpg,1519d4cf2613f829b8ffad1a20dfc94030ef822934148157dfa8d789750984c2,train/happy/Training_597242.jpg,3d341a3d2e405984715a81b61e7669014304d2c34325a3f51ddfdec7ce0bcf48,False,mediapipe_no_detection
10667,train_happy_003418,happy,train,train/happy/Training_60679582.jpg,1621b340a8bb574ee276e7d2f4367a7943c4bcaeef8771230ef8ec370220692d,train/happy/Training_60285848.jpg,d81e9cca74fc9ebe042389643f6ef1748ebe5f74cb6ba85d5c292f5225f05a9f,False,mediapipe_no_detection
10702,train_happy_003453,happy,train,train/happy/Training_61263386.jpg,be1bde4a09047fa6c9915eb528cfe1c972a33536f4c8f48e481ec5d6f27ee914,train/happy/Training_60798060.jpg,278c190c2401b5698dc0f066e74a67d5317d23ec543b2f2e551275b5e786dcd2,False,mediapipe_no_detection
10713,train_happy_003464,happy,train,train/happy/Training_61361592.jpg,7c57ea31f59bfd52969b31c994d8b1de39d8f4a43a8576e47772c26e13491ef1,train/happy/Training_61009370.jpg,63e8dbb65beadeb9930598730e05c5bd597622a0f90156bc3a66968696549290,False,mediapipe_no_detection
10714,train_happy_003465,happy,train,train/happy/Training_61374496.jpg,14d60d51629afa0fd67e9fc5fac9130d54c42c84cb87ca829ed1120091af441c,train/happy/Training_61016061.jpg,f4bb82cf1d9939dd54f998db15bb8ce2f9d7076dd30b92a6785d23b8345b5280,False,mediapipe_no_detection
10735,train_happy_003486,happy,train,train/happy/Training_61720732.jpg,9cc0c67368d72eb523ebc83507efd8dd2b72dc9d07c4440bac7a4e7f30b4a39c,train/happy/Training_61323324.jpg,cf8f3efb2c84791b10be3d4b710bed808b13f0f0bf749dc5a024af4f9bcb4542,False,mediapipe_no_detection
10744,train_happy_003495,happy,train,train/happy/Training_61866423.jpg,c40c96ee7d140351ff88b94abf71e6eabf4e8e3cac85b09cd868739d9ae5a005,train/happy/Training_6152251.jpg,432c732647000ab33fda91c760982f22e4a37bfd1028ac5ad38b245af7bf878c,False,mediapipe_no_detection
10836,train_happy_003587,happy,train,train/happy/Training_63244955.jpg,55813aea9431302d5f76915b3c1c8cf4171ffd00044bb11c0b5cc4d98bbdf528,train/happy/Training_62842219.jpg,13a9a7dcdf53c5ba3272b33702206d42b3b0495cdc613f9041c1fb78374cb779,False,mediapipe_no_detection
10846,train_happy_003597,happy,train,train/happy/Training_63340234.jpg,75a1e63e36f4afd69cbf7037c529919e94ab7403a31cecdc4c184343a70a4035,train/happy/Training_63009467.jpg,290329c24e8e9f192080bf0e1d1cbccc952f8352f28c0dc59ad0fed76d239305,False,mediapipe_no_detection
10948,train_happy_003699,happy,train,train/happy/Training_64946007.jpg,ab3f0daeb8d62faddc7415aded35f98100f065743ad6cc6553b5440a4616f883,train/happy/Training_64468683.jpg,cf03bbb0babbff9b0506e8d6067555bec75ab7d26d9894b7be6cdc6ef03aacbd,False,mediapipe_no_detection
10981,train_happy_003732,happy,train,train/happy/Training_65448167.jpg,8d2292a9d77bdc379cdbf3c8ce56b04632d9a1f53078f27ab27c151a6ddbdff8,train/happy/Training_65027039.jpg,c9dcec798dd7dddfd58cde7be2e0baa600e974e59c2bf25e60d5f954945b5268,False,mediapipe_no_detection
11015,train_happy_003766,happy,train,train/happy/Training_65845460.jpg,f85b198e34afe52c87ed847feb40fb5bfd79efdb54431647b6381e17552e41b4,train/happy/Training_65445173.jpg,9548b8ee77d781da45a2102a09fd0f21bb93c1238fd91710d784acd14b80a2d9,False,mediapipe_no_detection
11078,train_happy_003829,happy,train,train/happy/Training_666810.jpg,5d3e5af9b6442644c5684240bc186b6c6c3f54616d2a3cab71092381c77d35bf,train/happy/Training_66246748.jpg,5bda5b61b31d1208c7577dc2d2ff2500a6bdb46fbf62cfd028c40195839b0b37,False,mediapipe_no_detection
11119,train_happy_003870,happy,train,train/happy/Training_67322684.jpg,08b623b1f25703a5cabb63c26b70cd85138840c26dd8191ab94c9bc33839b274,train/happy/Training_66867467.jpg,99d168122b569aacf42d74d9817419fe0ee1a742dbf4adf62ac70ca8355f5313,False,mediapipe_no_detection
11176,train_happy_003927,happy,train,train/happy/Training_68121684.jpg,5a91d943f8f0ec0b7e09b3afe9012a1d137d515c0920a4f6cb508074ea516797,train/happy/Training_67714827.jpg,91fcd9bd87b2840d3e0c2d6dd09af3775d350fd136a2eddca7bdaff4a0e45ae7,False,mediapipe_no_detection
11187,train_happy_003938,happy,train,train/happy/Training_68225978.jpg,2d75353ecd8d2282a7e855e45d1f42aa2413c9ea833ab03f03db94890706628a,train/happy/Training_67819810.jpg,6a261958e326d7c469b9afbf921e5b2ceb998a8e29f5dfd1458e0c792d1e240c,False,mediapipe_no_detection
11214,train_happy_003965,happy,train,train/happy/Training_68674944.jpg,79d6330619927fbb9d4d3766cbc3c6111cc316a922da7050869ad0cc5b227a8d,train/happy/Training_68130119.jpg,ccc80fbcf4c19beda3576a2b6f72d47a93efa939292edc4251ea7473fc28e923,False,mediapipe_no_detection
11227,train_happy_003978,happy,train,train/happy/Training_68929747.jpg,d2e8f40cf939f8dbefd50596a82d33049cd028aa9e708136a74e7d69e66bffc0,train/happy/Training_68402814.jpg,97fced09bcf71c3f018f7bae30a6ebf7fbaeb8eb83f2cbf29955301a37021ba5,False,mediapipe_no_detection
11258,train_happy_004009,happy,train,train/happy/Training_69323693.jpg,db8aad86ec8a374e34ad6eb88b5a0027126cb0949ff44cd689897e24824d49e3,train/happy/Training_68917590.jpg,3706f0bae60d52a1996d4b456518e8a7acf461cba19fa005eaa44b0702cc8655,False,mediapipe_no_detection
11271,train_happy_004022,happy,train,train/happy/Training_6948303.jpg,6092f73f6ee5a52f6caffcde0f4acfc04da57e080283370cc9924b01256bac3a,train/happy/Training_69059682.jpg,d010dd689acb569cd0368c12691c00e7067b5ac475a81af77ddb9f107098ced7,False,mediapipe_no_detection
11275,train_happy_004026,happy,train,train/happy/Training_69547177.jpg,aef7ad8e1577aef4b7c74976baa64da7bd54118e2cf0e11831f717c2a7d729ba,train/happy/Training_69103613.jpg,a473504fce20256ffbe923a7926d73caf4774e50a46443e769907202742137e0,False,mediapipe_no_detection
11290,train_happy_004041,happy,train,train/happy/Training_69801811.jpg,728e62c68ba22afb6026e4bd7a089fd26790f133839982bfeb8110d306769151,train/happy/Training_69283614.jpg,944282eee97fd630d3766811f431c4a88d5813743efd0a98c6d6330b6e3baf70,False,mediapipe_no_detection
11301,train_happy_004052,happy,train,train/happy/Training_69950748.jpg,1fb4ca529dbf76c2d9895349efbf821dad769ef5555f65eacf32f5c187cae4bb,train/happy/Training_69436958.jpg,4ee9ed6e61e5d19e6d06d9ac6c7c679eabb101072208eb28d51a336a7996432b,False,mediapipe_no_detection
11344,train_happy_004095,happy,train,train/happy/Training_70579108.jpg,943ed738f3e03523875f61ad741c0560a7d3593484feb7d4c906221cd65e5ce1,train/happy/Training_7010629.jpg,9d1e87aaa5ba6318f54f9105186a66b94522974514435abb6ba6bd1d70860b55,False,mediapipe_no_detection
11403,train_happy_004154,happy,train,train/happy/Training_71568431.jpg,76450234ae042eceb220bdea02a1563c7d4703eff86c26c09d3d429a8296404a,train/happy/Training_71152109.jpg,4c44b2e7a364963d06a6299158991b42132d2b087dc85a5c0a1486255023dbe3,False,mediapipe_no_detection
11411,train_happy_004162,happy,train,train/happy/Training_71678330.jpg,4fde0fd60764e0a25fc859dbf65485d218bf12d5e8a0d0b8abaacead34b16103,train/happy/Training_7125540.jpg,5197ae1a46170ae9f2dbd3b23f9475a939708e91ee6e095112da6f8c65cc0275,False,mediapipe_no_detection
11456,train_happy_004207,happy,train,train/happy/Training_72444655.jpg,a118d964916d80a70d157ccd319436ad7567e252c3b7325d302d5391054b0874,train/happy/Training_7177484.jpg,890b17434e4ca4d8b19c969822037623bd70f2ff951a0989361597ff073b0dda,False,mediapipe_no_detection
11462,train_happy_004213,happy,train,train/happy/Training_72547381.jpg,c80509db444f08c92fb138f3fee6c20be50f2ef38c76ef35658ddc32ec24b413,train/happy/Training_71811.jpg,4c39bf28e505d73ddc69476bedc5680699b05cc73224658ae00a5a98706747bb,False,mediapipe_no_detection
11557,train_happy_004308,happy,train,train/happy/Training_73689680.jpg,9fd3985e81203c22951eccb4850ef3e53ea919a0a01960329738c8b78449f340,train/happy/Training_73261155.jpg,056d25cc46e4152361dd5c100848c8a56c3e96419ebf52cbbf3260a26349ecef,False,mediapipe_no_detection
11608,train_happy_004359,happy,train,train/happy/Training_74511808.jpg,eebbf4bb3c67fe86efbdffd0f3c7398932af816c8e4cebcbe2eb54c2dbbc8295,train/happy/Training_73943639.jpg,1eed0f4e6ecf25c280891a1d307154346e20d6860a4624e136b2e6ff6bdfe613,False,mediapipe_no_detection
11666,train_happy_004417,happy,train,train/happy/Training_75381331.jpg,9c8e61f446c20a42d518f2d918db2e39431952f5382820e1f76cfd70fddfdfc3,train/happy/Training_74819430.jpg,fc4951cde728522dc049733ad8b4854c57d967da7a89332ae16f9ee0488238a4,False,mediapipe_no_detection
11667,train_happy_004418,happy,train,train/happy/Training_75403488.jpg,a06b5d011ea4eda0f285a11141f6f1e4c13cf927a75475b6058c5325bd129dea,train/happy/Training_74823768.jpg,f9d5cd7f2cc164ffec8281f953ed795ce9c7f3d17fd50961f43371a659ceaf3e,False,mediapipe_no_detection
11676,train_happy_004427,happy,train,train/happy/Training_7550839.jpg,6e73621460e11e39e9973a4d5b7fa407f06fd063a9029902b530099b627a2dfe,train/happy/Training_74922716.jpg,06f60dfef1d526582f715b82d8bf454dadfca4c769ee093b610f34868134be87,False,mediapipe_no_detection
11684,train_happy_004435,happy,train,train/happy/Training_75656118.jpg,3f527a3423e698b86c812d18e1df6c07e8678170c6139f39bd89efc31e1d83d8,train/happy/Training_75117435.jpg,a8858d94ba8179effca8857861898e3bbac3a7c235e7609196c8ab31220091ea,False,mediapipe_no_detection
11687,train_happy_004438,happy,train,train/happy/Training_75681485.jpg,4ed3cfced26050500817f03a2add65eaba9b2b37d562067f240fe7bd33752291,train/happy/Training_75216898.jpg,9e193c5c740757e3d6ec16ae3b353edc96480cbadb5e827012f2fbef438c144b,False,mediapipe_no_detection
11717,train_happy_004468,happy,train,train/happy/Training_76185431.jpg,6709a05a5fa432451c3a69f95fc188442cbe69ef0488db34c9873e7fe02fbe9b,train/happy/Training_75581968.jpg,60043be626f6d1398d96ad0e1b2a55aa0d676f8bd3986599cd5a1c5e2401dc40,False,mediapipe_no_detection
11764,train_happy_004515,happy,train,train/happy/Training_76820039.jpg,d8542235100fb1670ad85caea16066f88a382cab4dd762c973b507dbe07b21ac,train/happy/Training_76369305.jpg,e5e6273d2a1aee4bccac2176aa2c724854a09780c7bf2d9a814a8e9143c6b795,False,mediapipe_no_detection
11781,train_happy_004532,happy,train,train/happy/Training_77136015.jpg,543a2bb42ef356236879ac34d790f92ebd41eb7d3e089ddcc9e7c5c40b49e592,train/happy/Training_76666877.jpg,b7dc3fe039e50d7ef67de61642f723399a665c865d313f62600e56002adcac41,False,mediapipe_no_detection
11796,train_happy_004547,happy,train,train/happy/Training_77318872.jpg,331cacd3bcaadf4c4585741222b76dadddf0a191c6f8880af427f3a33a80330b,train/happy/Training_76846103.jpg,79eb297795c711e414569bd1a797fe543657c7137c268fc25c76724d62079766,False,mediapipe_no_detection
11833,train_happy_004584,happy,train,train/happy/Training_77783603.jpg,a5dfe92da19d00c2768aca02a8699881c4f8d37b4042e3a66d7ab72c1f4ddbe8,train/happy/Training_77313853.jpg,9a8e82b7b84e41cd2824ac40720f932c9932eeb324b1017784a7d644834eee54,False,mediapipe_no_detection
11881,train_happy_004632,happy,train,train/happy/Training_78538256.jpg,9f130e54955c60ddfaa870727ea19a4237390e03d351a979aa54e69c2a374c55,train/happy/Training_77979667.jpg,19a4a7d2a51f009d5ebbcc8f5572588d67fc49a0bbbfe399e053e414b7f24120,False,mediapipe_no_detection
11955,train_happy_004706,happy,train,train/happy/Training_79595939.jpg,754695235c971008d51b076a30bf00014653d775ba64cb0cf3979976e3951bb9,train/happy/Training_79158717.jpg,1dc15002a8a7d60e1575370d346bea06941914c2502675dcd3466050ebbc0134,False,mediapipe_no_detection
11964,train_happy_004715,happy,train,train/happy/Training_79769038.jpg,aab5ceb83d365338694a1b34c85769144833228a0ead4dd659fdbab7405817d0,train/happy/Training_79257614.jpg,f3f1c1a3db76c079e3b5059e0761153af0f73831abf157bb7b3cbf0b82c3a644,False,mediapipe_no_detection
11991,train_happy_004742,happy,train,train/happy/Training_8006318.jpg,f5efc984b085f341a57bfc726f71168d37a0071a17408bc17c9e1ffb74a47efc,train/happy/Training_79595939.jpg,754695235c971008d51b076a30bf00014653d775ba64cb0cf3979976e3951bb9,False,mediapipe_no_detection
12003,train_happy_004754,happy,train,train/happy/Training_80254018.jpg,1d2782158b689b2b55c8e82ddbf5fdff3f45ed24a28d546d6276d6e532c9ad9a,train/happy/Training_79853949.jpg,73abe606b93b0543b33df699a2386ee300f0715926de548304ef47f391d82de7,False,mediapipe_no_detection
12004,train_happy_004755,happy,train,train/happy/Training_80274847.jpg,87351d8d46df9408eb5dd6013b07efc71f983c4c949658488941aaa7a123f35a,train/happy/Training_79854658.jpg,4ab84b4fad708a802538d22df7d856c27d2d8361cad3451e880cab5bff4b5a55,False,mediapipe_no_detection
12011,train_happy_004762,happy,train,train/happy/Training_80350168.jpg,c939f3ce49d327f06570a84ececb94af31d29bc9be11f842b5011f515dd4d5ca,train/happy/Training_79954361.jpg,d5169c2c034fa3039ce8030297eafc33126f837f00986aa2402543544321a215,False,mediapipe_no_detection
12067,train_happy_004818,happy,train,train/happy/Training_81274260.jpg,dba3df71a225ff85ff319d38610257914a4573699c98f4f21ca60098ff2d9504,train/happy/Training_80730820.jpg,83cac8625a7d3382fa2b81092cde7ee137f39993ab06f6ef84d7ef03a6c94a31,False,mediapipe_no_detection
12139,train_happy_004890,happy,train,train/happy/Training_82350066.jpg,c86bd7591a2d3e71189938b3b70529d4e38a3d906efbee4c6a8fab45b9927e24,train/happy/Training_81766727.jpg,deb9c8b3337bddbf7f1ef9172e9980fc7acc5f25a08972fd7a410ea53e2cb998,False,mediapipe_no_detection
12183,train_happy_004934,happy,train,train/happy/Training_83065372.jpg,0a6bd66aec9864cd73819b290e5a2c9d8683fcb47401b6fe6b352a972e91bd65,train/happy/Training_82421765.jpg,d2c7cf54c813155dcdfabbfc426a4e693cb4af3262e3e4cc4bfe3e1caeec6556,False,mediapipe_no_detection
12184,train_happy_004935,happy,train,train/happy/Training_83094626.jpg,4df0e8447b07bdd1e78172796db3907bf7291c8b033774da8e2b0c12f416abdf,train/happy/Training_82432472.jpg,c457b20c42b7257a65cc382707e441de50bf5275714a5485141e213d88144555,False,mediapipe_no_detection
12240,train_happy_004991,happy,train,train/happy/Training_8386427.jpg,23d16a62bd6dd5d7ccc3471bdedd72d8d6380f5bc0e52cd6552c90c6e7174568,train/happy/Training_83349364.jpg,8fb4e56ddb628db38901f97314ba0f67e82be3e285fc90660d78391bc5a610ef,False,mediapipe_no_detection
12273,train_happy_005024,happy,train,train/happy/Training_84306217.jpg,2531d0e7a8c2c1b076ec248cb92344f3aef5f01bfebbd973e15dc8138a2ca91c,train/happy/Training_83754392.jpg,d2842c1a5864c42f0c3a3f093f4149bc85d79fb67ff60eb91ca57f26265adebb,False,mediapipe_no_detection
12345,train_happy_005096,happy,train,train/happy/Training_85472470.jpg,9b442a7a27d8508d41694d01337a0bea8842946dce4e9aacc42a06d9fecd24e2,train/happy/Training_84764304.jpg,10c9ce612199fd18a7e354e2ef5e14e787d0cc7c92d619e24e70a3871729f430,False,mediapipe_no_detection
12348,train_happy_005099,happy,train,train/happy/Training_85546096.jpg,029a3bb9b9b4a7990c64e4b858c7265670aeebb131441c57eb8ae0488c9f2276,train/happy/Training_84837955.jpg,b7eb5f885b1602c09b1e17df5083723e53c088d9581446dff8f5846c69223b86,False,mediapipe_no_detection
12352,train_happy_005103,happy,train,train/happy/Training_85623772.jpg,944ac03ea8cbcd7ad587073ec0e7be64146f420a3a6931add482ad1810e4e50b,train/happy/Training_8501029.jpg,8a2a3bcbde40f47861ab201029f00f6a36451e3198b492a04632aadf697ad90e,False,mediapipe_no_detection
12369,train_happy_005120,happy,train,train/happy/Training_85824732.jpg,5ae5b5276a7a8471fd9ab82c6f4678bf968636db77d21652f5b0b60eb0c7a66d,train/happy/Training_85248220.jpg,87959d3d678de4a234b84fe15020afe158057f18889b0d66691c54eaa37ac318,False,mediapipe_no_detection
12438,train_happy_005189,happy,train,train/happy/Training_86577110.jpg,9b45fb3e801937023273c608417b91504930ece87629f8ef24733aac1ecf203f,train/happy/Training_86085514.jpg,8898764063aec5383ab75fe0cfb7136bc4c9663cc5a8fa1d4723c9f3079fb41c,False,mediapipe_no_detection
12473,train_happy_005224,happy,train,train/happy/Training_87055466.jpg,32225d08f411ab2e94fe60c9e2cf39ee67a00986ae5b1791d85e742a17e79b5e,train/happy/Training_86500138.jpg,f8a9c3b3d8d16e7c8751b51bbf043efa33e43176fab5a730911bf258b5819475,False,mediapipe_no_detection
12491,train_happy_005242,happy,train,train/happy/Training_87210164.jpg,b7a551ba3cb2bc01861e144101b8dd34308259f4d28153f149d349e38a01b40b,train/happy/Training_86678974.jpg,e21467aee89421bbef5f9090299f72a0261aaa5f171da99dc850cb679d96a1a0,False,mediapipe_no_detection
12503,train_happy_005254,happy,train,train/happy/Training_87492758.jpg,0f01b06371234c740d097652b9a7d3261077df5440edaaa0159b11396786a540,train/happy/Training_86923341.jpg,78ef5989017b6c5003e639abf2dc2d6858e9537acac093edf4303d8d0a19c774,False,mediapipe_no_detection
12505,train_happy_005256,happy,train,train/happy/Training_87509751.jpg,3654f1ee39b0dc43e1d877ae938f61e37ebfa238d9f74fdc72393e9451443069,train/happy/Training_86958201.jpg,d32a38d647ab889c1ae4cbbeeb71c7f97cb0f4ff04c5540d374f13e8d51fe23a,False,mediapipe_no_detection
12527,train_happy_005278,happy,train,train/happy/Training_87848781.jpg,993091d7a37929bac8a55f9c456afac30bd9e0acaa4f377d40b6160c8d263f2c,train/happy/Training_87167962.jpg,feeab617529fb22455dc5f63ccac47612e53f246aac4d0197e5144c387162848,False,mediapipe_no_detection
12543,train_happy_005294,happy,train,train/happy/Training_8801751.jpg,8aefb9ff93d8d22784a25f129578b0b2888a56a0d1456d73771856ab724618a1,train/happy/Training_87492758.jpg,0f01b06371234c740d097652b9a7d3261077df5440edaaa0159b11396786a540,False,mediapipe_no_detection
12551,train_happy_005302,happy,train,train/happy/Training_88066091.jpg,76bbdec04cb4d95d3f642914cb93824338ae97502068cb76dd260a05433fe719,train/happy/Training_87607167.jpg,7d95ea9b5675227952eaca2898cd12019f224ca9af14d757258a7ba7e9919b2c,False,mediapipe_no_detection
12558,train_happy_005309,happy,train,train/happy/Training_88196061.jpg,5dfd78d8d5c2c38e6adbc75189f14ce1ad510458a60854ee954d67be63213701,train/happy/Training_87698595.jpg,8592ae998ca34f40c1d4b212a2ab598d4147576a86e918355a9775009a18234f,False,mediapipe_no_detection
12562,train_happy_005313,happy,train,train/happy/Training_88241410.jpg,149b82b618be75050c45e4eccb81a24bfc142f8f9426025ed7e33b996deafcad,train/happy/Training_87743582.jpg,bc0b642a24155079fb81d1f2796ad88298218e89a5ab79ce3dc97bbf228611d8,False,mediapipe_no_detection
12586,train_happy_005337,happy,train,train/happy/Training_88533215.jpg,c63ec39003fc5294cfef8ff7d40692049915702ed25d2abec4b4ed02af97ae3b,train/happy/Training_88006196.jpg,428f9eb80ec67f8390d02f87647fa04cce4592db33ed33d54f1dcc2fc18a20c6,False,mediapipe_no_detection
12626,train_happy_005377,happy,train,train/happy/Training_89046745.jpg,e03c7617d741e851ee94627821c751a1ee6ba9fe576f336005adbf48456f0f4f,train/happy/Training_88482385.jpg,a7c77e9743e3b1673c3cc049cc133d7c7f77397c85455001ea26ea9e69e212e9,False,mediapipe_no_detection
12640,train_happy_005391,happy,train,train/happy/Training_89217809.jpg,688383b8df1fde0ecc6836c3a577e03e3fe0a043a787025bdb5385b7b0add1c1,train/happy/Training_88617413.jpg,3e7b25cb63992d8f4d6e95f7518734e5ec874510a94873326827e8c4b4bff041,False,mediapipe_no_detection
12645,train_happy_005396,happy,train,train/happy/Training_89343168.jpg,14058ae7e648ebe30554ffafc87449e7a86bf530cd5296b9d9d3e3af0cd462bf,train/happy/Training_88716585.jpg,53ad6e458e889df062475c27553dc783bbefc077fabda813487cbd1b4b40eccb,False,mediapipe_no_detection
12648,train_happy_005399,happy,train,train/happy/Training_89396183.jpg,01dfa84e9d43cc8976b44fa8dc6a51d24bc20f6effaf6741c2a8a3224d9bc6d0,train/happy/Training_88746805.jpg,d7f03a62cdb4db254d492e5f1912416144f0842cb93a17c6f35cc3acc057896d,False,mediapipe_no_detection
12653,train_happy_005404,happy,train,train/happy/Training_89467210.jpg,cf9c7c5bcc4a7a4edc085365d8599b9b2f41adb8a1f655856a8c11f01487ee61,train/happy/Training_88827990.jpg,5c52063105865877891e3793c1509894b3195c79d74f4095e324e7a4e6296c52,False,mediapipe_no_detection
12662,train_happy_005413,happy,train,train/happy/Training_89641436.jpg,3091c89caa9009b1a7e217f3096a920b923cf0f049c10ad67bbe3007a8ebb6e9,train/happy/Training_88943438.jpg,9d9acd49784faeefbc7818bc986bc2bdf89d5276d50b10e985309ee554825da8,False,mediapipe_no_detection
12678,train_happy_005429,happy,train,train/happy/Training_90048303.jpg,02d099313958142008696c684d05921c14d2c8ac9bddcbd56ad03f6821fe3464,train/happy/Training_89205944.jpg,b93e29424b300ba7ea71886bed98cf5c74b4e70fc88c3be4462bd8276357394b,False,mediapipe_no_detection
12708,train_happy_005459,happy,train,train/happy/Training_90419078.jpg,fa10aabe6b2e63af09072fb5140aff2c2bf39b2a3a6861f12705d0ae76f627ee,train/happy/Training_89640852.jpg,6f56dcdac21de33efa1a21adf03a8e065ca17d1354298448272659f3a145e310,False,mediapipe_no_detection
12715,train_happy_005466,happy,train,train/happy/Training_90524228.jpg,09065cc6f889bc48fb11e75d9e71fbc1b871221f8dbf8b19a691905c687bd3d4,train/happy/Training_89794357.jpg,15cec6a0649c344b12f549cf2da9feb96ae15c0a8e6bec4de171715a42645bf4,False,mediapipe_no_detection
12753,train_happy_005504,happy,train,train/happy/Training_90984708.jpg,c56a7f85105ba91c77c0ad66a5aadef9317a0235f7d381d7df307fbea85be440,train/happy/Training_90352747.jpg,7a5609ad6950f03a3b1d2c69dcfcbb43212dc7cb2da6c91bd9ae92c6c6d82493,False,mediapipe_no_detection
12757,train_happy_005508,happy,train,train/happy/Training_91083225.jpg,c86d860eec4a90fde5fdfe33c28caf6fdee2c9666efe56e7aeef6a704f3cefb9,train/happy/Training_90443698.jpg,8451afb28f1201b61845102a16777033bd7ce05b96af26596f8a746c5303b589,False,mediapipe_no_detection
12827,train_happy_005578,happy,train,train/happy/Training_92093263.jpg,473625dce1a6906a0a923ce85794e0c1f38fd8f1ba7c0dddc6828c1eca1fd9b7,train/happy/Training_9137282.jpg,288f63aee620a72c83ef970e868c6f9d717799bc61dc3afcc30b80d9df12b271,False,mediapipe_no_detection
12840,train_happy_005591,happy,train,train/happy/Training_92198507.jpg,cc7786458df6777cffec3a7e4d9924fa9824d0daedd622b160f4acd1d14100a0,train/happy/Training_9150638.jpg,6c5a46ad59fa87f46d7de9eb0148b984d27e7e23fafcbd66a0b22c81929857c4,False,mediapipe_no_detection
12855,train_happy_005606,happy,train,train/happy/Training_92445906.jpg,5f464bdf7e31b9dddac655084f8f9a2610e4a15fa722e47eec620d5e04e3c1cd,train/happy/Training_91669826.jpg,d4cee04ac4b96437a19dd254cc080ca2cd452a21e7e9cb69af0c373bc3f6a68c,False,mediapipe_no_detection
12859,train_happy_005610,happy,train,train/happy/Training_92471970.jpg,69f27df6383d2430043c840f9ef81ce5ba0d05db2d8b68a37d204722a4a1598c,train/happy/Training_91720745.jpg,17544e57e4318bec388856861c2cf67de0c0dc3676317a5766620a2fd908453d,False,mediapipe_no_detection
12873,train_happy_005624,happy,train,train/happy/Training_92714414.jpg,12a774f8a1b3b6d9d8a6717eb2eb166589b90e6d48462876dca66fad77dd31ef,train/happy/Training_92088968.jpg,ac86cf0fd35dc5a60f8ecad4ebe9e7ae40c15c4c751ce034bb6aad1dccb4c5e5,False,mediapipe_no_detection
12875,train_happy_005626,happy,train,train/happy/Training_92750093.jpg,356d80aa37aeb191f2c757c2e68cc757142147453a452d1f4bf2520f70e9ef3e,train/happy/Training_92093263.jpg,473625dce1a6906a0a923ce85794e0c1f38fd8f1ba7c0dddc6828c1eca1fd9b7,False,mediapipe_no_detection
12903,train_happy_005654,happy,train,train/happy/Training_93152936.jpg,eaf6a8896a7b555b29bcebdbfa016934f96984304509ccda69f9dd60e2f459d5,train/happy/Training_92466474.jpg,3e253a79a5832972fc746d87f2ad36015b0bdad9bd210a11278da9161841f3b4,False,mediapipe_no_detection
12937,train_happy_005688,happy,train,train/happy/Training_93672866.jpg,cf0da1b4b34490a71d206e87736c2feba0cc4920de358ffe082e72ebae9a9efa,train/happy/Training_93001555.jpg,7487ce340e96fef85e221d7f43b1444a8b06166f3db02a2b66c10e9d6e1b35b3,False,mediapipe_no_detection
12989,train_happy_005740,happy,train,train/happy/Training_94534277.jpg,ba6c555336da258836b40a5980ae1a29684996d94c3b5f174a7ea4868df071a8,train/happy/Training_93727882.jpg,a8f0f5c1bddea752915c7530896ae91cb2e587e55a88039acde4bc062a6644ca,False,mediapipe_no_detection
12995,train_happy_005746,happy,train,train/happy/Training_94616499.jpg,5f5e832c456e1587f0412f78875b0c1d2fcdce7f6ea8197746680232a53fda23,train/happy/Training_93849289.jpg,4cae3d5575f5cc83f5daa3f754187b0f8b2e669e11a56ce12c95a6bbd514a6c2,False,mediapipe_no_detection
13059,train_happy_005810,happy,train,train/happy/Training_95794369.jpg,4e8abb4ab74c063344e2dcb4dff8f2abeefccb6cb9165930ef76246e211cd9b9,train/happy/Training_94989428.jpg,4c532da240f49deaf177510d9d0a11170710a2defa6b2a42ec7b1296dbed09bf,False,mediapipe_no_detection
13070,train_happy_005821,happy,train,train/happy/Training_95927520.jpg,cb471c1a6cf7d39131aea98c99d1da410f0ece29a0cf0e7b6cd895d59961f2f8,train/happy/Training_9522250.jpg,839ef7a020984e30e5827847c2b8a096a92d570f0bb8424253feaac373204dba,False,mediapipe_no_detection
13120,train_happy_005871,happy,train,train/happy/Training_96514626.jpg,2881a218410f2557b4f40c5895a43e96cb3ceaefd567efea1b280839d4a23b37,train/happy/Training_95890455.jpg,9927056a35ab59d3d3fa53032f454cb1fc4e4f90d9592105c48d71954eb90ec4,False,mediapipe_no_detection
13129,train_happy_005880,happy,train,train/happy/Training_96668212.jpg,8425526bd83d529eef634e587e534988c7f5b1a5de2485193c41389df2f5d267,train/happy/Training_95948303.jpg,7b0ea044f7db1b77be36a2b94bb69a0a0e45c025e961057432e753982edcafa2,False,mediapipe_no_detection
13149,train_happy_005900,happy,train,train/happy/Training_9698426.jpg,dab313488d9b3b0b1927946ff2ed59ba60646d11f52bf617b2784d62b5e4f83f,train/happy/Training_96272562.jpg,fd0d559b35e4fb75a9a808e0ffaeb95396d494806a49ed41025feb3942691777,False,mediapipe_no_detection
13181,train_happy_005932,happy,train,train/happy/Training_97521390.jpg,30cace909d129bfeff228e1aaadf3b3734775989cd97eb74df51e154160400a1,train/happy/Training_96668212.jpg,8425526bd83d529eef634e587e534988c7f5b1a5de2485193c41389df2f5d267,False,mediapipe_no_detection
13200,train_happy_005951,happy,train,train/happy/Training_97802283.jpg,008e8d9217fd681ecd38b6b7a859726bdde71761b5464d895c21099c5f667f2e,train/happy/Training_96982216.jpg,e13e87941f80f2dee0c77eb11707a37178fc271509d103b1686f73c44f4d6e88,False,mediapipe_no_detection
13232,train_happy_005983,happy,train,train/happy/Training_98381504.jpg,fb10272708452646bf2d8e0906e7966db3cff2b4925e7fc6baf464388815976c,train/happy/Training_97563305.jpg,97a868225ad686ea9bb005c431b9ae5055a8e995b4f4e2a3e54c07d2795c039c,False,mediapipe_no_detection
13263,train_happy_006014,happy,train,train/happy/Training_98887482.jpg,3bd36e8471d8352dd4b48760389b9c83178c1d4aef3be8c9a5655d109855fb98,train/happy/Training_98015432.jpg,a9da3e47c0add4abdf9e04df4be8e23cf213d593561237d120ff8dfe82858ff4,False,mediapipe_no_detection
13269,train_happy_006020,happy,train,train/happy/Training_98984009.jpg,7860f4b7c018db0db7fbc4060850d9b2561f809dfa11abb56c29c47103ede07b,train/happy/Training_9814410.jpg,cfa7e7c61dab5dd63a2bf82e289021db991abf6b4e7248780b4cd9b81a33363c,False,mediapipe_no_detection
13282,train_happy_006033,happy,train,train/happy/Training_99132500.jpg,b946a21256094b67e6a20f97eef9dd548a302d51198614059a579dc773463fbd,train/happy/Training_98357925.jpg,a77efee49b8282e53219adea0630d62e752b3210a82f15509dd3a16eda3db4c4,False,mediapipe_no_detection
13501,train_neutral_000119,neutral,train,train/neutral/Training_12592570.jpg,3c0b8e0055f5dbcbdc4348821bb28e2b5eebba4370967c95e15de9988ea7a6af,train/neutral/Training_1258778.jpg,02e22a1ce135aaaf0de992e7a13eb22024a94c60d403edc0fa5f0d5d81d85016,False,mediapipe_no_detection
13546,train_neutral_000164,neutral,train,train/neutral/Training_13416194.jpg,c3466b19eb230a2d5a32569a3c9db00884382c322910dda89bb1c38c4264307b,train/neutral/Training_13384870.jpg,0a238e731fbb3dbb0dd292a9ae7d36d5c901719ad1536fcf7423f20f79e5f497,False,mediapipe_no_detection
13584,train_neutral_000202,neutral,train,train/neutral/Training_14376285.jpg,e08aa07b1bf71605daf8ae95b6b75850551d1b7556572b21af39b98ecf79a1c8,train/neutral/Training_14356450.jpg,6ea6ce24ceabdad32e70f55323e85be07d4c192a318761c559cac31a1cecacfe,False,mediapipe_no_detection
13615,train_neutral_000233,neutral,train,train/neutral/Training_14915717.jpg,acf610c14935ca5790013829dca5f913a4195381e1200503500dbf07c3bdd36f,train/neutral/Training_14881295.jpg,2245f9a4b5d15bbf7bc5a17455d6d3773961d89273fa6257f4891a346f79481c,False,mediapipe_no_detection
13645,train_neutral_000263,neutral,train,train/neutral/Training_15467043.jpg,8cb965931f2bf04391cf254724bfd3c05e3f305361ec12e4998498c3fb276a4b,train/neutral/Training_15392275.jpg,e354ef76769919f74afa1e0815160b704bdd66c1682188ae9aa1ee8bf056d521,False,mediapipe_no_detection
13647,train_neutral_000265,neutral,train,train/neutral/Training_1551250.jpg,0359c9aecb4dd93b8a08f552116de361e31284433767762331a1d2e87600c193,train/neutral/Training_15450089.jpg,feaad5573979600569336555fa41197c7dc3ab135c4323303c01a3d7240b21d5,False,mediapipe_no_detection
13653,train_neutral_000271,neutral,train,train/neutral/Training_15704064.jpg,d0c05d70e4de53b8026e399d948d7362024c0b34305a3551a6580b8c3cccd126,train/neutral/Training_15579995.jpg,2dead9eeaffda765266bf5aac0c73829d9a1efbad28932cfcac5a38144a0f09e,False,mediapipe_no_detection
13752,train_neutral_000370,neutral,train,train/neutral/Training_17501026.jpg,f2a3f08df5be6e8d101dd800975bcf0f16be00145891c2820a2b327880c2a932,train/neutral/Training_17356057.jpg,e27deb5f08e87649c62ae460f424d52d767bd8940da8bef02e8b5056e2b8cb91,False,mediapipe_no_detection
13785,train_neutral_000403,neutral,train,train/neutral/Training_18279248.jpg,d5ae7b1d9f8a87f71207408720303cca66cb4cd687c2603923425be3176e404b,train/neutral/Training_18173154.jpg,0863ad1ffa72f863a52b959027c8a490ac095aba80645d020e01940c043db61e,False,mediapipe_no_detection
13805,train_neutral_000423,neutral,train,train/neutral/Training_18694514.jpg,fa1e32e7d85001fc4e3bcd3a0d973261202037cd9db696baff1c271a9977239b,train/neutral/Training_18621382.jpg,2159c4d27b1cad7c5056608bceb72e3001c0b12245c60dcdcddd470eda546e1a,False,mediapipe_no_detection
13902,train_neutral_000520,neutral,train,train/neutral/Training_20748872.jpg,8b58338772cdac2fdd254d4e22ee209bc8737c96b98ec8378eef0376a66b7ce7,train/neutral/Training_20613159.jpg,3d6b4cec98923c364cfd66647b212964434d7f0db4515fe26cad5b7980124bdd,False,mediapipe_no_detection
13923,train_neutral_000541,neutral,train,train/neutral/Training_2112398.jpg,19e4f0eccab530b4e0a69fa5a4ea9ed8cbf23ce21b513368c6a531af626b587d,train/neutral/Training_21011442.jpg,2bbb1d92dba11ce356062787682c0776587f4fb01d936f0df81f1f00e0d8a01a,False,mediapipe_no_detection
13955,train_neutral_000573,neutral,train,train/neutral/Training_21607421.jpg,c0919ebb92d55488c9cb264ca238c105749b86feda4d973b96c81ddecedff7c4,train/neutral/Training_21525119.jpg,b4c0fc13f964f3c6353881388ec70dfe9ae732e926f9afe76d8a230439f35420,False,mediapipe_no_detection
13996,train_neutral_000614,neutral,train,train/neutral/Training_22616751.jpg,1db7fdbb0140b3bdb19a399f5721c05557505cfa9e6ccb3adae3f917fd338905,train/neutral/Training_22384551.jpg,a010671d398c162e2ef170a1b1594c56eb5e419166c31561c8e7bd547584d813,False,mediapipe_no_detection
14024,train_neutral_000642,neutral,train,train/neutral/Training_23273095.jpg,83e2083ec78e6594d76a6e06c57f6ef510fa40ea4901140da50a54f35ea5ff16,train/neutral/Training_23022416.jpg,fc6df2cbab1adfea3cfff3f37b6b652e66841f94c1f557bcb6cfd808474dea4b,False,mediapipe_no_detection
14050,train_neutral_000668,neutral,train,train/neutral/Training_24022585.jpg,6831a7bfb5e68dd9a2be3c0dc2706390ed4e6f805db8d54cbd18e45d61304da6,train/neutral/Training_23772184.jpg,92efc1555699c3940d3d7bc994a82ff8257088b148c2dbb99ff16379458a1917,False,mediapipe_no_detection
14068,train_neutral_000686,neutral,train,train/neutral/Training_24271828.jpg,5d208f2e7b0d3c3c8fc2a4782652a18386505604c8f0b798086c0056f5b06720,train/neutral/Training_24114446.jpg,f0d3fad3a739a6eb96befc74275f02bccdae7cb656f97608261b76ae250939bb,False,mediapipe_no_detection
14070,train_neutral_000688,neutral,train,train/neutral/Training_242815.jpg,e7b988a6b397932572f2367ca285283b8fb7378deb1c6ace3917a5be8ec5b9d1,train/neutral/Training_24160184.jpg,81977534fd37c81b7507c04100079fa7766e41cc35be54bd4a674b0faf58738a,False,mediapipe_no_detection
14138,train_neutral_000756,neutral,train,train/neutral/Training_25650294.jpg,66876373454de7ce62b12e1cb2ee445d24bcf2788162f3324c0e80a748db4d58,train/neutral/Training_25574596.jpg,e8a93ef140dafec75453647c5c5eb557e4c803a208075920a36934a552c0b2cd,False,mediapipe_no_detection
14176,train_neutral_000794,neutral,train,train/neutral/Training_26413618.jpg,e5475e163cd5fe63f0d0e90d0d963775d0b711f99fcd5d08696a464644642459,train/neutral/Training_26269032.jpg,73dce80e3fe9a1cfe08a9a4ccab3631f5d78ff65b480a969bf2d60c518f8e9d7,False,mediapipe_no_detection
14295,train_neutral_000913,neutral,train,train/neutral/Training_29136162.jpg,70d3a0a28ca2d20cbd286ee4af064732dce97f77a9d9cb6a86b3a176b5f76188,train/neutral/Training_28843015.jpg,f9df9f349f35b5863f630ef09bfff54e0083c2e900ca9b565684ab9d8e4d8981,False,mediapipe_no_detection
14302,train_neutral_000920,neutral,train,train/neutral/Training_29256536.jpg,50f23b6ef4479750d4a87f01de603b0ce07a8f3ece3213cfdb1c7ee24d86e4cf,train/neutral/Training_28953960.jpg,23cc29f9d0a6f79a39770ec1a6b55159a6968680e71e273dd4a0ff929db3aca8,False,mediapipe_no_detection
14304,train_neutral_000922,neutral,train,train/neutral/Training_29272187.jpg,4cee8a8200db58a253fc697def6b79fe1f80cd20b03046e8179d4c9cca2b82c6,train/neutral/Training_29052495.jpg,af6e5690bf9f1e546d20e2c7842f3e8ab21ef17fce30c14ceeb305fdfe2b1630,False,mediapipe_no_detection
14327,train_neutral_000945,neutral,train,train/neutral/Training_29703312.jpg,8ba562196c24b2ceb76504e1aca9691013e806c5c75328fe93e59c87e31c702b,train/neutral/Training_29529460.jpg,3ed590da2b430f46cc43dcac1bbdaf8af2d8656d6ea239e3934d5cafc57060a1,False,mediapipe_no_detection
14429,train_neutral_001047,neutral,train,train/neutral/Training_31740815.jpg,58acbd68a56559c100e847582ff4062655512c293181eb0aa0f6975228eaa265,train/neutral/Training_31598407.jpg,2800c53a9ccf4949cafdc305170d0bd9fb1894775cdc904a5c5841a1671e753a,False,mediapipe_no_detection
14482,train_neutral_001100,neutral,train,train/neutral/Training_33058779.jpg,bc233b31acf7fbb31d39d522697f9727e700124e1f9c72ee9120a76c305e439f,train/neutral/Training_32839572.jpg,b28c99878197714dadc1614f4a9a1a9988022184041339f225a779e980769362,False,mediapipe_no_detection
14525,train_neutral_001143,neutral,train,train/neutral/Training_34173303.jpg,1e4eda55cf50692eb0c2a69e04e45a93551a8611010304805a09394d96cf38e7,train/neutral/Training_33897786.jpg,eec85ba57f2aebbe3f1a41aec14d63992845103703c470d7d8539ea94d16a19a,False,mediapipe_no_detection
14553,train_neutral_001171,neutral,train,train/neutral/Training_34875916.jpg,4014cff1cba14e13a0ce2d68db546b2a003e3cdee622565f376501ac06ff0db4,train/neutral/Training_34564480.jpg,9de4898867019a419c11d1e3c8a0910b9b752a90ef16422937ce6cb1ac869ca1,False,mediapipe_no_detection
14565,train_neutral_001183,neutral,train,train/neutral/Training_35150107.jpg,a4ce999be1e5b08f819e54c55a9d2a2b248c32f828c5a8e79f92f7626ab43913,train/neutral/Training_34833427.jpg,361a96dbdc8a00f61cf8d7b0f7d6c9a2ae4263f9bcb38b4057f7b91617f5c0d4,False,mediapipe_no_detection
14583,train_neutral_001201,neutral,train,train/neutral/Training_35449114.jpg,162e80744118731930880d8f14069566b9fd1fd02cd9a9f90b977d01f7f14cea,train/neutral/Training_35266091.jpg,63dd2c6f6f9b940d91438c251b6c3bfa2891036dd5546ecfdd8ff96973410c36,False,mediapipe_no_detection
14588,train_neutral_001206,neutral,train,train/neutral/Training_35480928.jpg,61ffb01a57a844a5ae6707aaea54e1d7f693df60f8e8aab2182b9bf949ca99ab,train/neutral/Training_35406373.jpg,ede5a395a2296e4bd4c24560d88726cb748df7d37d60044612656a7af7601734,False,mediapipe_no_detection
14595,train_neutral_001213,neutral,train,train/neutral/Training_35659519.jpg,fff46f9fa2041e5940b919ef7502f3152a3c3219a5f4d747647a1b03fcceaf23,train/neutral/Training_3542668.jpg,6216acaf1d01838329a32384e8cc63a680aac0af578c78ead0eba511aad37673,False,mediapipe_no_detection
14649,train_neutral_001267,neutral,train,train/neutral/Training_3711128.jpg,7cf9f1321cb4f428e82cf9465a20bec602d9e570c40f3091d3c4603912eee9e1,train/neutral/Training_36689712.jpg,2cc6ce1b837aaab804775c703d1c9ba5c2370875238d687e778b231c7a7ae716,False,mediapipe_no_detection
14684,train_neutral_001302,neutral,train,train/neutral/Training_37924248.jpg,e7e9bdadcc0aab764bf882cf57447b055169394980899071ab19abaa59afac5b,train/neutral/Training_37559823.jpg,402799b46221e2e7e948a6c8e3bd0ea387d647eee4beca2dfada477b54856b53,False,mediapipe_no_detection
14711,train_neutral_001329,neutral,train,train/neutral/Training_38420421.jpg,670fc69f18efcce7ad5e910ec9ef16cb6910319ccb1ca90b1608b9796501c2ca,train/neutral/Training_38092112.jpg,89eb80044a2a698a51db15a182aac1196840dec900ae38cfd1a7fa3b807992c6,False,mediapipe_no_detection
14713,train_neutral_001331,neutral,train,train/neutral/Training_38440330.jpg,0c9770834c1eb4e46cf3a785854c7422b00ff5e4bb1fd5a49e0a32f960efc015,train/neutral/Training_38142836.jpg,c11b45b1fa204ea22d1ba9337b799572b81189aee47f473caaed664a24302f08,False,mediapipe_no_detection
14763,train_neutral_001381,neutral,train,train/neutral/Training_39561924.jpg,d74e247ad70480f04c78d21e0a826eef8a78681e05f71d69a48c04cc05d195f5,train/neutral/Training_39274301.jpg,6d5757a4d093082193440131211f3dd0a1fd7414db31270eea2bde01261a19bf,False,mediapipe_no_detection
14783,train_neutral_001401,neutral,train,train/neutral/Training_40011494.jpg,9d3a25dde5013826a834999855307b547e0e7ed436d7ad87f1957c6c095685d2,train/neutral/Training_39651334.jpg,7e199d075585e4bab4654040a54ba1864a1ecaee15835e5c2a7458a1e168d5bf,False,mediapipe_no_detection
14800,train_neutral_001418,neutral,train,train/neutral/Training_402532.jpg,802a6874bb84917895a2392f59279c1673f92742a932ab0fc9a575577e85bdb9,train/neutral/Training_39990172.jpg,5f483b9e309de5ccf06f68ae4f1045f351fe2c00c365a1993a06767af29439ec,False,mediapipe_no_detection
14818,train_neutral_001436,neutral,train,train/neutral/Training_40581580.jpg,058fbdb2d95c2635ecf7038ed9510a8eb6093612e84b08524ce0d4b02ba2ffac,train/neutral/Training_4026808.jpg,3d2d63da9d609922211ef810f8b4e1ed9688b946a2f005c18c441a53b9e4ee69,False,mediapipe_no_detection
14862,train_neutral_001480,neutral,train,train/neutral/Training_41567179.jpg,b32505578139b561c716e3233bf2135ff16822ba710efb431fc24946d9d1a438,train/neutral/Training_41066171.jpg,8a7be57734d436bef652bd31b3541ccb1c4b02b58f853fbf0fef4cb30f68300f,False,mediapipe_no_detection
14921,train_neutral_001539,neutral,train,train/neutral/Training_42590707.jpg,774c699b9ebb709dc046392a88d1afd13c87778f7a058b6324e070bba83267c9,train/neutral/Training_42279539.jpg,7196fe95b731bdafecba10a4759ca9b7c23133dceaf08e32b48d28bfb9ffb52f,False,mediapipe_no_detection
14929,train_neutral_001547,neutral,train,train/neutral/Training_42697851.jpg,73f7f6fccd6022a7b747420046c9be411b41fbb0cbd797a70551ea8e8c6a4c37,train/neutral/Training_42420731.jpg,e30acbca8e0d886035a077a10be667634792bddda9cb9513e77ac60ca9e5eb23,False,mediapipe_no_detection
14974,train_neutral_001592,neutral,train,train/neutral/Training_44094885.jpg,09e21049576c6575a531c907ccbe89965aca51d678b9a5fbb03e79f014c3b049,train/neutral/Training_43562723.jpg,e2e3ec48268de220c02c5b2c7b5bf79fa201a9d429f6485154bf92c8c9c17436,False,mediapipe_no_detection
14994,train_neutral_001612,neutral,train,train/neutral/Training_44569063.jpg,ba9e0ea5dcab8fa569722dcbe1bee68a1ae928c1f2414dc40162e2d789f99daf,train/neutral/Training_44094885.jpg,09e21049576c6575a531c907ccbe89965aca51d678b9a5fbb03e79f014c3b049,False,mediapipe_no_detection
15008,train_neutral_001626,neutral,train,train/neutral/Training_44826569.jpg,bbfebd36643aa741953f6282fadc07b60304988585b82ca1b559c22402319e94,train/neutral/Training_44366032.jpg,d876407439e31580994984d2c583381fee49b2176afa75072bf4fd01d1d17a29,False,mediapipe_no_detection
15013,train_neutral_001631,neutral,train,train/neutral/Training_44916177.jpg,983e4cc6b861a421f04733efa5bdc95012a1b4cfe12084493d649abf983ea1ce,train/neutral/Training_4455251.jpg,26fc6837bc7a777e048602ae62ac515db0f21dd47e2d817732b1d60f5c0d7aad,False,mediapipe_no_detection
15061,train_neutral_001679,neutral,train,train/neutral/Training_46217865.jpg,760c2369a7788abe6ae80c92a9438d11261c2965354f9e47c8fe93ec8e71b976,train/neutral/Training_45637066.jpg,f6de39e13ca5da731322c6604ce78d397c129003325b1d216c0e6cf198d771e4,False,mediapipe_no_detection
15128,train_neutral_001746,neutral,train,train/neutral/Training_47411846.jpg,401d6dbb549afb2b0e4c46bc3292ed4163ddc6ea7a34dc8a10cd210581c34637,train/neutral/Training_46949485.jpg,319d5b6ec67548e52afe8a9436f7d26e1be8abb2ae88cb0b5ca9ef8c6002ff48,False,mediapipe_no_detection
15133,train_neutral_001751,neutral,train,train/neutral/Training_47512288.jpg,a5b5dbb2a85fedbe0814f1ef0640ca190b4081ca0d08351dcc893642bd591757,train/neutral/Training_47079804.jpg,8439005af98133ec842835dcf79ac57412cf4f0078a9a1759623a17080ab9814,False,mediapipe_no_detection
15159,train_neutral_001777,neutral,train,train/neutral/Training_48103217.jpg,e62863565cb51548a847bee6c0184b7897476bb00b99017f1071694e23dfa71a,train/neutral/Training_476565.jpg,07cc53da3ae1b5071923a00e6f5b76daefa65cc91af26e85f1a52447ddeb81c6,False,mediapipe_no_detection
15198,train_neutral_001816,neutral,train,train/neutral/Training_48774492.jpg,021ab0040135545d203509e70fde4d6702b6712ec840379e7d53263468b84e4e,train/neutral/Training_48282359.jpg,25d4a6bcd6cf70644ab69da4390717b4ef87ffed6b472ac5f75da319e40867c9,False,mediapipe_no_detection
15325,train_neutral_001943,neutral,train,train/neutral/Training_51549555.jpg,757e8b91f7eda713c668080e22cd07ca48e45f1c68f34615cfa04718cf1f93c3,train/neutral/Training_51053114.jpg,db9ccd725cbc5eb8949ba7a76de1b44ddc396b8a9dd73150dd19c42376818137,False,mediapipe_no_detection
15414,train_neutral_002032,neutral,train,train/neutral/Training_53250921.jpg,3eb9f3dc3b398df738641cd4bd96f4608618f84568964f3b654a187fac10a1d8,train/neutral/Training_5280022.jpg,c813f592bd9e049f08d419bbef62a49180d76e76ad373dda8f1e4d1e063ef9a4,False,mediapipe_no_detection
15494,train_neutral_002112,neutral,train,train/neutral/Training_55142607.jpg,3926776969d6c17c0b56fee1b3ed69c32f5b28e2aae80ba55cd4b59857a66f04,train/neutral/Training_54507663.jpg,79e680cbeda12f28aae9f7f463c07531ddda76fbd9457ccdeaef6c42e03b95e4,False,mediapipe_no_detection
15509,train_neutral_002127,neutral,train,train/neutral/Training_55394334.jpg,b005e632642413fa076c7752370689df2206ac11f23c55cb634438e512c38569,train/neutral/Training_54743353.jpg,6aa38a341836ea071fe8d8792fe6ee68beb2410dad64a5a92ec148cea9f06c5c,False,mediapipe_no_detection
15516,train_neutral_002134,neutral,train,train/neutral/Training_55639480.jpg,42cbb683798b7ddca057a51d6d84e9ade56c2bf1f470161c6ae50de0570b065d,train/neutral/Training_54876680.jpg,70b79c7c07815de2c4cf3d5af021a2f6c463fdc99b2d116f68fdbd5ac8aa5182,False,mediapipe_no_detection
15522,train_neutral_002140,neutral,train,train/neutral/Training_55761969.jpg,3182dc9685e3640b7375778ffa403e70ada88f38669f06314a0c4f9aea74f76f,train/neutral/Training_55180835.jpg,25a03b31492abae13d1c96c964f5d96b04db4e666456a9296434ed7291379f95,False,mediapipe_no_detection
15556,train_neutral_002174,neutral,train,train/neutral/Training_56537573.jpg,03fc21c4a2177169c589c999e562c48c27ba4690bd3358ba723e38197e8614fb,train/neutral/Training_56014894.jpg,c092b7d7d8960936c485646b109f6428337f0643477e4e93c41cd6406e9d3a8e,False,mediapipe_no_detection
15668,train_neutral_002286,neutral,train,train/neutral/Training_58762644.jpg,e35cf0a6de2b785e1019700712cc58aa508f27c3f2eb3b7b4e6db97997e6ca91,train/neutral/Training_58198171.jpg,d0129d1dce78c78dfe98b331b05c6202b87c1584f1cc0ab50bd2958d207b2583,False,mediapipe_no_detection
15682,train_neutral_002300,neutral,train,train/neutral/Training_59023561.jpg,5ee6e3fdc6f3afc0fae8e34db2b7b15c15af58f7b25d15328f9ad1d4710997c8,train/neutral/Training_58456995.jpg,5d296b344a39820552888d620eed66302425bcc7de076af73793574af57ac799,False,mediapipe_no_detection
15751,train_neutral_002369,neutral,train,train/neutral/Training_60469996.jpg,59a1e3f629c67eb1cd94175491b37c92c7e5815cb2148b239507ede501ff5b85,train/neutral/Training_59870655.jpg,490a950fff185f1a90da28ae2de5ed314c7398ab5c02b1c3cd08b138fa990bdf,False,mediapipe_no_detection
15847,train_neutral_002465,neutral,train,train/neutral/Training_62570608.jpg,c8ab039f99cffc358363faa7def0c1cc5e018b0248ba9021feb265471c7985b2,train/neutral/Training_62129714.jpg,41e6adec3de94427f105a355ad815ac40ba63556540e05c0fee1f6e4d6812030,False,mediapipe_no_detection
15862,train_neutral_002480,neutral,train,train/neutral/Training_62914182.jpg,ecd7802c2b4fc990690ee81242664c7aafcc1f3b780f914fd699ea13bfbd9c6a,train/neutral/Training_62400250.jpg,9729174d178784fbf73dfe3b82dabb69a81054b8927fea04adabfb368dc9324d,False,mediapipe_no_detection
15895,train_neutral_002513,neutral,train,train/neutral/Training_63564567.jpg,03813d1243d8c17880b60246197cf4e3367eb867db2c004802f11aa3b0949bee,train/neutral/Training_63045086.jpg,ca155d85f84627eb3c9b0b288d94e93146be08a104c7081b51001ed088dde240,False,mediapipe_no_detection
15922,train_neutral_002540,neutral,train,train/neutral/Training_64164912.jpg,4356e7586f2b088a63ade3af6aecb0215ea3a85c28e213b7021c4823821ecaa5,train/neutral/Training_63550898.jpg,97df8d2ade0a5aeb3bd860b69361b37f3c24176b8d207bbb2c53622f49b3aa9b,False,mediapipe_no_detection
15950,train_neutral_002568,neutral,train,train/neutral/Training_64786684.jpg,bf34bc75d3a21f824e674b71f9fa604f55c795a4fc29a489c62d92fc044e9aaf,train/neutral/Training_64144757.jpg,71495274c203ea84ab1e21e7ed2430d3bf47a9f195515c4d93305b8e45d12fd1,False,mediapipe_no_detection
16024,train_neutral_002642,neutral,train,train/neutral/Training_66430166.jpg,1d7202a3eb258222b67d71404db6e14573171c146f729272126ad31228b90ce0,train/neutral/Training_65771354.jpg,dd83848bfd747d10e9d90139a9ad0a1d8a4939c2a8ec14be2f774bd746035d25,False,mediapipe_no_detection
16033,train_neutral_002651,neutral,train,train/neutral/Training_66574797.jpg,6040c55ed85effbc872b95f7018d63201f433aed8a01569d10419ab9e7a6205e,train/neutral/Training_65873175.jpg,b840305497d3bb187115642460b1fadc67421068b6d11bf17aef290c93536655,False,mediapipe_no_detection
16043,train_neutral_002661,neutral,train,train/neutral/Training_66854155.jpg,d0e2ed55b9c1f6af2160c714877ae15d1f2e29320a13b0460deae435b4ede6fe,train/neutral/Training_66155454.jpg,20f23c8e98f48cde1fe0b0eb3ea7e5266a69488d0288e053368472466818accc,False,mediapipe_no_detection
16071,train_neutral_002689,neutral,train,train/neutral/Training_67362379.jpg,ffb31f81be51de0e2dda377f91fed2efac2aa2a4195887ee3debbf47d3e9533b,train/neutral/Training_66845267.jpg,8fc81600a68e537e521056733d297c19fd32dacbce87bebbf06f771bc190a2eb,False,mediapipe_no_detection
16074,train_neutral_002692,neutral,train,train/neutral/Training_67405915.jpg,ea5966bbee74d65f44c48c15a33404c8302c67a268297797fdcc51b3e1be3ef0,train/neutral/Training_66880865.jpg,b69c5004c0d9068c89d3b0acd9910247605896b3ed037396bf9e6a6c3d631cca,False,mediapipe_no_detection
16101,train_neutral_002719,neutral,train,train/neutral/Training_67971972.jpg,553bf8b849097ebd1d50cc6d7dea3d9ea4fb88f1466e059039c766d5b00fb469,train/neutral/Training_67347024.jpg,0b1c837015fc44099aacdd07ac307a305537c06398ce5d3ddb185e490b876c8e,False,mediapipe_no_detection
16169,train_neutral_002787,neutral,train,train/neutral/Training_69524276.jpg,6d2400a01b825ec2367b75ab7917b57d45a22856b6c769831a87fd703269e662,train/neutral/Training_68746678.jpg,9726c30977a7d8b938434b97083cb1e0b7a348a563777d08b4198fbcfa0b30e2,False,mediapipe_no_detection
16183,train_neutral_002801,neutral,train,train/neutral/Training_69962078.jpg,4b9ecc118a21a84f7d3f38315d78e558abf781cc886690677fb1b1f3b963609e,train/neutral/Training_6913352.jpg,ae5d9841efaac70733033a3f029e6463907f54265e010cde08a780ce51ee8a0c,False,mediapipe_no_detection
16193,train_neutral_002811,neutral,train,train/neutral/Training_70271413.jpg,ac6b39a2465055cc2f1d9fd399a97e0618d90c4a470aaf31dc79f763bc392f69,train/neutral/Training_69374744.jpg,7a91a356901c9952e312f9888835dcd8d8e9889bb1eb65d8e4b214a48011cf0b,False,mediapipe_no_detection
16197,train_neutral_002815,neutral,train,train/neutral/Training_7037926.jpg,ef7378d43e72a942c9fdcc3bb9aca985827ed95cf71a75c640dd0188a4d4edc4,train/neutral/Training_69476793.jpg,922a02e319a5c874beee03838b532d55675348767f826aa0ba3ed96bf4d38bac,False,mediapipe_no_detection
16253,train_neutral_002871,neutral,train,train/neutral/Training_7152570.jpg,a79aeb85cd45e978911d825599c858836e8361c6a9c6e5ca9d15270f3160c9be,train/neutral/Training_7078245.jpg,ec69e846f2e8e05573111ef99266ce85e9e29e27655371e05de7763cf61dc0ca,False,mediapipe_no_detection
16272,train_neutral_002890,neutral,train,train/neutral/Training_72246431.jpg,3b51e34b7520304243badc4241501b6465c851918b873670aa1d8781d58277a4,train/neutral/Training_71266356.jpg,d75276d382731e1130e3d8ab8ac5848808b742236967c4060919b6ac885d869d,False,mediapipe_no_detection
16286,train_neutral_002904,neutral,train,train/neutral/Training_7250644.jpg,c0c96ef8c471349498cdd758dd40f98da42b6ae13c1a41c5ddeacd568f4daee2,train/neutral/Training_71533113.jpg,c0d0edaa56867f03bce4f2c67fb2410b723ed9b589a64c5081cb93a8a61041e1,False,mediapipe_no_detection
16299,train_neutral_002917,neutral,train,train/neutral/Training_72936419.jpg,1d9bb1bea35b894e7469ef3bda80c1053ee6780e33968d6abeaf6c8c5ec26a94,train/neutral/Training_72114331.jpg,ba3e9350cb2ea1883514bb3e93a0720f0ef5c4838ee0e75f802c11b778d3f64e,False,mediapipe_no_detection
16323,train_neutral_002941,neutral,train,train/neutral/Training_73545943.jpg,74753fdeddaedecfe527c8f0dac95795d74feb92a76f158737ce994410191e5d,train/neutral/Training_72686010.jpg,3afae234046cfcc243a0843d1623b1e56d6f100da36fafce46fdb41c3cb18684,False,mediapipe_no_detection
16350,train_neutral_002968,neutral,train,train/neutral/Training_74022909.jpg,d0856e7b2986c71cf52d34d59856d66ee030427c79f8de0a1fba47fac5d90c29,train/neutral/Training_73413926.jpg,19a1a2e61253339e41fbd1b880c8ec92aa5fe3dcfe3c1d616e35a5e411d38a55,False,mediapipe_no_detection
16358,train_neutral_002976,neutral,train,train/neutral/Training_7424719.jpg,0442266ce2eedea4713a167498e9a0e907c72237439a07f5e00e096e92263733,train/neutral/Training_73599260.jpg,492b13a2ca5a632daddd997335d0e8613b1045e848239394eecb677f6470a6f8,False,mediapipe_no_detection
16361,train_neutral_002979,neutral,train,train/neutral/Training_74296245.jpg,912d76fa621f6de54741b7a64a94c372575d5cbb407c3fc34e21eeb8a300cb7b,train/neutral/Training_73609242.jpg,e2f4f1dae31b120f3e10e18e0f45f987318be6037309de0505bb35f7c961b565,False,mediapipe_no_detection
16379,train_neutral_002997,neutral,train,train/neutral/Training_74697880.jpg,422e624cd6ffac82b0371941b8465916f0e32cc6352d56e31fb1d71019d025c4,train/neutral/Training_73914376.jpg,ca2273d8a417fd8a2f0ff99b5ed308a876a971b95361f025b7edfe47a9f13bce,False,mediapipe_no_detection
16415,train_neutral_003033,neutral,train,train/neutral/Training_75448898.jpg,a960a4cd62f3673596beb8f531e6007521f3e5370a5d1e15799887121f1df377,train/neutral/Training_74852975.jpg,8100c295467165ba598013b09fa21c96a4f28cc349cca2f601f6fa8368d47cce,False,mediapipe_no_detection
16424,train_neutral_003042,neutral,train,train/neutral/Training_75605299.jpg,4b34ec6f4b704c2785639ec81c0df0539c6183ef2ee4310d7e987cad4f55163a,train/neutral/Training_74913015.jpg,01c8270eb55e8b0390fc91368036645b65e6733f0680d5ca3b8ef834c37fa631,False,mediapipe_no_detection
16470,train_neutral_003088,neutral,train,train/neutral/Training_7685933.jpg,48bc252c033e611f3429fd59e511899b1a2040c87942c5a190b8844332a604d9,train/neutral/Training_75798306.jpg,88b18f7399a9a6b319535cde09ae9a091f728ed3cda70546b9692c53f5449e88,False,mediapipe_no_detection
16478,train_neutral_003096,neutral,train,train/neutral/Training_76963495.jpg,19e74f619dc2c309cd31f4a30da81c7527543ac9fe7a6052a54b4454e3c15619,train/neutral/Training_76166816.jpg,0fbb1bd662815be1163d0c81d355dee613ab075547be9a60d07cab5535cdf9ec,False,mediapipe_no_detection
16578,train_neutral_003196,neutral,train,train/neutral/Training_78856954.jpg,54fa4ff8cf1d3e4624cf5b89b338ba536c88ba4f524694646d45832456bd17d5,train/neutral/Training_78134041.jpg,8efd6426459c671c29c4a83c1071ae7ba0cd6f9cb1a344a60a2fba2268130137,False,mediapipe_no_detection
16590,train_neutral_003208,neutral,train,train/neutral/Training_78989542.jpg,bc6fe4d3b6b4c8684621dc80f40ec9cafa5a221128416e81dc197290f4e8e865,train/neutral/Training_78375365.jpg,5cbd5c6ae0314d771059322f35b6b27b0f29600c86ad6d5c3df8f13835d42226,False,mediapipe_no_detection
16620,train_neutral_003238,neutral,train,train/neutral/Training_79622672.jpg,63bcb71936ee88a2087a3d90e8299a2fe8170122f48e7d715e6126aaad1970c6,train/neutral/Training_78928314.jpg,0d06333fac11b7ebebbf2ece45a911f88e9a3082c8dee83e3bd19cd39855f444,False,mediapipe_no_detection
16640,train_neutral_003258,neutral,train,train/neutral/Training_80172719.jpg,58e2adcc43073224202e1356101e9ee8e6f25940f7b59d8fccca4506bc9a2d51,train/neutral/Training_7927893.jpg,08c38e14c35f05d837d6bb3fadab5e9fdf97e053bef4693014bc734d71dce1fc,False,mediapipe_no_detection
16690,train_neutral_003308,neutral,train,train/neutral/Training_81491756.jpg,5a0aab140414069c0f976be0bf78b1ce74898515ca73a9911fa436475be89869,train/neutral/Training_80497255.jpg,08913a4b24e4f7d288b27b608195d34380c91640771bf4b217f13f285a161065,False,mediapipe_no_detection
16785,train_neutral_003403,neutral,train,train/neutral/Training_8330418.jpg,600837bed24fbf03b8f4adabb6d7d79d24792091883be78a5acc1537e539856a,train/neutral/Training_82659353.jpg,649e2e16447ed3dfe8a73c30e2086536465c26498aa5bf87b2f553569428e5c4,False,mediapipe_no_detection
16851,train_neutral_003469,neutral,train,train/neutral/Training_84874820.jpg,55b3395064f16277d604d3284f36148ed4a52edc496a13337aa05883e454b718,train/neutral/Training_84149919.jpg,a086016967518a84b2bb20c7f9cc92ea373f4923d612a78babdeaf1a2ea63af7,False,mediapipe_no_detection
16948,train_neutral_003566,neutral,train,train/neutral/Training_86867379.jpg,61535f533bed8c2547f6925bc3381b0420638e22761f3208705158aab935a5fc,train/neutral/Training_86128030.jpg,4c08b98fe4715e0ed5cc2975d720c85536f9af703aee6c34618883f1de1db2bb,False,mediapipe_no_detection
16975,train_neutral_003593,neutral,train,train/neutral/Training_87545489.jpg,bbe8682477340654363d2e4a3916387592941ef4aa78a9891681959a411660ed,train/neutral/Training_86611228.jpg,0ac9ee6171c2c7df2fa3e77ce7e8f0e8c1fdbfb0a6bdad4560b822b7f27e1f7a,False,mediapipe_no_detection
17049,train_neutral_003667,neutral,train,train/neutral/Training_89014555.jpg,4aa625ef58d91be120c1e1295e28ff77f76fb2f1b9e01ddf1f3eec2425d5c287,train/neutral/Training_88111968.jpg,7e1d6bec4839dc3631fcd630e46a626e2576fbcd2d0496cb60f97945de1a4bed,False,mediapipe_no_detection
17059,train_neutral_003677,neutral,train,train/neutral/Training_89401036.jpg,6c0289a5ce1cea51b212ef1ead9ea4eb66c121811e222ce2b6f451789f65e3ce,train/neutral/Training_88342086.jpg,fb25a27f32d7508616218189be5b56e9819194aeca13073985d9d48082014f5b,False,mediapipe_no_detection
17090,train_neutral_003708,neutral,train,train/neutral/Training_89992777.jpg,c3c53687c535f959475a9ca04e5fdd9104ec250364f65f36affbe8c8caa44d9d,train/neutral/Training_89012577.jpg,a1cc101df3ec51f981550484abb113c83536818691bc2bd2c28bd05df751bff2,False,mediapipe_no_detection
17103,train_neutral_003721,neutral,train,train/neutral/Training_90338164.jpg,be92e6671f48d3f86b1d24ca295f10bafeb3afe8f63611218200cfb71187b113,train/neutral/Training_89335926.jpg,7d95ea9b5675227952eaca2898cd12019f224ca9af14d757258a7ba7e9919b2c,False,mediapipe_no_detection
17128,train_neutral_003746,neutral,train,train/neutral/Training_90752469.jpg,1eb19b77364f935b63389efd3d224876e1f107d86966c27fa53319755d199a21,train/neutral/Training_89881733.jpg,db8f1b162668efcdb2c3daaae437fbfa64a1eaf07d783298cfd727ecb24f8c9e,False,mediapipe_no_detection
17131,train_neutral_003749,neutral,train,train/neutral/Training_9088498.jpg,ffdac1c809a98188d3988ce45d0020fb3c4cc26279c888d555781fdaa4bb8a71,train/neutral/Training_89962636.jpg,f6382d389d50ac27c4f6ef4261dd73485221a0eb560187516c1bd02cdd481ed3,False,mediapipe_no_detection
17164,train_neutral_003782,neutral,train,train/neutral/Training_9153213.jpg,b24354967e65e21abcc0a515b62f413b34d29ffb7fd156fd69f783cfc8d0142b,train/neutral/Training_90665371.jpg,fcc87812b09b6510e273d087e6b5fe859f7e5e7f892c0045b605a58aca4c1802,False,mediapipe_no_detection
17190,train_neutral_003808,neutral,train,train/neutral/Training_91998342.jpg,307a4d7905b471e4e040f8f56cea6526e0f4ba1e194b25e74f1fbf7225c0e3a8,train/neutral/Training_91176846.jpg,013ff3f17983d5c607c3f37cfd3ac55c39d25f06e9ca58314136543829cbce65,False,mediapipe_no_detection
17310,train_neutral_003928,neutral,train,train/neutral/Training_94327357.jpg,efc9c50ac48a8c623bf980d57f039fbfd6ecf672c85a218ad1a1c4e531c4f672,train/neutral/Training_93514240.jpg,8cb4cc1fe91e9ee58413f3d03b648d1862107b14a6967bf2fa89256a8450ddb0,False,mediapipe_no_detection
17314,train_neutral_003932,neutral,train,train/neutral/Training_94367966.jpg,467eeac170402a2edc50519dab87a30b40a0a3db14b3a6dee9e1ac8a927d603b,train/neutral/Training_93591794.jpg,ad2deb3d1e04f83e195dcb52c753ec1aec03487a478553d7e82c0b9ce44807fc,False,mediapipe_no_detection
17318,train_neutral_003936,neutral,train,train/neutral/Training_94439239.jpg,fcd85611e2a0cdc7ff3f4977749959a39c1f631283608a9fb115b79ab866b48b,train/neutral/Training_93661656.jpg,65ee66ddc8d2e33cd660c117285d240377edd94c903610ea9e9ce45e58bc3eeb,False,mediapipe_no_detection
17326,train_neutral_003944,neutral,train,train/neutral/Training_94567512.jpg,b843dae8502bb86927227b1630d9c7fa88b6cfd6dbe40a5158e99759221c4b39,train/neutral/Training_93865180.jpg,b29976471cad30581cd4690bae5a3e7e09623437d78d2741b6cd14ecdafbb479,False,mediapipe_no_detection
17356,train_neutral_003974,neutral,train,train/neutral/Training_95208616.jpg,b69b6790e900b42dcad606982622991b863e7804277d76e189484e01968603c6,train/neutral/Training_94337620.jpg,676eca22ad1ff8c5515620f15e9e5b18a9d2f4ed72e311ddb12049d77e3df284,False,mediapipe_no_detection
17416,train_neutral_004034,neutral,train,train/neutral/Training_96674396.jpg,4e811b7c85f586ad4f73482be6a3a0119b3d0115941fc25274ecbe3edcb3626b,train/neutral/Training_954435.jpg,568c3e712917023ae41eab2f2b61848dd0ad14ee3dbd5e26ce6505805a5b1f34,False,mediapipe_no_detection
17470,train_neutral_004088,neutral,train,train/neutral/Training_97876144.jpg,22a9dc69d3791e02a9ea955cd975ea3b7076a258fcdba4893384f207b6ec1d9b,train/neutral/Training_96968179.jpg,87ae149c622d7ac7c405887c38765cf5f65d6492519716a94d563850cf069319,False,mediapipe_no_detection
17506,train_neutral_004124,neutral,train,train/neutral/Training_98825329.jpg,6010db13752fe60cb569b75bfca6a92a12bb492767dff0b0360445fdeae5bdcd,train/neutral/Training_97730202.jpg,573770a97340347439e1f559678bee6e8554eb83de6d3604aceadaa1b98a295b,False,mediapipe_no_detection
17507,train_neutral_004125,neutral,train,train/neutral/Training_98826048.jpg,8f5aea13811a389cddd4e514077c50e05e33937e9ddc9aaa2c9cbd618d1704a6,train/neutral/Training_97774972.jpg,815e6ec64af3804d22a6f7e9148c7c8caaeef673badfae1a6e18b8da90ae9d33,False,mediapipe_no_detection
17545,train_neutral_004163,neutral,train,train/neutral/Training_99746769.jpg,1bb3bc32e943d70bc82abc49a8c0490982b47b0e2c3dcba01a9f8618dd33635f,train/neutral/Training_98667765.jpg,0f260efea7e62de1d660944f95fefc6f4b57315a768c7fe13dbec871e31d2658,False,mediapipe_no_detection
17555,train_neutral_004173,neutral,train,train/neutral/Training_99968496.jpg,d80601d22164ac66372add237de3bc426488e16293831787e73837fbabb4f150,train/neutral/Training_98897485.jpg,20234de3bc18f54c946d936fe285ade789f2155edf85411032aeb336080fc45a,False,mediapipe_no_detection
17606,train_sad_000003,sad,train,train/sad/Training_10057152.jpg,57d0c06d10dc0a177bbc195bdb68592ff8dde1c7423d11f6b22e20dd6fd3a096,train/sad/Training_10057152.jpg,57d0c06d10dc0a177bbc195bdb68592ff8dde1c7423d11f6b22e20dd6fd3a096,False,mediapipe_no_detection
17625,train_sad_000022,sad,train,train/sad/Training_10408895.jpg,547b572ace9e81aecd3939829f74b2b67fca644e3fcee08fd681d4b16767447a,train/sad/Training_10408895.jpg,547b572ace9e81aecd3939829f74b2b67fca644e3fcee08fd681d4b16767447a,False,mediapipe_no_detection
17639,train_sad_000036,sad,train,train/sad/Training_10745478.jpg,e005fdc6118f51c8ddc0796e78d45fac216694dde51602caba530f9f0561dc51,train/sad/Training_10745478.jpg,e005fdc6118f51c8ddc0796e78d45fac216694dde51602caba530f9f0561dc51,False,mediapipe_no_detection
17650,train_sad_000047,sad,train,train/sad/Training_11036409.jpg,7b6ecaec3cd34136150b841873b88eb1248af02e4c55022b8d7c55d50b46b6d9,train/sad/Training_11036409.jpg,7b6ecaec3cd34136150b841873b88eb1248af02e4c55022b8d7c55d50b46b6d9,False,mediapipe_no_detection
17666,train_sad_000063,sad,train,train/sad/Training_11360169.jpg,384db35d8874bfa339c244f9d8de3272c8564d133f985c4650a75aa89b897881,train/sad/Training_11360169.jpg,384db35d8874bfa339c244f9d8de3272c8564d133f985c4650a75aa89b897881,False,mediapipe_no_detection
17674,train_sad_000071,sad,train,train/sad/Training_11527318.jpg,737bb12be96f3ad624cadb9c925290c821bd786f7225472093ca0093504ed721,train/sad/Training_11527318.jpg,737bb12be96f3ad624cadb9c925290c821bd786f7225472093ca0093504ed721,False,mediapipe_no_detection
17690,train_sad_000087,sad,train,train/sad/Training_12021437.jpg,deca0232955e53d81342f89b3a3c062588041d23c4b4e760e021340f94e4e830,train/sad/Training_12021437.jpg,deca0232955e53d81342f89b3a3c062588041d23c4b4e760e021340f94e4e830,False,mediapipe_no_detection
17699,train_sad_000096,sad,train,train/sad/Training_12246265.jpg,52a63bb0e8c4d3c605ae6c955ee5da5bda2af7acf94132908a7cb10cb580e015,train/sad/Training_12246265.jpg,52a63bb0e8c4d3c605ae6c955ee5da5bda2af7acf94132908a7cb10cb580e015,False,mediapipe_no_detection
17714,train_sad_000111,sad,train,train/sad/Training_12626293.jpg,6bef1de5c6efc1bba2d1918e62b11e47e85c20ee42d50e1be8fbb38d98e48f2a,train/sad/Training_12552898.jpg,f8a67b945f51462fbf9ec832146510d7b7b68d3f8054212c0c9c67848c525b2d,False,mediapipe_no_detection
17715,train_sad_000112,sad,train,train/sad/Training_12671812.jpg,fa676391057785e88e111cbecbc0af7182ef41804b595cd901576baef1c7b02a,train/sad/Training_12626293.jpg,6bef1de5c6efc1bba2d1918e62b11e47e85c20ee42d50e1be8fbb38d98e48f2a,False,mediapipe_no_detection
17759,train_sad_000156,sad,train,train/sad/Training_1362985.jpg,eed6d73600114bf4ba284d8248b4b28a230f9968b48b3dc0501999111a23b19e,train/sad/Training_13576592.jpg,938356fd9aeab3ebe0f78f443fd0a25e4d1a878f372f880a3a6101e052a55c9a,False,mediapipe_no_detection
17768,train_sad_000165,sad,train,train/sad/Training_13716815.jpg,7f14644ebae23896ddadf7183895188a423064d7a5b2a4979439c901b3012d9b,train/sad/Training_13672852.jpg,c3ac91fc63fae1f6521f9515f00be578c699ecfe2cdf953647a95d0fac587224,False,mediapipe_no_detection
17772,train_sad_000169,sad,train,train/sad/Training_13813927.jpg,af7dc040fdbf392a3993903983982659d52ea94c2c8db8629b764e35bc760e25,train/sad/Training_13755766.jpg,a34219cad58809505300291755c38b953b2d26592dad884a6abbcf938b231bf4,False,mediapipe_no_detection
17786,train_sad_000183,sad,train,train/sad/Training_1419284.jpg,52ff11e4d15e91faf38a3b333b7a296f8defbbf4c9ef129e09b2a89fd59bd9e9,train/sad/Training_14163500.jpg,9b760ba32a66dd00a70bafe040c6949253335cbe40e5e03efb2106eeaa1af887,False,mediapipe_no_detection
17809,train_sad_000206,sad,train,train/sad/Training_14674275.jpg,497b27e6d6fe82f9904c9dd31f55a09abc34d506dffccc4374e3376e9a0ce42b,train/sad/Training_14642235.jpg,e51509736a5bc6cfc5d5ab87f0a62e0f47e570c433fe57e7e9ff5466adc491e5,False,mediapipe_no_detection
17819,train_sad_000216,sad,train,train/sad/Training_14829055.jpg,c5806da319bd9cccb166aebb23e55d9883fa005070a51569b96083ddd2bffb68,train/sad/Training_14739337.jpg,ad72f445faa9d0c3dcdbe6f0217b37f4ed2bbc1ed70646c1edc6c1f2d5f2e091,False,mediapipe_no_detection
17836,train_sad_000233,sad,train,train/sad/Training_1513062.jpg,c26692ee61aa9d5b103abf3088b9f7835ca0ed00be3c1dc5bc9f7b5cab6e2180,train/sad/Training_15099729.jpg,baf5b87c4db3800934f5ad4f53dad39259097e13084adfc80cdcac4e4a708400,False,mediapipe_no_detection
17841,train_sad_000238,sad,train,train/sad/Training_1532812.jpg,5ff27ead207537661a97494e6b0e77a3ca776ebf4dd6cbc20da32187a50764bf,train/sad/Training_15213801.jpg,c2b810cc074c33ef2f4ba44955b111c4cf137e6dd8bc17130fa507fc2d37a9e7,False,mediapipe_no_detection
17848,train_sad_000245,sad,train,train/sad/Training_15503520.jpg,84f1784e3fba247c36c185534b0f2dcc8ba1c14454b9fe9db48743c26ccae12d,train/sad/Training_15419787.jpg,d7772c2eec0d8e3bbb3c55b6141d6134d33bd9034f4daf84bdae0eb5165e6e4c,False,mediapipe_no_detection
17854,train_sad_000251,sad,train,train/sad/Training_15646130.jpg,61f67ca6705d66d9c82535dc875582994cf94e91ff688077a0309e36b245a4fe,train/sad/Training_15544280.jpg,aac0e34ba0c211a9ce62eff8148dd2871a8eec26e6627a9d20f9c6837999608c,False,mediapipe_no_detection
17864,train_sad_000261,sad,train,train/sad/Training_15768350.jpg,5dd39c38bfb2ae3aeecbd8a2a3e5c3b81bfd865151a09ed68527842db6a7bc7a,train/sad/Training_15733746.jpg,b10a86368efade96cd857fdc13bb3d8e6e1b6a1d3049a03a5cd8ae448d01584b,False,mediapipe_no_detection
17868,train_sad_000265,sad,train,train/sad/Training_15851328.jpg,31eed1047f68b5eefeeddcff7bc5fabad791c6b81ed8fc7eb793766f8c187593,train/sad/Training_15769970.jpg,618321ba1d4f3f842643b9c8ef1632ad154700b515152b1e25109f351e0adb16,False,mediapipe_no_detection
17892,train_sad_000289,sad,train,train/sad/Training_16446596.jpg,c3303b3f8da067991fa3c93c5cbc2f80e66a43bc1ff1753d369745a70508f460,train/sad/Training_16363044.jpg,3eb514a83185d14a867cfb8cdb42aa8057f1123a4dc8ef531c08a2d15042c151,False,mediapipe_no_detection
17906,train_sad_000303,sad,train,train/sad/Training_16662080.jpg,b70fff7c0fee4f643a1d69b5acf6cfe1c3077840091f912d942481d27fcf9dad,train/sad/Training_16606473.jpg,003ad6ca2ad98afc5c547cf4361c7ac62d2a88ddc514c5a95f06e7022f5c7183,False,mediapipe_no_detection
17932,train_sad_000329,sad,train,train/sad/Training_17199238.jpg,f8aa0ba62ca35c16b19a8c04a65c6a62b0505d804fd4c695f8e3c7a0ab5535d7,train/sad/Training_17101752.jpg,9a4e432fbaf5691cde17209a1b6c90ae487a6546b475377c8b2e9426bf646d3b,False,mediapipe_no_detection
17940,train_sad_000337,sad,train,train/sad/Training_17399021.jpg,c926364a74c7994bb4c993e8ff911f93a770ad83391f3d6c9f8f51965731b65b,train/sad/Training_17254660.jpg,5beef4c037bc44136af980ac0f0149deeddc69abcc0ad8bf0bdad4dc187acfcd,False,mediapipe_no_detection
17957,train_sad_000354,sad,train,train/sad/Training_17757453.jpg,4183a9f6330380b60b0ec125f40f05b84f664ffb2ab9246c300077f9ad075028,train/sad/Training_17695140.jpg,ddbce21a4573ded577d7540433b4b624cdfad1ceaff9c717e75d803f49663bac,False,mediapipe_no_detection
17965,train_sad_000362,sad,train,train/sad/Training_17876299.jpg,f60bbe2509de0076f8ac7fc7c28ce344ee56200a76f02d0e814038eb7c3eff18,train/sad/Training_17789232.jpg,9d39a04868d2dd728c2b604185496554d272e295ac2d5949a3f53b20e2e8d84d,False,mediapipe_no_detection
17969,train_sad_000366,sad,train,train/sad/Training_18007196.jpg,f293fbc6dfe066c44b30702cb62cc91055e159c44233624ffa014b1c4785c065,train/sad/Training_17884883.jpg,56ce8e9a2cd4571dbaa1001d038ed0c11e28dd35e341b2fb3359956006d1188d,False,mediapipe_no_detection
17984,train_sad_000381,sad,train,train/sad/Training_18299440.jpg,447a0ee687e42b8b92926c005253af7c2a96c06d0615ec6713df1c4bf906046c,train/sad/Training_18242455.jpg,12b052402b9ebd30b935194b170d7e7a566d9eea6276f4e290ebb358c59fe0da,False,mediapipe_no_detection
18004,train_sad_000401,sad,train,train/sad/Training_18740454.jpg,d8ea67e6cd78e5a570efd01abd17f35152ab0e9e9bd31744bb43894537e91011,train/sad/Training_18687780.jpg,706b3f76f50e8bf2bff624f0aabedda21218c39bb9765643b0ef0b519da96b42,False,mediapipe_no_detection
18017,train_sad_000414,sad,train,train/sad/Training_18971108.jpg,073e6cbf4ebc1645f884c9b91aaed4b89dc680fad8a1aa38440a178d5e6b5178,train/sad/Training_18870788.jpg,098512c8ac60f80831099e72f1d9891bd320fea1b802e657a7f89b5353fc3a7c,False,mediapipe_no_detection
18032,train_sad_000429,sad,train,train/sad/Training_19358325.jpg,8ce2b7562f76f4c4f74596b3d4e6a20e5ba5c7dbefeadd4fd2c5285fce38fb7c,train/sad/Training_19230405.jpg,37e25e4c5bc07c0578a8fd6e72d5d9baed33de44b8341082683ebd4fce154aeb,False,mediapipe_no_detection
18064,train_sad_000461,sad,train,train/sad/Training_20027012.jpg,5893968621ac62ce891dea01e6ce03cd21be56048c3e23e3980a482bdf722f41,train/sad/Training_19947416.jpg,e8f663db7b13527856da04a9e964f6196d4bc4cf556543b83d13f6f813ea2b18,False,mediapipe_no_detection
18066,train_sad_000463,sad,train,train/sad/Training_20058673.jpg,cdbac886806d1a5dcd3634a43665f8df7dd7001831fbd70eea5cb571a0cbffe7,train/sad/Training_19952390.jpg,03c6bab6b4e8250f6fcf04d86aebb9f13a2d3b989fd9eb923ea9f0da5b1d69e5,False,mediapipe_no_detection
18088,train_sad_000485,sad,train,train/sad/Training_20534399.jpg,38c87149fe77fc2218e9343d47e34f41ef9bd579a5906df864b1f491d99fb999,train/sad/Training_20447334.jpg,5f3cee5ef65b1205b67a3ab9d45c68cf58941fd8e00d4a9be6fc782b667f6fc6,False,mediapipe_no_detection
18109,train_sad_000506,sad,train,train/sad/Training_20868588.jpg,8d7f697ba15180da0051ff8d9a02ed5680ce0a4be12f3e7843b466f17cf01d9d,train/sad/Training_20796443.jpg,b23d42c74b63d296b7305f57ebbdefbba202227ba82b541d135b56ec806ae58d,False,mediapipe_no_detection
18113,train_sad_000510,sad,train,train/sad/Training_20943237.jpg,44f91a65bcd5e63687fd59dcc76ec188de3057525f41653ad586ade5c6706806,train/sad/Training_20838219.jpg,a18fa743bbbfcedd45dbe20eeb982ed8fe90c37fe9d4216c885b30ad66da8823,False,mediapipe_no_detection
18145,train_sad_000542,sad,train,train/sad/Training_21445110.jpg,3398bc350cbd6f80c2700889b073527f7e5b9ad2098b07f29a611fa220acdf06,train/sad/Training_21368742.jpg,ed95aafe1c02ce4131a10af8cab59915c9efd261fcbb6d670b32b70bb5249977,False,mediapipe_no_detection
18148,train_sad_000545,sad,train,train/sad/Training_21539296.jpg,d2dabc4df54683473ab64dca2f6bfe4f6214a2f5a537da2d5c5927dae4b941f6,train/sad/Training_21398218.jpg,82d3131e37ed88173d3d3698becbe5b7ef9b2d1bc647582a97c1cb940227d927,False,mediapipe_no_detection
18173,train_sad_000570,sad,train,train/sad/Training_21968136.jpg,d6f0d9fe3780ff3314758ad5d18e09f746196f69ac415dcb9dfaafcd4dfe9d33,train/sad/Training_21840621.jpg,a6d50478c10f57078f38f5d6987126bdf6dc4349ae0c8bc0e76ecd1c6421b797,False,mediapipe_no_detection
18205,train_sad_000602,sad,train,train/sad/Training_22773075.jpg,8b95a50bf4e5a47e2fe707d1b0c5ea9203a5a3724a41122b0dbd5b7a6740ed86,train/sad/Training_22465841.jpg,f8e7932e65d36493bc5e2ba082b78c1c91cc4148aefd0cc56737d769b69432a0,False,mediapipe_no_detection
18208,train_sad_000605,sad,train,train/sad/Training_22814805.jpg,49120c1faec8bec55265327a54f8b1363e9a8030d1a176dfab7f28401a85dc3b,train/sad/Training_22658025.jpg,a579f8bc5e18901a4b5be659150d224208bd97fe12a2ca342125ec3f0f8b2633,False,mediapipe_no_detection
18211,train_sad_000608,sad,train,train/sad/Training_22908074.jpg,7f59558475a078397e0a0dcc9710f8e3cad25d2eb5a82c7756da2922d7bd37ed,train/sad/Training_22773075.jpg,8b95a50bf4e5a47e2fe707d1b0c5ea9203a5a3724a41122b0dbd5b7a6740ed86,False,mediapipe_no_detection
18233,train_sad_000630,sad,train,train/sad/Training_2338253.jpg,40f3bfa73dca4e6bfbf00f165120f7aa7d67bce2ef671c85441d32fb4a260590,train/sad/Training_23292820.jpg,2ca06f13a406c7b1d07cb3f3de941338c9e196070bc2de8dd6d255a2970281fe,False,mediapipe_no_detection
18244,train_sad_000641,sad,train,train/sad/Training_23600620.jpg,041b23a7f3c147452faa7cdb0f7a40357e0e3301a2083600379a33bacd1039f5,train/sad/Training_2350940.jpg,7394d3ae5b9ee5535e352bbb7f879647118d421afe9b3187255d6f5eabbb5c26,False,mediapipe_no_detection
18249,train_sad_000646,sad,train,train/sad/Training_23711617.jpg,df3cf4019ced1ffd8331cd8c3afd0f75ba94c97306ad4badcac7056d0482af4d,train/sad/Training_23589370.jpg,52621fa05a5ac44454f2b5ecb64445c57cbc8dfca34eb33204cae463e88c3233,False,mediapipe_no_detection
18251,train_sad_000648,sad,train,train/sad/Training_23722481.jpg,a44a89dcd6fc01a25f2be90802c4e1ae0249dc6b9a3e50a635376704422715b8,train/sad/Training_23673663.jpg,ebd0b37431300d5902ddb4b1decec8a4e99fdcaad93644a8dfda862dc0925116,False,mediapipe_no_detection
18257,train_sad_000654,sad,train,train/sad/Training_23814.jpg,1d2d49a1f3f64ee719a8f124ac757e1267bada21424f3ddd95f675b6842de4ed,train/sad/Training_23729379.jpg,0c6c057643dbe615438cc199d1105ef85b7fb986eb5c77332a33745186fe1b15,False,mediapipe_no_detection
18259,train_sad_000656,sad,train,train/sad/Training_23816921.jpg,cfb62e0d8ea5b633f8559b743b5986a4b6e37f05528b912efce7ddd692421231,train/sad/Training_23776599.jpg,7c715f561123e3a02ed0bd4100fc8cf0cb8d46f3e7da4a57d417f6c2cce6f82a,False,mediapipe_no_detection
18277,train_sad_000674,sad,train,train/sad/Training_24133132.jpg,b081e8a50c2c97f0093f038a32a9f511637229d18924d0c7412b95f4c3770f0b,train/sad/Training_24025488.jpg,144c15db20b17401c676d0849da477e0e697c8e323e822fb9a13e0aff50da575,False,mediapipe_no_detection
18282,train_sad_000679,sad,train,train/sad/Training_24265844.jpg,d13660c983db33664b3c708a0f7deabc71c372b835ec2039b9320f52d2ec51bd,train/sad/Training_24133132.jpg,b081e8a50c2c97f0093f038a32a9f511637229d18924d0c7412b95f4c3770f0b,False,mediapipe_no_detection
18284,train_sad_000681,sad,train,train/sad/Training_2428627.jpg,5c5335ff4ee77d5936c25f6791619036d5d0c3ea26433363a6af890ee5636c23,train/sad/Training_2419465.jpg,c70ed8c68c175bdbedede97e32e8c450284910fb20200f61c92818e9c3648559,False,mediapipe_no_detection
18292,train_sad_000689,sad,train,train/sad/Training_24547696.jpg,5c65f584ab5f60e80bb195b27d776c303f5564dd6a7e6ebf7ba3b3034f74060f,train/sad/Training_24358702.jpg,30f8421cef2f15cce5d9b300fb1d65df337ccd26de00e768a9caba1a2ff2944b,False,mediapipe_no_detection
18294,train_sad_000691,sad,train,train/sad/Training_24607500.jpg,f3ac46142b7a2c872f769b2c4b01208c7d6006ab205174db0287a882c03c99c3,train/sad/Training_24445670.jpg,e224e4dee948568fa79fa2d2b38b1a58b74a986061ef8d280bc9ed634c28ed8f,False,mediapipe_no_detection
18313,train_sad_000710,sad,train,train/sad/Training_25007159.jpg,d4574894d2436bcfdfa17245db2dffcd432f7697f11a43954509b1669f7f7840,train/sad/Training_24870123.jpg,9d8089e2d8559c81335c78063ccb9d13df330231e8095c14baffd118bbce2b37,False,mediapipe_no_detection
18321,train_sad_000718,sad,train,train/sad/Training_25136120.jpg,cbbe2fc6a08fc997babab430916689bd6a99053b954191373209dc0ded07734d,train/sad/Training_25007159.jpg,d4574894d2436bcfdfa17245db2dffcd432f7697f11a43954509b1669f7f7840,False,mediapipe_no_detection
18329,train_sad_000726,sad,train,train/sad/Training_25257752.jpg,6debda972800631b043709739b70a9628f4a4f4b012a2472d662101983cf6baa,train/sad/Training_25166137.jpg,66e7cab4a72eceee0c4e1411d48d3cdbcfe8c42f22160b2947cf23799846a3c1,False,mediapipe_no_detection
18357,train_sad_000754,sad,train,train/sad/Training_26010996.jpg,8cd4070ff29a26556447e69baafe322ecf5396caba39ce68260ef6acfb3256e7,train/sad/Training_25811502.jpg,e889d9f1a1e02e942846be009ce9f542a0fde30ece840dfa6b5a0a2b54834193,False,mediapipe_no_detection
18359,train_sad_000756,sad,train,train/sad/Training_26142209.jpg,556aebb3bc2a60def38649230d65156c863b54983925dc755788e52a66cead9d,train/sad/Training_25900681.jpg,d1120a9f4e3d1ec79a95542fc40e4208e241789f10ab169c3e6011b73cab8c5c,False,mediapipe_no_detection
18362,train_sad_000759,sad,train,train/sad/Training_26185524.jpg,3e8824d00453e86c786c98a65a6488961b444f96f98794309a1ae9b160d8de5a,train/sad/Training_25954591.jpg,e6bd65ca59e79fceffda2300d6ce8686b02e8391935bb985cf51cc2f6ac9c1e5,False,mediapipe_no_detection
18378,train_sad_000775,sad,train,train/sad/Training_26562781.jpg,4abe1ff36202e5effa43984017eeeea8c3f8f7086599757136e9d558b2497930,train/sad/Training_26384577.jpg,df312177c4449fd64c54152f7792bd09bc1538a2d17aa4b19ecc9fbdd00b6836,False,mediapipe_no_detection
18388,train_sad_000785,sad,train,train/sad/Training_26797580.jpg,6d0e2c36dd11d76f8e8e97d513143433dca82ac28137390f79029c241ee7b131,train/sad/Training_26577391.jpg,76cc4183f78bb5033a18b01485915fddb0d416ac89dff0be96ccd75ded9a886a,False,mediapipe_no_detection
18398,train_sad_000795,sad,train,train/sad/Training_26972335.jpg,b829317302badf90e10ebec5c89f8f177dbca897f817569b8ed4452ebcadc2c8,train/sad/Training_26852804.jpg,3680f550ab61cbc0d032372212bf87ef73a56a3351e086f2bc6eb10c5e30d61a,False,mediapipe_no_detection
18401,train_sad_000798,sad,train,train/sad/Training_27033010.jpg,f4ea1a5a6bb2a123132ba7fd4cc5379a11e476538a50d04cc2ba28ab7fb255c6,train/sad/Training_26895761.jpg,6e1ddb4a0a8cff00d050f55d380adf61260e03e93616d9ed6510cd191d388e1b,False,mediapipe_no_detection
18406,train_sad_000803,sad,train,train/sad/Training_27048181.jpg,47c250a7dbde2d70c7359ba2c27b9e7b97b29be705ad72fdd98d1132b5ba813b,train/sad/Training_2697333.jpg,aeb516b10c49bb434394cbc6ec0ff1f4d762404341481e5ed6a77eaa114b19c4,False,mediapipe_no_detection
18407,train_sad_000804,sad,train,train/sad/Training_27060330.jpg,6d356898a1e495ed210aeffd5a6e01a6a794a94fb7fe540b84169fa4de3986ae,train/sad/Training_26991687.jpg,6f8f2c2c5cb9877b886b3dd6f9352984aeea53f2b546283e2765785465d8ba5c,False,mediapipe_no_detection
18411,train_sad_000808,sad,train,train/sad/Training_27247515.jpg,67f44423e86075856dc4e85ea547b2649611383464cec4068510fcd8e1f50d21,train/sad/Training_27039257.jpg,c2f07135e14894aebd3ff4e4936f61d06983de8d397c15a41a7744cf4a700f52,False,mediapipe_no_detection
18413,train_sad_000810,sad,train,train/sad/Training_27359156.jpg,21c88d09d36097ef7d7b47e1915c4f2421bf8c7bf0a7e3b43bdae3110363a307,train/sad/Training_27048181.jpg,47c250a7dbde2d70c7359ba2c27b9e7b97b29be705ad72fdd98d1132b5ba813b,False,mediapipe_no_detection
18422,train_sad_000819,sad,train,train/sad/Training_27638603.jpg,379f8b50e5c1924c3b864926e1a313f0286baa7175bba1e1ee159d22bee31045,train/sad/Training_27384052.jpg,e9ae94676de9ca522f5ccf296432e60ba384ba6f268e9ddcd33b0e7604e0eb80,False,mediapipe_no_detection
18423,train_sad_000820,sad,train,train/sad/Training_27707513.jpg,1a79bdad3146d56d6834881a69eba3fc2b5bc1f04fa7f0fbdf8d58af6c8e6455,train/sad/Training_27470164.jpg,794df5ceff0d71e15ce4f936e80ff2e29c0173a823fc0cb41957935b4c1ac8e6,False,mediapipe_no_detection
18436,train_sad_000833,sad,train,train/sad/Training_27916259.jpg,b98eb4548cd003e377bbd2f76c4c6db00e70dd2b559945935a43debd06adff53,train/sad/Training_27803122.jpg,232f90d35dec6b8f6f72f2f51f4d1f413dca355bc1cc99c4c7a057d54d35b49d,False,mediapipe_no_detection
18445,train_sad_000842,sad,train,train/sad/Training_28054112.jpg,c64a1db06ff2d602aa91289b1b6fc12374fa2861d0b3681bc440187880e84101,train/sad/Training_27947031.jpg,224eee8ceb262a447ee35a08b9ba0c2b9d7f6869522bc94ab75f2895a00e4c69,False,mediapipe_no_detection
18452,train_sad_000849,sad,train,train/sad/Training_28209570.jpg,d34c2ccfe0576f73436456672a6bb103118fa637ccfde4a1c77caccde5e1203e,train/sad/Training_28054112.jpg,c64a1db06ff2d602aa91289b1b6fc12374fa2861d0b3681bc440187880e84101,False,mediapipe_no_detection
18453,train_sad_000850,sad,train,train/sad/Training_2828595.jpg,0c800a56a00d29d1a05366b4a8386c80ff82e1dce1d5edbfdad8b3aadfa9bbb3,train/sad/Training_28055108.jpg,c409d396b2c95e3a13ad5a3b03bb0d6caa56a4f347207a9b8c5eb74db89f7090,False,mediapipe_no_detection
18455,train_sad_000852,sad,train,train/sad/Training_28363929.jpg,7dccad09bb5bcce61615af128995bbbab0529d70379504d170eef391e7747227,train/sad/Training_28091029.jpg,0b64a92de5dd822dcfbb18c8da73fe14ec2a7c23ead8798d177922da2a04a47b,False,mediapipe_no_detection
18495,train_sad_000892,sad,train,train/sad/Training_29125.jpg,ebe0d53b6af77cddc47d0e6caca356c23a68393d2e7162eb9fbbe97a6bb62aab,train/sad/Training_29044139.jpg,9f22a7f0fd0b296bf7fb95e6a8052b7212fb85d3cb25527b4da6f5009ebda3e3,False,mediapipe_no_detection
18500,train_sad_000897,sad,train,train/sad/Training_29202171.jpg,c6cef94f5264eaf534e1714f0406fe87dbaef9db81d4fc066904ddf70606369c,train/sad/Training_29110201.jpg,a3942224cea6b773ff86f1eab97b542e75a03c74ea7781fb43e574d5a14e0023,False,mediapipe_no_detection
18511,train_sad_000908,sad,train,train/sad/Training_29480068.jpg,edde555592c104737aecb82d98432c9354f9cc58ed334881892075b439d4d516,train/sad/Training_29356352.jpg,2a68042fdf2e591c38614b99929819083ae5eb1ca9ceb73ad4da6e755ccd9508,False,mediapipe_no_detection
18515,train_sad_000912,sad,train,train/sad/Training_29567219.jpg,9f615e9e86891a6ce151fee31d045230f747e19d98e85ccb8c54b08e6b247359,train/sad/Training_29409610.jpg,36901314b0a1145837253ce3a9593504c32ef6535d17660dc658fd9ddeb08e2e,False,mediapipe_no_detection
18527,train_sad_000924,sad,train,train/sad/Training_29733068.jpg,adb1ca1c93e3a53d241d17176e50651c98dbfdbbd02fffdb26bd95c4819cd909,train/sad/Training_29691900.jpg,4c13517a14fe72b22c388cd1c8ab701a9dafcae38d340a44e4aaf2d7f574c465,False,mediapipe_no_detection
18531,train_sad_000928,sad,train,train/sad/Training_29816501.jpg,6c0e90c199d64184833caed64540b8d495cf0c2e4df6ac53155353eecd2c139d,train/sad/Training_29720698.jpg,ab1c8cc43d765a598957b32b6b1f2663dae56ae8a0e098b021b79500aa138e82,False,mediapipe_no_detection
18534,train_sad_000931,sad,train,train/sad/Training_29912553.jpg,9521c45025d90c6deeb349a02b3366c1fdb8feb3e2853e0e82844677e0efb22f,train/sad/Training_29733068.jpg,adb1ca1c93e3a53d241d17176e50651c98dbfdbbd02fffdb26bd95c4819cd909,False,mediapipe_no_detection
18536,train_sad_000933,sad,train,train/sad/Training_29922660.jpg,fbd6ee626f0aa417f9b5f2d1434d4bcb5c7c03ab4cc723e995fb45b1748216b6,train/sad/Training_29807870.jpg,2e6c37ffbe1ab4b875a4b15cbff2be0acce7a85b866088054cf69a1ac5f0d49c,False,mediapipe_no_detection
18549,train_sad_000946,sad,train,train/sad/Training_30463357.jpg,aa6c8deeda5c744ed99f6092d8c33b6f0529bf75505e8fd7973186542b16f19e,train/sad/Training_30102662.jpg,c10684e5e3aa64f86a39b15e410c5b97b982310999c6c307f370419ac20b2be3,False,mediapipe_no_detection
18559,train_sad_000956,sad,train,train/sad/Training_30552031.jpg,97d0352ab8d082f287cb5103338275d3f421b973431dcacdadc358b3ef77c2cc,train/sad/Training_30489237.jpg,bbdcc132fca57bcf9e0294d7f6d3496f0d50af85f9e62fa38fa2b9048462ea3b,False,mediapipe_no_detection
18562,train_sad_000959,sad,train,train/sad/Training_30614937.jpg,ac688da9b6c3e9ce25b3f8cb0dbb6619ed9211fa28201d668d7d53936774d8ad,train/sad/Training_30502031.jpg,dac43ad0c0f62cbed4a8fb18dfeeba5bb449cd1516c3aaca0742eda96108056c,False,mediapipe_no_detection
18585,train_sad_000982,sad,train,train/sad/Training_31073427.jpg,cd16353afd6864428848f0ab0c8bed89fee763f10f2bc8bd0242a9ba55e3d115,train/sad/Training_30974770.jpg,54df0b9797f29c8137a001e4b500065493a3ad101e97125689dd21cb65d6a538,False,mediapipe_no_detection
18595,train_sad_000992,sad,train,train/sad/Training_31235037.jpg,e05bfaf82f392d43cbfe80b578904580fa1cfa455fc36eecc2e8606447bbcbeb,train/sad/Training_31098779.jpg,51a9fff21441400722644642ed359e232834b359458bcac591ba7ec6ec91cb21,False,mediapipe_no_detection
18625,train_sad_001022,sad,train,train/sad/Training_32090876.jpg,e6af0f4c69d5d4562a240573b991c8401f03f99a876bb985b21465bc49ebcbc5,train/sad/Training_31845940.jpg,089933addfe92688bc4d464341c45c03da5765ec28383544b8fbbe2b7d431282,False,mediapipe_no_detection
18635,train_sad_001032,sad,train,train/sad/Training_32259950.jpg,2d8f7f6a19afb2f01361fa280c1278e147dba5bbdc38a3aa7d109d2c83303f9b,train/sad/Training_32153725.jpg,e4424cb31ddfe64d8edcc4f737af9939f322c8c047cab7988f6c359c985048b1,False,mediapipe_no_detection
18636,train_sad_001033,sad,train,train/sad/Training_32281078.jpg,4d0991dde9ddeb3256d3cda73a9dc1a20fb75e3f0215c066f8e9d09b00877220,train/sad/Training_32155683.jpg,79e17f4df1fa7d21935cd42be023a934f539d346104066c819018718a8cafd0f,False,mediapipe_no_detection
18639,train_sad_001036,sad,train,train/sad/Training_32459888.jpg,72dff722c869f41ebefd05a080a9c2941f3e64f05668fcf95f8be7e92897703a,train/sad/Training_32165743.jpg,a579f8bc5e18901a4b5be659150d224208bd97fe12a2ca342125ec3f0f8b2633,False,mediapipe_no_detection
18640,train_sad_001037,sad,train,train/sad/Training_32486215.jpg,8e4852dbcb55585b48f8938e22d8c54817e075b2d6940dd03dee1f58fbccf1e2,train/sad/Training_32214386.jpg,61da5d55e80d7fcd417339d19a234f4171ec2dc3a1aeb32fe60374e884def306,False,mediapipe_no_detection
18653,train_sad_001050,sad,train,train/sad/Training_32737938.jpg,66015ea8aa67831362c04aa487c06d427b982e547bef344586f1de22521b895e,train/sad/Training_32584947.jpg,11ded0ac3e8e27d7bd71a0f3ce2ed8a3a112a77bb5498f2c5622506c20e6d871,False,mediapipe_no_detection
18655,train_sad_001052,sad,train,train/sad/Training_32798566.jpg,5be93700096b1e410cdb74dba6ef43d159b05406f97d188c1a45ff085ceb5219,train/sad/Training_32591988.jpg,56176c37eda4544f9804ce0c4776d86b1e0ad075dde3abd3e27a486d21cde672,False,mediapipe_no_detection
18670,train_sad_001067,sad,train,train/sad/Training_33069154.jpg,38a7b8c77828ed59debbf05d195b4cdf16e075de43dbee1b9ca6b0f3c362a0fd,train/sad/Training_3298301.jpg,7d49f0dbb71d96d90f9d42c8c4df17e13896af14d44961ffa568d2716744a01c,False,mediapipe_no_detection
18672,train_sad_001069,sad,train,train/sad/Training_33123341.jpg,b3d6bbb29b88f678b045d4deb0574a783c3ede569a96bf25b4c66a2153e2984a,train/sad/Training_33022465.jpg,5ab215f422c1cbc006695b0407f2bd8cca17fab91497af91029cdb183f626c15,False,mediapipe_no_detection
18700,train_sad_001097,sad,train,train/sad/Training_33833405.jpg,b3c6dfbe143f05707e9dffaf5bd237bf4baedab453252246fd38f4568d4d0608,train/sad/Training_33711262.jpg,f7e15d1339c316f53c84214ffde9cd36029be3414fdf291aeda09bb127ebd588,False,mediapipe_no_detection
18701,train_sad_001098,sad,train,train/sad/Training_33852686.jpg,3514b53026951bc6cb5050bb30ae77f61cecf1d3fa78743fbca8d9549db67085,train/sad/Training_33722851.jpg,a7d3849afbda8993821afc62cd3c89b8365bfccea17a41e3424306e6e5caf7a6,False,mediapipe_no_detection
18726,train_sad_001123,sad,train,train/sad/Training_34761175.jpg,ef4fa2b69d3a9bc9b286f5b5f37de776814577b95714f290aca769163c5a7032,train/sad/Training_34499552.jpg,e552882c8252fdc4c55501cf4cd3e55fc45e610387ef06cfd7d1db505e573ebf,False,mediapipe_no_detection
18729,train_sad_001126,sad,train,train/sad/Training_34867434.jpg,9d37e38ea48b93a060ef91006b9c0c9b5cd38c511576af5e4cbcf723ad6e7b0c,train/sad/Training_3455339.jpg,781c7f388972e5d0dab7e390f72f78019a2a7663f9388599ede342adad35132f,False,mediapipe_no_detection
18747,train_sad_001144,sad,train,train/sad/Training_35251522.jpg,c3445fc8771cc59043f4fab47e118b7a1ade34ae1ac7229b86c4d8aeca78124d,train/sad/Training_35037311.jpg,453b0fd5630cd78643c8088846a6a111642a8e3f5ad9cce88b3a3b34465ed8d5,False,mediapipe_no_detection
18748,train_sad_001145,sad,train,train/sad/Training_35294895.jpg,20a93ab83c41d490e790015001434b4ac0ed9378c62345a1b89c5ab8e7dd0640,train/sad/Training_35044641.jpg,38cc425e14c85a3e67506ad1e4420bb6aad50e3ace38a987d562608e61b9d3a2,False,mediapipe_no_detection
18761,train_sad_001158,sad,train,train/sad/Training_35503985.jpg,1f4acc32bfd9868d972d945acaedc808818f7abddb84e623aad38aa0f9e9c73a,train/sad/Training_35305337.jpg,3085298a7446ea0e746a7c53fa425f5973baee0a602abb2c0281317eaa7ad7fc,False,mediapipe_no_detection
18767,train_sad_001164,sad,train,train/sad/Training_35616890.jpg,7268df5335892fda8c87bd8d621b81d556ef5e1179827eb42edc85ed91158429,train/sad/Training_35374116.jpg,fb28fe0d25b0a796a635567018e612031f4cd49329440c8b52930f4b797e658a,False,mediapipe_no_detection
18768,train_sad_001165,sad,train,train/sad/Training_35648159.jpg,8073c63f076240324f7f71903a3dfad1af8eb8e8c267a55bb3f40c6eeb833f34,train/sad/Training_35411957.jpg,00751ac5a16815e4d697fd86438814d27b9b305bf6253ecf4efcbd8807b3cbed,False,mediapipe_no_detection
18769,train_sad_001166,sad,train,train/sad/Training_35653781.jpg,9bb72729e2ad54969eb41821c42e4fb31f09b25d82c3375c6fb711b354344f53,train/sad/Training_35476659.jpg,4ab5f24e7e0760f6bee7e78bed87578d1e9543812fd56c60ccd49bf39a3df1c3,False,mediapipe_no_detection
18784,train_sad_001181,sad,train,train/sad/Training_36005127.jpg,450ca4e5dcd0bc3f38021fcff85213c6013a8073494baed92f83a40b3d917731,train/sad/Training_35702363.jpg,e536c26f00fb800e04fa7ad1fb8189d200e4a213d873fb9ca3bb9a930c2aee33,False,mediapipe_no_detection
18793,train_sad_001190,sad,train,train/sad/Training_36206244.jpg,adddb7c64188c7def6afbf0f322d58245001a82605d219a21fe0eedbe8f3e02e,train/sad/Training_35932860.jpg,1093aa2830ebe864d0379a0e6e40ac533910c6b882db5b6dea255855a2e98fda,False,mediapipe_no_detection
18837,train_sad_001234,sad,train,train/sad/Training_37244884.jpg,b64542ec7cab1246b40ea4095b64033aee17473330b7b89ed2c61a74c05de921,train/sad/Training_37044075.jpg,f524688c7604c761ddfa78d0003d179cec1538d2fd7eea9efaf39853fd7f69b2,False,mediapipe_no_detection
18838,train_sad_001235,sad,train,train/sad/Training_3726599.jpg,b9b2410273ddc445b69babd9c26bb593f3a49904188a5d85064ecd6db09a3092,train/sad/Training_37057766.jpg,54779fd62e596351e70cceb39262b10bf6d3ad7642897b5b7fdd7c56c62353be,False,mediapipe_no_detection
18842,train_sad_001239,sad,train,train/sad/Training_37360117.jpg,c7a538a39747b798363a1155ceb2e7006e206fdb716ca8e08e2755b89a84a093,train/sad/Training_3714490.jpg,0821d3bf7af9c814ecec25737d9df4b1cd629ce6624ed333662d0662fe3dfa39,False,mediapipe_no_detection
18879,train_sad_001276,sad,train,train/sad/Training_38280677.jpg,79e6fd9d61e221a784267b31a2545413b1616a570f849bfc1cfe64eac80a1c13,train/sad/Training_38094415.jpg,f2520a339abdf2942d26608aff480ad4a34596c02b21ee25c4329ea6e906bb51,False,mediapipe_no_detection
18907,train_sad_001304,sad,train,train/sad/Training_38844370.jpg,5d83a710bea982658ccfc77175f9e5cec96ff78aa07293ff6966f492f527675b,train/sad/Training_38693087.jpg,39e692d0304978636c5c0718fc0a99fbca89119fb7729123cd764fd19b5a9bf7,False,mediapipe_no_detection
18919,train_sad_001316,sad,train,train/sad/Training_39098381.jpg,f80a13bfe24efb2457a197d5b13b5d316f607179f0b4935eb1177cf2a75846a6,train/sad/Training_3886065.jpg,b5232bbf68fe670dd372d0593a39f2f66b811da027817f345a7c8b6c6039ce1e,False,mediapipe_no_detection
18970,train_sad_001367,sad,train,train/sad/Training_40154585.jpg,2b60d80ce93fa3066eb5b30ccde2bbb7315f31aae388785dbee6114ee9a07299,train/sad/Training_39892225.jpg,65c6228cf020a72952ae77e703fd2943c429b4d4dae8fb42cd57861f6254fec8,False,mediapipe_no_detection
18973,train_sad_001370,sad,train,train/sad/Training_40200372.jpg,919ca6e70fb95c538ea7096047f6ce7b030c992ae509dfaeeaad2c2c72e93560,train/sad/Training_39924372.jpg,d5b815b6f213c06000a8378375dfad8eb80c9cba3b06f09ad81ddfa9db3b305f,False,mediapipe_no_detection
18976,train_sad_001373,sad,train,train/sad/Training_40264904.jpg,5b72e5c42eaec077bd2f983ebcf3537d39442b0c69fe2cd51752a3e4e9539e3f,train/sad/Training_40033674.jpg,7ea70b4b621e801c241d1213590b01ecedbbebe0d2ef5279493c417eefbf5f1b,False,mediapipe_no_detection
18986,train_sad_001383,sad,train,train/sad/Training_40423203.jpg,a9913f35e32e07210a2b32f65f8e69d327fb5ded2675ae371ed3e1b8bc06641d,train/sad/Training_40179667.jpg,7981dceb845dc2b633b1c6dd884dc8b4ae46f613f586012992a0d7c2b870bcd3,False,mediapipe_no_detection
18992,train_sad_001389,sad,train,train/sad/Training_40564545.jpg,21be449f6a60a3c8e94f4adb07c00b307f09578d233b75b46e08fd03418b75a7,train/sad/Training_40346523.jpg,ed88c1912ff8a997b8c80d42ed733f1ee4821abd51403bc399ff957aa5afa12d,False,mediapipe_no_detection
18994,train_sad_001391,sad,train,train/sad/Training_40586148.jpg,c4eee631fe00eed4f3b14d108638c11ac5f494e4feb046934496c057e41e2ca7,train/sad/Training_40371559.jpg,c27e785b4277ca087f1aa80da6f3dc930995293d8a9e4544247fe713dfde6e82,False,mediapipe_no_detection
19015,train_sad_001412,sad,train,train/sad/Training_40926226.jpg,bc8edc4d1a76d438f31adb3ae3c878434541409c014a3f7c9f9c3a433f07deee,train/sad/Training_40727055.jpg,670e1f03d14009c5a8416f1b24f6ea4fff1103449a38982661752d83e374a6e4,False,mediapipe_no_detection
19030,train_sad_001427,sad,train,train/sad/Training_41279433.jpg,ec729e21198ca87bdc9e6c6fffb57e01f20f660b094a4d9935eae4b89ca08704,train/sad/Training_40926226.jpg,bc8edc4d1a76d438f31adb3ae3c878434541409c014a3f7c9f9c3a433f07deee,False,mediapipe_no_detection
19073,train_sad_001470,sad,train,train/sad/Training_423072.jpg,c1d5a50a8ab6af72562646fd0fc641440279ec50025ddacc5910189c5722572d,train/sad/Training_4187165.jpg,354fb7783bd7ab6c90baf103d49c9bc720c618c0344b0a2dbab01d02882a1998,False,mediapipe_no_detection
19087,train_sad_001484,sad,train,train/sad/Training_4273258.jpg,274f195adf359ba3f0f12e9237edab15dad9d0258677abc6aa95149058ddb53d,train/sad/Training_42260123.jpg,ea96f95ab25db694958ec403658b78da9800f0216ca3804cc191cf521de14a4a,False,mediapipe_no_detection
19096,train_sad_001493,sad,train,train/sad/Training_43014753.jpg,309ab6e3bdfecdb6d9d3a35600353f1ba3d7f2768866b64b9049d4bb3c63fc67,train/sad/Training_42544040.jpg,69f13192bb81e8ba02ea2a449ae6fb5099e45f4e7f3bebe976a7cacb10f50690,False,mediapipe_no_detection
19098,train_sad_001495,sad,train,train/sad/Training_4304065.jpg,e45f750fadaa9ed1f1b40ecf76ea8d164fb88643dba1f98b0b9cc729459db0c5,train/sad/Training_42571056.jpg,4d3c8909f1a3fe708d55a8799241e9d88a33804ece7c43351e43e10c22dc238b,False,mediapipe_no_detection
19100,train_sad_001497,sad,train,train/sad/Training_43088713.jpg,781b7131af9420e0f078356e4b84c16090f1f14c8915ba48f181a9e36a73a04b,train/sad/Training_42601310.jpg,fae18a8959cfd5e21445c76ed4e5adec5804af5f7959ab19075bb7bd588419d9,False,mediapipe_no_detection
19109,train_sad_001506,sad,train,train/sad/Training_43350603.jpg,13f41b1f75e956408c99b42cb23c91399fe14ae247cd48b1ccffab37f523bdc1,train/sad/Training_42892118.jpg,e9f1a978555b528903a76fdb80119174ac9243074605f8a87f7f242fe1ccca1c,False,mediapipe_no_detection
19115,train_sad_001512,sad,train,train/sad/Training_43484275.jpg,023faee2e109c0eaaebdec1b68de41a43a5cfd2afe125eacf9c576116e637f1b,train/sad/Training_43130188.jpg,506b6f7f9165027d7602525a239c530a7a8e2acbcc76b2ef7b46197f36ed807b,False,mediapipe_no_detection
19130,train_sad_001527,sad,train,train/sad/Training_43822346.jpg,c613a46afc4f1d658d648a50eefe7879588bfb744d019c36643a8b8bb2587215,train/sad/Training_43427583.jpg,f78492ce724f9b52b5531e16ba7d35a08236d6b17808f5e7acb70e02b8b71dba,False,mediapipe_no_detection
19148,train_sad_001545,sad,train,train/sad/Training_44158963.jpg,918f8281dc3047fbd128c4ee9b29cf1ca075e223b83a89f5985fdb94924cf892,train/sad/Training_43824311.jpg,831de970db1357a8e1b08b459fb347ffd837b07ae339b0df55e36bf06b6a6d57,False,mediapipe_no_detection
19157,train_sad_001554,sad,train,train/sad/Training_44476421.jpg,6e1ddb4a0a8cff00d050f55d380adf61260e03e93616d9ed6510cd191d388e1b,train/sad/Training_43999019.jpg,468dcedc7572554e0da9cadde3a792a2d224bae0a6b2e83184803ecc010970ef,False,mediapipe_no_detection
19162,train_sad_001559,sad,train,train/sad/Training_4462329.jpg,24f80fcbb22ee51a0df47e66996d94f30795d896e7771333cebb6e9cbb01b01f,train/sad/Training_44158963.jpg,918f8281dc3047fbd128c4ee9b29cf1ca075e223b83a89f5985fdb94924cf892,False,mediapipe_no_detection
19164,train_sad_001561,sad,train,train/sad/Training_44629632.jpg,713e4ac766b50c550d8f3800f1fa7fd8e92e016fad8e830c2e4fd2a778430f84,train/sad/Training_44230737.jpg,5d5d7a0c60a00364cf3cfb725f3bf235bdaa49142996c2cd8c763909803b7813,False,mediapipe_no_detection
19174,train_sad_001571,sad,train,train/sad/Training_44891393.jpg,adce10ba29b6fe95f9830ae5249c0910d01ffa575741a0eee8aece74760a4307,train/sad/Training_44476421.jpg,6e1ddb4a0a8cff00d050f55d380adf61260e03e93616d9ed6510cd191d388e1b,False,mediapipe_no_detection
19177,train_sad_001574,sad,train,train/sad/Training_44930490.jpg,03759445eb6a33a8496bf4069a67b49ffe836195e0b5fa88e90116f04c4eaebe,train/sad/Training_44569892.jpg,ef70fe60eb0f819dc1d1eda68ab05222edb34e547626ba9974b838bf8c42072f,False,mediapipe_no_detection
19178,train_sad_001575,sad,train,train/sad/Training_44966765.jpg,c5c7f4927f1b90ec19a06cfa832eb65b0daadd79eb4c3d4fde723d9511c7c37c,train/sad/Training_44573304.jpg,d4441efa54cf862036dfd78906debe7a8fa192539ab458daa32ca417cf968b5b,False,mediapipe_no_detection
19206,train_sad_001603,sad,train,train/sad/Training_45532911.jpg,23e7bd851ff16b895bfa513d09168a2d2b22a49afac10068925c934d24c43429,train/sad/Training_45194959.jpg,2e7c94665f4b7666f1c43f31255c27332f7f2282f4044f67d7979d45ec9d62c3,False,mediapipe_no_detection
19207,train_sad_001604,sad,train,train/sad/Training_45549922.jpg,9fe2fefbb0c980a873d943638e0244293697afe920a179085882107521787db9,train/sad/Training_4521067.jpg,3708723f39964c077389f34b73273a3d86c1c6452b998a85630ded4d24a64c06,False,mediapipe_no_detection
19221,train_sad_001618,sad,train,train/sad/Training_45742203.jpg,5cfc959b19e7ba46ef043e1457a3500b1b523d1c68326345d0bafb02d1c9462f,train/sad/Training_45484928.jpg,6dc9c7a3c4e5fa1f6620d5e76e4600664cc6ec65b1f8dfa52b1f941d29795948,False,mediapipe_no_detection
19229,train_sad_001626,sad,train,train/sad/Training_45929079.jpg,d3330cb384d38371b4cb57e272f8a6f8960f396b53cd673c7d96049c3145d061,train/sad/Training_45577250.jpg,2c4e3b3f5539551276bde07a848e984583afc56eba507ef71d5afb6833f0d2bc,False,mediapipe_no_detection
19230,train_sad_001627,sad,train,train/sad/Training_45947453.jpg,790c912ede7ef813513202c5f8e9af7fba4e26ab9382d5564c6e5d25746662d3,train/sad/Training_45582447.jpg,4dc249a2aa3ea626d9d29482943681fd4f2d120ed8848a3aab3aecde67c7ff6e,False,mediapipe_no_detection
19240,train_sad_001637,sad,train,train/sad/Training_46066179.jpg,19c06313f64a36d76802dd5aa0936adc879ce8c25e44ebc7397330165cf13dcc,train/sad/Training_45755172.jpg,f7773db40192ccf6beae83bb3fe8739de244d736240dd80512cf4672146b2a85,False,mediapipe_no_detection
19247,train_sad_001644,sad,train,train/sad/Training_4617919.jpg,f4beafd7fd0fa70523e826890501efcef2512edd924ef32c31274d75e94f8e2c,train/sad/Training_45882493.jpg,18d5f746827641efff51a525a2eed91f3f22b7e2cfb2da426ade06e2dbd4edb4,False,mediapipe_no_detection
19250,train_sad_001647,sad,train,train/sad/Training_46257368.jpg,0f25e4ef4461886292e4721f07e023f699c5dc078b0c36b6be09dad17d7f3987,train/sad/Training_45977161.jpg,cd368a155050c7e3a9645750a525eb35feaa5ce208521a243bd0e7027fb765dd,False,mediapipe_no_detection
19263,train_sad_001660,sad,train,train/sad/Training_46534488.jpg,a00a0342a97f0033f6385ff81da7a3e8c5426ba6d4e57b4afd0817dba9901faa,train/sad/Training_46145621.jpg,2e8b892bf3fe91c53a3a8c7fc36d214fb3490b5365910e25cff8f9441414e5e9,False,mediapipe_no_detection
19274,train_sad_001671,sad,train,train/sad/Training_46771334.jpg,820a5d713bdb75cba9f36aaefb3aab8b400989369d5fe75b0188395d5109169d,train/sad/Training_46439982.jpg,d8700f21373e6f681c819351cd2a640c3343e64c7d98ee07c0d22c1b87f2df96,False,mediapipe_no_detection
19276,train_sad_001673,sad,train,train/sad/Training_4680875.jpg,db69fa911bb1039534c7d8b2af79f07189bf30d52af1c83fce3b6c174274eb07,train/sad/Training_46471993.jpg,45ffe1eae1f34633961df741a042ba862799ac6fcd1f8e4309e18978e669ce8c,False,mediapipe_no_detection
19283,train_sad_001680,sad,train,train/sad/Training_4692293.jpg,5e29218f8bea99b1ba45b9c25d5f95f0cc74c2bce5405bd3386daf8d95b0314c,train/sad/Training_4658201.jpg,f4e14228c6977f2eb21aebd266c563edbf80a5c6842fed0bad101b10d0b78984,False,mediapipe_no_detection
19300,train_sad_001697,sad,train,train/sad/Training_47191836.jpg,c94381056b10b8e39ed5e7058f0b99de263dccd997cdc3e78540092e4eceb9ab,train/sad/Training_46926305.jpg,7851ef241003bd99ab668fd581a7deefc62fed1e7d259fef370d78c4163c4f86,False,mediapipe_no_detection
19304,train_sad_001701,sad,train,train/sad/Training_47232613.jpg,a717d096975dd2d314ef335d72759aa571e25a7d60b73c355cd2648429b6a0ab,train/sad/Training_46967853.jpg,cf225e96c94fd89c3de7fe258a452f75ac328e6ff515a48903f7c5568e84a738,False,mediapipe_no_detection
19320,train_sad_001717,sad,train,train/sad/Training_47604826.jpg,037ebc9332511fb90f46cd2d4c1649da5bbb170362f3d013918c8576a4a27dad,train/sad/Training_4721000.jpg,5fcd057638bb1ec7d4093959eba6674b64d4cf84c7b6d418160ff9e7e8f7e018,False,mediapipe_no_detection
19337,train_sad_001734,sad,train,train/sad/Training_4795895.jpg,eed5872ec785f3432a42447da953b48f5908e8305c8bec134208d8eaf3c7a043,train/sad/Training_4756421.jpg,d71d15521868b3b60b9d407764f4c745d439e72f5b2a3eb8892c903074daf54d,False,mediapipe_no_detection
19355,train_sad_001752,sad,train,train/sad/Training_48342784.jpg,1826a33e9bfae10e1a89101d52a6dd2efec62a4449f3c77e5e27c6450d905119,train/sad/Training_47935947.jpg,31617ceed2e042c94004c02c0a7c84499bf1e82f77cb5e0242aa6c50e937b3d7,False,mediapipe_no_detection
19361,train_sad_001758,sad,train,train/sad/Training_48399016.jpg,3ee0ba5f316055495f401b187b5a6385aa817334494d27c314b44f0c1ff00214,train/sad/Training_48031050.jpg,53b1475e4ecb4e8bc2dd7c7c9c583d33e4e63fdbc9350ba1c145a87f5a592d64,False,mediapipe_no_detection
19389,train_sad_001786,sad,train,train/sad/Training_48998693.jpg,d3cbe95163e9d65b40efcd92160d276e956846873af5c055091c6be355783743,train/sad/Training_48516988.jpg,30a7c1a58515d9f8371aeb4a50a2c332de29209bc65dffd18bbd5e492fda7d8a,False,mediapipe_no_detection
19397,train_sad_001794,sad,train,train/sad/Training_49233304.jpg,d1a1208eae0cb737831d795d7215e3f844ce4ce51f7198efe2cd0efc18d70def,train/sad/Training_48621797.jpg,7d95ea9b5675227952eaca2898cd12019f224ca9af14d757258a7ba7e9919b2c,False,mediapipe_no_detection
19418,train_sad_001815,sad,train,train/sad/Training_49592214.jpg,97bad7ff51603235f39181e9acaee782cc5cdb06ebed54dd03be72b4a792df9d,train/sad/Training_49187727.jpg,d66616c91f1eae0dfd2de8cf662df63766c6a263fb75ecc13b9bb4afc28f5794,False,mediapipe_no_detection
19431,train_sad_001828,sad,train,train/sad/Training_49766763.jpg,47cbcb7fc4709cf0aa75cb2713e085a2db5103f6183b59f0d516e82fed47d71a,train/sad/Training_49446992.jpg,51fc3cdf65e844362d9039454ccfe12132eda5e9f48ed91673687f5526dacd5f,False,mediapipe_no_detection
19439,train_sad_001836,sad,train,train/sad/Training_49916969.jpg,9472e62e0b8f382d49e34e690e3c9ae43d9a2b7ecb1e5d156345828511f88b65,train/sad/Training_49607861.jpg,e25e21dbfede2d3d74014cdfb599578190abdb6a9699feb69b40959987cd1294,False,mediapipe_no_detection
19440,train_sad_001837,sad,train,train/sad/Training_49918665.jpg,9f00e6afee6ee3efa3d0c815964f4d3ca27877f94ccb4a616b8c1f1458a256ce,train/sad/Training_49614431.jpg,a100e06049b7c6079f7c96ddffe8084b08e669dbec0486b479939993bfe832d2,False,mediapipe_no_detection
19442,train_sad_001839,sad,train,train/sad/Training_49922991.jpg,d12c1497335d125d6a9cafc4cee7f14a3aa012ffe7ed5a3158d545acf9e38316,train/sad/Training_49637283.jpg,1f5ba4b3f89c29ca6b652a7424ed46a5c8936a9125e670431a0efd7d8469f95c,False,mediapipe_no_detection
19481,train_sad_001878,sad,train,train/sad/Training_50940827.jpg,ac85657079b1815166c2f31d52308ca06b0e08120a8f8978b9f635c53917f885,train/sad/Training_50468042.jpg,8bd398a15239a29e0f6ffeb84936dcd6f3f2feb06467e5988391b67b2d0af214,False,mediapipe_no_detection
19497,train_sad_001894,sad,train,train/sad/Training_51205462.jpg,a96fbc2799437c7bfbba2663d98a2973c7e51db23cfc455db21b1f4ca27913f9,train/sad/Training_50722115.jpg,f1fbabe5573c0df5af801235f32b53e18d24995ec14ff8ac55bf8f21ab32df3c,False,mediapipe_no_detection
19501,train_sad_001898,sad,train,train/sad/Training_51305443.jpg,321603514e47aebff52f976f07f23220597a49c855b1d17c2faa2a3ce0eabe64,train/sad/Training_50897630.jpg,82bfbd746c7127977f1355f7ee23508e3b494bfda8bed514b2c9826056fae9d9,False,mediapipe_no_detection
19522,train_sad_001919,sad,train,train/sad/Training_5188070.jpg,be5d4e4557e3d4f9a04f1606db0b68a00cf1e813efcecba5fbf73a82ee1afe9f,train/sad/Training_51229582.jpg,195e5d42b25eaea6cb82c57bbadf9c06d18f5bec1c6011634b852074788dc964,False,mediapipe_no_detection
19527,train_sad_001924,sad,train,train/sad/Training_51970997.jpg,9056571b7cf4ec6656f083c3ff632af7d3c8ac2a9a876aaaef7e47272f55fc97,train/sad/Training_51444542.jpg,fc28a78b06bfb6051498823362b604d259c8daabf0c37849745ca58c9a2753c9,False,mediapipe_no_detection
19546,train_sad_001943,sad,train,train/sad/Training_52461957.jpg,eda27c451924869fa0dbdb1dd33d03abff8d9cb3726ab788d6022a02820de00d,train/sad/Training_51940468.jpg,b9e4ae30db8399221a8efcce83602eb5d5d2ddf374d14ef55c0c1122ed260613,False,mediapipe_no_detection
19610,train_sad_002007,sad,train,train/sad/Training_53951146.jpg,a46aa507f6cc7348e7118497304823e0c4e5eb8318b53465f6633b732db8076a,train/sad/Training_53412960.jpg,d33ae98b82d7add7fbf8c2ce0dc84ee255e57da08af29f0207557120efc9c49f,False,mediapipe_no_detection
19616,train_sad_002013,sad,train,train/sad/Training_54197036.jpg,f57d751a8fc2bfbbb68e181b461ce2595b6a6e348dcc424f92916fcc149b3d84,train/sad/Training_53479185.jpg,66e1c94eaddecd4c8bad88c944feb6504e98b85f20c6b8429fc54b53d8c9eca2,False,mediapipe_no_detection
19635,train_sad_002032,sad,train,train/sad/Training_5465546.jpg,a40cc3b58f374a871030c3c943fd7c7f9ef5ec0bfea1572f290ce7e41e3025a9,train/sad/Training_54102554.jpg,85df8ee4abc6ed1791e090d7571d2097a9e7aad4c13798af5555bdc1d2b40dd8,False,mediapipe_no_detection
19636,train_sad_002033,sad,train,train/sad/Training_54656106.jpg,88d0acc9a3b15c85953d751586c633dd54e8e157add2f0be5a288c5562a4682f,train/sad/Training_54104877.jpg,83eeb274aebf2930c8becb82608759d25757b6619f210f2e1dcaff0270c7b993,False,mediapipe_no_detection
19645,train_sad_002042,sad,train,train/sad/Training_54809306.jpg,82976f28c7848f1cf8d9ca8ec8855c78df0373db85cf477514f437aebc9ff969,train/sad/Training_54329329.jpg,a7465e59f45c9e405d363494d9413d22b3defc989dfce707747a955a1bd70893,False,mediapipe_no_detection
19649,train_sad_002046,sad,train,train/sad/Training_54947735.jpg,93256bcd2e8d6398c374423ea90db9cbf413bc5ab720d9036e8adedf9e73f4c0,train/sad/Training_5438051.jpg,1790d2935e9edc47c210eecab6519234ab05967e272f7848b57ed63c27365c26,False,mediapipe_no_detection
19682,train_sad_002079,sad,train,train/sad/Training_55520127.jpg,7f8b0c3a4aeaba2efabc0fc9c3bdd32db5a5415f8b7006710b7c0d23581132a2,train/sad/Training_55073502.jpg,f3f0e2c24c02607803e36d33ef16fc9448de4d3b411573188941a99adcc80ccf,False,mediapipe_no_detection
19689,train_sad_002086,sad,train,train/sad/Training_55682721.jpg,4455107cc68ce97335939b922b1b535ed7fb58f31c461a5a0bbdd38d96e4b621,train/sad/Training_55138452.jpg,58e291ce1d255ebb8b11f309a220d1d420e6554edac27091205b98ad3f413a7a,False,mediapipe_no_detection
19725,train_sad_002122,sad,train,train/sad/Training_56635024.jpg,ec6c842fc7424f58db8148249fb5d2cfeb3cc947d30b35080cf0f5f3e74b3bc1,train/sad/Training_55881751.jpg,e0e4244a0753f4e3da159d80385d09aaaf3e58c44c56adb93869cc2c5e931e6e,False,mediapipe_no_detection
19730,train_sad_002127,sad,train,train/sad/Training_56709958.jpg,7703dea722d7ba80d8c47d2a651084542b25a4b0a8724c031ed5fa2f7d729413,train/sad/Training_56126108.jpg,1f026e17d2d13d326db2de5f8b251b1259bdd64763eac654a0b9acf27091ff01,False,mediapipe_no_detection
19731,train_sad_002128,sad,train,train/sad/Training_56718792.jpg,790e53d440a172a220ae90ad5df82672a78bd44974ccace448cf11ff617570dd,train/sad/Training_56152819.jpg,8bd398a15239a29e0f6ffeb84936dcd6f3f2feb06467e5988391b67b2d0af214,False,mediapipe_no_detection
19743,train_sad_002140,sad,train,train/sad/Training_56903417.jpg,261852c1e7df6065d7b3d8f4cedb7a0ad2c5eee3c8d316e1755ae30a2985d9a8,train/sad/Training_56443213.jpg,7140d85f97c7d2fd4827ccd1b5344e27a00f03fc35bbf8afa2d03efd9d97d97c,False,mediapipe_no_detection
19771,train_sad_002168,sad,train,train/sad/Training_57349548.jpg,4bde1b0bfa27c4f1d7b84124f310032bfb7874e2f7d6d2d3c6ae950fba525891,train/sad/Training_56903417.jpg,261852c1e7df6065d7b3d8f4cedb7a0ad2c5eee3c8d316e1755ae30a2985d9a8,False,mediapipe_no_detection
19775,train_sad_002172,sad,train,train/sad/Training_57389476.jpg,6e81b8cd073f62cf98eca24203dd0c5da0042842d55aa7026026a1ed64075e70,train/sad/Training_56944263.jpg,1bdefdb32c0330a738741ffe038f438e6212bae6707e60db5653ff27cd42a56c,False,mediapipe_no_detection
19827,train_sad_002224,sad,train,train/sad/Training_58724762.jpg,c792e5b967ace9edff46c1a69dadf0177d226559f5753537c91d17bebcbad43f,train/sad/Training_58102654.jpg,ab661cda52c4f7672ad74e2c9768f1708377298917032c39ef1bb26e41b36b2b,False,mediapipe_no_detection
19855,train_sad_002252,sad,train,train/sad/Training_59387655.jpg,7c1aa5e997b98ef2e309f37dcc90bb3f2b0317eb12555d731a2fec22a2bf3a15,train/sad/Training_58724762.jpg,c792e5b967ace9edff46c1a69dadf0177d226559f5753537c91d17bebcbad43f,False,mediapipe_no_detection
19858,train_sad_002255,sad,train,train/sad/Training_59422388.jpg,f31a5ca9aab9a48aa431198ace587e9cc6db98925627d99c17319e400d97b849,train/sad/Training_58752158.jpg,1e6610a78f1faf8c99412d573cddf3a3b5e338ad58a2f85b2af9a53e3064a148,False,mediapipe_no_detection
19862,train_sad_002259,sad,train,train/sad/Training_59490134.jpg,f26e34fca7a63a7341a343fb0b50fcd8eaebeba544ba75a3f700cb208af40623,train/sad/Training_5887567.jpg,88e98a8c727b34b04329f5f355771d56c91593d1698d0f8aa223b6243873f56a,False,mediapipe_no_detection
19872,train_sad_002269,sad,train,train/sad/Training_59701314.jpg,69f1645241c4720ad90613f96a9d496f65396c96ee17c6f8555408327c2b5c1c,train/sad/Training_59213890.jpg,2bac2d611e277c887971bfa3a2d92bd7c7a5c9546aebaf4db7306bc45b2e8b55,False,mediapipe_no_detection
19888,train_sad_002285,sad,train,train/sad/Training_60124573.jpg,43eec87451f3794dcc116c6dcd14efd967744c410f8a2c7286e3524fe577f212,train/sad/Training_59449783.jpg,822fd07c9261c65a8e72d29d25081387fa98002b545d8548e9d29d8a284937fb,False,mediapipe_no_detection
19890,train_sad_002287,sad,train,train/sad/Training_60174509.jpg,a4f12128531fdefe2c3169c989174e968be5a5b9b0c624395722407049bc0a7f,train/sad/Training_59490134.jpg,f26e34fca7a63a7341a343fb0b50fcd8eaebeba544ba75a3f700cb208af40623,False,mediapipe_no_detection
19897,train_sad_002294,sad,train,train/sad/Training_60359406.jpg,6f37ee0846792953e7306ff1e1b8b913d41abb6710a45ebf6ddf050dd86c5ed6,train/sad/Training_59672485.jpg,38c82ccf99a91978a9e4aee93bd6d812e3a9e62c3e358ad883719b928e3b322b,False,mediapipe_no_detection
19903,train_sad_002300,sad,train,train/sad/Training_60572916.jpg,5d67f04f84391f878647ca7a84da0861013dad53543e0cfcfe510fe4cd739e9a,train/sad/Training_59839703.jpg,479154b901c00cd1660089599280816aafa7f1e7ac8e4ac96e564bb76951e06e,False,mediapipe_no_detection
19934,train_sad_002331,sad,train,train/sad/Training_61236805.jpg,522fa7956de7349486d80deb078635425820bc453a85299ba2741fd413e194fd,train/sad/Training_6068449.jpg,df5412e7fb1ceae2954e68930c9866153357066370eefad492710581fa403c50,False,mediapipe_no_detection
19947,train_sad_002344,sad,train,train/sad/Training_61459765.jpg,05bbd193920dced77526f06e44890242c5945b9365491ba56637d3ecd3112ab8,train/sad/Training_60938126.jpg,3a9fbd600664c7a75b3d3f775b3d66c26ea8380520f0a55466d51fdd07397daa,False,mediapipe_no_detection
19977,train_sad_002374,sad,train,train/sad/Training_62272097.jpg,36fd7113ab7e4b7afe4ff36451fceb131210ec857910c25d0c824942b33d164f,train/sad/Training_61464902.jpg,eebd228b7ff127269b0040ce703ea28cc454e1e4fec29ba908950774aed2f67d,False,mediapipe_no_detection
20010,train_sad_002407,sad,train,train/sad/Training_627872.jpg,8646dd0c595be53699315ab1a51c9177ebe863e84db3f3d5c93dd02f1dd12387,train/sad/Training_62328580.jpg,5a95031102e4fa3d40a8385879e2c1ac8d7b08f8566587676ad964b949dfd03a,False,mediapipe_no_detection
20019,train_sad_002416,sad,train,train/sad/Training_62943982.jpg,6b449ccd474fc6cf675f86cf369d43c7e48bcdd51703f1096c2ea5dce3b57bdb,train/sad/Training_62424684.jpg,c1c451c2d7302845cf082639ab83d19ebc83105db7a835d676ebf94510700b95,False,mediapipe_no_detection
20020,train_sad_002417,sad,train,train/sad/Training_62945391.jpg,e240822ec621f77b6c4f51f45f0d83bed71f740627134ecb6612b99617cfc72c,train/sad/Training_6243876.jpg,84a5927e61e8b1bd91c4e08dc0a980664a84411b2ffab4bf9a0b0958b6444a89,False,mediapipe_no_detection
20024,train_sad_002421,sad,train,train/sad/Training_63011372.jpg,e96a87e6d36385a71af6ff1a53dd74554828d374cf285f47aba6c9acfb4b29aa,train/sad/Training_62521963.jpg,dfd967a615990727fe3e6082aec26a6f393e088a5f7511a1fc32f757c484aa02,False,mediapipe_no_detection
20027,train_sad_002424,sad,train,train/sad/Training_63105723.jpg,ddba2f3579ae6cb31b07b24bcdaf1a09c0e9a0176a14c75c53eeb14b7d35b030,train/sad/Training_62536949.jpg,7cb53166044ae469b005ed2755d0e8c8e4c0b5fa2ef4c958dbd30a41d60a967a,False,mediapipe_no_detection
20047,train_sad_002444,sad,train,train/sad/Training_63574486.jpg,c8582387b99e48cb207b7ff46b1e030502a9e4199ef634551d690c2343ff862d,train/sad/Training_62891609.jpg,64dd24abc49aec2d57405a5b9a5cd480c2e5d94e5fe93e37f48341e6ed7a1a88,False,mediapipe_no_detection
20074,train_sad_002471,sad,train,train/sad/Training_64110740.jpg,13a3efce90ca16ca5430ca268d868709a6b755bf627ec4f6db88b6fb57510253,train/sad/Training_63573035.jpg,447bc5cd89d64528fcea1b42a8218f3f100b1498c17befccb87b07a158f24722,False,mediapipe_no_detection
20075,train_sad_002472,sad,train,train/sad/Training_64123761.jpg,7c64142433fbb3163388a3fed450bb8bb8a876670b9d1b012d7848d5bd64dbbc,train/sad/Training_63601706.jpg,1d858c39bafa4b816a25e88021af53a458219c89be9055978ddf08f57171e592,False,mediapipe_no_detection
20084,train_sad_002481,sad,train,train/sad/Training_64310531.jpg,40f3bfa73dca4e6bfbf00f165120f7aa7d67bce2ef671c85441d32fb4a260590,train/sad/Training_63700690.jpg,652fa9181a8b1eb4dc477f884e236a0423afc9771ae520b61a251e793ff4ed98,False,mediapipe_no_detection
20088,train_sad_002485,sad,train,train/sad/Training_64329093.jpg,87dac79cc162754013f3d2517f3ae0968381f6f1dffa45aa1e52e24b299d8c6a,train/sad/Training_63723540.jpg,3a56b086df5bb112fd8f61eb74082d52514d0fc81a6d5116cdb7efb4276573da,False,mediapipe_no_detection
20094,train_sad_002491,sad,train,train/sad/Training_6441865.jpg,65a1de021292800c5ec8b737c838a9ffebbb81a04895d3a79517dbfe1463dbab,train/sad/Training_63927569.jpg,a010367ebc8ed11b7813584e9636f7c52037a2e69228e1d40a5e4a018d7d65f9,False,mediapipe_no_detection
20108,train_sad_002505,sad,train,train/sad/Training_64796.jpg,08038d8449e6097a31fb37c5bbbd7ff9053c6aa75662ea048330f552ef784c29,train/sad/Training_64215650.jpg,0ee37e214d259b7dc22034a217aa74f6844d7a16f0794f3b9f04a8c5508fe150,False,mediapipe_no_detection
20112,train_sad_002509,sad,train,train/sad/Training_64933329.jpg,d752c0446d2b8eeb6a4f3342077b40417efe56f3539dc1b273c9a39916585afc,train/sad/Training_64321472.jpg,f3fe39ffb48e1e0084f9a6e6c5a062310343a34429163606364ded6ebda61f52,False,mediapipe_no_detection
20114,train_sad_002511,sad,train,train/sad/Training_65005232.jpg,03d2fd573b48740b5f2dba1b5a435b2a6b871aa83de765b385e350e7312e4560,train/sad/Training_64329093.jpg,87dac79cc162754013f3d2517f3ae0968381f6f1dffa45aa1e52e24b299d8c6a,False,mediapipe_no_detection
20116,train_sad_002513,sad,train,train/sad/Training_65081580.jpg,c0c434969f0dd13dd9bb53ff2f03e6afd84ab05e9bf9af98bc92c6f1c5469ae1,train/sad/Training_6436858.jpg,5b5874116df45397790a8b759a9ee7699f0ef52c67912fb6154c792b6d64901b,False,mediapipe_no_detection
20118,train_sad_002515,sad,train,train/sad/Training_65117322.jpg,849653f83bbf540f5f365131e1ce73d7922eadc2d5b4ec5f97e1fcf3847de695,train/sad/Training_64402389.jpg,c62be8fb7f75d64ce549e22376c99ae347e133a361b0b644855a83745b250925,False,mediapipe_no_detection
20129,train_sad_002526,sad,train,train/sad/Training_65267116.jpg,704344d6863d8f707141e8f70af4d247562c319292d723f39e5faa26aebf79f3,train/sad/Training_64643153.jpg,8eb7529ecd29e332afefee3ffc3ba50b0be11ef78c69ccb7d39d7705847e5198,False,mediapipe_no_detection
20130,train_sad_002527,sad,train,train/sad/Training_65275626.jpg,673b96cd1ab289e91888aa43c3e412594b7f83a122fd1209963a01889939cfcb,train/sad/Training_64657762.jpg,12cacc23f3014fe6acae48741f560672e8ace5246604856fc9ec1ed54365de46,False,mediapipe_no_detection
20145,train_sad_002542,sad,train,train/sad/Training_65508578.jpg,f8b724fd2110bf812aee9907d4fdd4d513cb6d592aa81f2c4ff1e768b1afbd4b,train/sad/Training_65016587.jpg,528b571dbf97f2de0d3c972167d635b650f315741273ee3ffc5acbaeaf916357,False,mediapipe_no_detection
20148,train_sad_002545,sad,train,train/sad/Training_65531175.jpg,a9240c22114ce2b5c71bfc0a16888661364add945813a6da7cc6b20f6f1e83b2,train/sad/Training_65081580.jpg,c0c434969f0dd13dd9bb53ff2f03e6afd84ab05e9bf9af98bc92c6f1c5469ae1,False,mediapipe_no_detection
20149,train_sad_002546,sad,train,train/sad/Training_65552921.jpg,4693a52f5eecb53a5c535906e11c2f78fa947b7fb49cc1404a34094b4900827a,train/sad/Training_65108656.jpg,7df7b9bf1aab7bdc9d3065988cdb4efa90d5198a77ac620d7a0eb0b8cb7a4e47,False,mediapipe_no_detection
20153,train_sad_002550,sad,train,train/sad/Training_65586139.jpg,1ba113b77d2337dc832729e7cfae43096e5086e99fc6282531bf2d3166b65a3b,train/sad/Training_65177661.jpg,0f98b5f5f7dd123739c24be2bcb30d97775d65961b823e4e4cbc2ed556dc562a,False,mediapipe_no_detection
20159,train_sad_002556,sad,train,train/sad/Training_6573454.jpg,98c3e54460f0e6506be34ac1e95dfb3636946c6a3144a38277e4deeead469608,train/sad/Training_65220319.jpg,7f4da72d815104498cd35f0db00d00660f22663935bd95cd05a5354942349867,False,mediapipe_no_detection
20172,train_sad_002569,sad,train,train/sad/Training_66106251.jpg,4b1593c5a195851dd9e4578c5a6133c857d249ada3f715b7051d3d1989d2d51d,train/sad/Training_65437377.jpg,e39f121e87dd173bcec2d8f895667d1f072f2367908ddb92fdfac7b3a04c295d,False,mediapipe_no_detection
20173,train_sad_002570,sad,train,train/sad/Training_6613286.jpg,d8024b3d07e48ca81599175d7c6788cca9d59a540b2b6b063cc39c4ed55fb015,train/sad/Training_65463385.jpg,95530dd9600193396966d9d1a79d48becad65c67080fb409fd50dab9ce55b0d7,False,mediapipe_no_detection
20180,train_sad_002577,sad,train,train/sad/Training_66270296.jpg,b5ea2b2fd6015fa434b5f71a3c894f2ef49fc4afd17f4576a708d169e2809a71,train/sad/Training_65552921.jpg,4693a52f5eecb53a5c535906e11c2f78fa947b7fb49cc1404a34094b4900827a,False,mediapipe_no_detection
20200,train_sad_002597,sad,train,train/sad/Training_66621180.jpg,630760942580f970d5e6e1f5c1f52bcbb2c0c7aa838ca695d125758251589991,train/sad/Training_66018355.jpg,4257f60a377396d3994a7e6c6f1477eef493b736587bf3a9ef02fae17b23ea49,False,mediapipe_no_detection
20215,train_sad_002612,sad,train,train/sad/Training_66801083.jpg,45ba303a0cd3bbb27596363581ac4adad61c91b54520eddc5b15bad8a264f1c4,train/sad/Training_66358284.jpg,ea98db1f99e01f5098e74a413e10ff6eb0397b01c909a8586d609c201652ce40,False,mediapipe_no_detection
20223,train_sad_002620,sad,train,train/sad/Training_67009167.jpg,59b443d25414591f0ebc203c90a2c1d84fe2ee81342e80570141d04f68db10c5,train/sad/Training_66538546.jpg,ae56c0ad3819e14f5dbcc4f91946290c52b8ab01896eb675afa9197076d72748,False,mediapipe_no_detection
20225,train_sad_002622,sad,train,train/sad/Training_67021882.jpg,967f1b57d23c279ae3dbf3ff8c69845d04a35940507e434c9ccf5af8c1e2e80c,train/sad/Training_66550587.jpg,079c095087ce834336dda1bef39cdb5ae00d1c243611519b17e7eb0c5a58fc92,False,mediapipe_no_detection
20234,train_sad_002631,sad,train,train/sad/Training_67341114.jpg,bf7a3570a694c08cc58d0124d9f3e60070b60259c4baad421808ebd725cd65a1,train/sad/Training_66670996.jpg,7fe803b0cbe55c36c634d8b0080273b902a1387004c2837df41fa25d08ac32f6,False,mediapipe_no_detection
20237,train_sad_002634,sad,train,train/sad/Training_6736561.jpg,ad5f8f35ffb986bb90ed7720f2256aca3f2383db521e85cc41c6115d4f8809b0,train/sad/Training_66705535.jpg,806f703bded635da3b177c046a0f4d34547dd7ed59d372292d9f01eebea583eb,False,mediapipe_no_detection
20238,train_sad_002635,sad,train,train/sad/Training_67385672.jpg,5624d71dce9470884b4acdf3aeb7867b2a80fa13bd17af35183ef584d007bdbc,train/sad/Training_66717644.jpg,b7283af6b06a5ac4bddd904a94ed41c57dc0d759aebc9e5850658d32c0edef4b,False,mediapipe_no_detection
20242,train_sad_002639,sad,train,train/sad/Training_67468920.jpg,57b597fd19d08bdc1fb804b604968a13ddc2d5260bd8ef16ea4b6519c802bae5,train/sad/Training_66834181.jpg,d1fa2ccd4a543cb8cb5aa8417c86c9c12e4c98f31da51795c6f777f88dbed449,False,mediapipe_no_detection
20245,train_sad_002642,sad,train,train/sad/Training_67528776.jpg,86db335dd40ff8635355603cc99a8a1c938e50978d3050d3d90841d531ceefb9,train/sad/Training_66885032.jpg,c8e3af632efd2e4cd44ffbe58877c2c0918dd827e83e829a75ef75777f7e21c2,False,mediapipe_no_detection
20248,train_sad_002645,sad,train,train/sad/Training_67572813.jpg,4fa47fe632814f1feb3a4b68fbb7557ef5c95ce16431b85753bc500de2e066b2,train/sad/Training_67009167.jpg,59b443d25414591f0ebc203c90a2c1d84fe2ee81342e80570141d04f68db10c5,False,mediapipe_no_detection
20278,train_sad_002675,sad,train,train/sad/Training_68280493.jpg,d2b6af3208a3faa2cbfa7944705809a5a9cd6f3b3113f50abd7c81ab2dfd5cfc,train/sad/Training_67493222.jpg,83c7dbda274514c48e0512d090951cf0831a3a9247b7eb4c90b661c815753768,False,mediapipe_no_detection
20311,train_sad_002708,sad,train,train/sad/Training_69210256.jpg,2e11485591f0c07614a71bc2ceef428f58948a82771db16bb1b70380ad9d1f87,train/sad/Training_68290755.jpg,75b0bfe0aaba8df82ac3b0c3e29c3bacf28a7d15d95845b7503f6ea82dc1c8c4,False,mediapipe_no_detection
20318,train_sad_002715,sad,train,train/sad/Training_69389790.jpg,7ee51112013d77c96cd2e9108f3b76f31a372c6d796a492c88101267805841da,train/sad/Training_68430686.jpg,b80657f73d3d68251894784259e3586ab4503d791eeeb3d486e785f335945207,False,mediapipe_no_detection
20325,train_sad_002722,sad,train,train/sad/Training_69563111.jpg,9844ee273ebc98c326c75b5acf6202a1f4e1eb2f23dd8f638f7fc20faf2655d1,train/sad/Training_68595440.jpg,735b07779611f411e7f83ed2d3499af13e414820f31207143b8c96c559d520c3,False,mediapipe_no_detection
20340,train_sad_002737,sad,train,train/sad/Training_69845699.jpg,8f359202bc00438c1925d5fe484a968ffbf7f8022e4583eb10ea610aa1a73d1c,train/sad/Training_69062237.jpg,9b616b9cefacf985e27c35a1d676f52374f947b2b443e252878e5909596a1fe6,False,mediapipe_no_detection
20343,train_sad_002740,sad,train,train/sad/Training_69878041.jpg,1b557b87ed56bd14615db9a427949408734439ef317cb9d0492583eff36f688b,train/sad/Training_69206174.jpg,a48ddb2b0990ab243212e451b81c3728b57e3f28d3b8e00725330c74178ea0c4,False,mediapipe_no_detection
20366,train_sad_002763,sad,train,train/sad/Training_70583207.jpg,f2eb5bb5d07dcad433fe053f5db87be8bf8b4d42cc309b43eb450f51e53810d3,train/sad/Training_6977677.jpg,48ecef27ccc28743627a31ccb682f9eb9fcfc37d663c5b2405f0937f97886182,False,mediapipe_no_detection
20371,train_sad_002768,sad,train,train/sad/Training_70612607.jpg,15933edf31f6291aff8e22e287f8720a157769030e58b91f2915dc8874fb96de,train/sad/Training_69860257.jpg,79bf7bcedb4b3e0f80d68f81153d12173e14fd123eba37875ce1e680a1e648e9,False,mediapipe_no_detection
20372,train_sad_002769,sad,train,train/sad/Training_70634821.jpg,843fe9c87701f6463ecbc20a423c1155865a507ae8043a6b03463aa5f85f8e17,train/sad/Training_69861683.jpg,2e9460b66d61783586206a72eb7b7dc9fb607165956825aefddce1a590abc2d5,False,mediapipe_no_detection
20394,train_sad_002791,sad,train,train/sad/Training_71288773.jpg,1e2e84a4e4eba1f2b0d9128484f54d49fdd497202c72f8b8d32a115c496e4ca4,train/sad/Training_70421844.jpg,9ff05827d80fa155f00d0471a15846982f20fbff997559e9c40407c0c184eef3,False,mediapipe_no_detection
20414,train_sad_002811,sad,train,train/sad/Training_71649758.jpg,931b8411d033c50bd786b869dc4b6a06941a33a375f032d4a9110aa68e1cd186,train/sad/Training_70769976.jpg,3b86f3faa99e33f2743994ba235199016efe8c1f1916380295b37dbd56df8914,False,mediapipe_no_detection
20416,train_sad_002813,sad,train,train/sad/Training_71669823.jpg,501de1db859ebc0855fd225850aab610cf1e5688667ea85d7fe1dfe80f30462f,train/sad/Training_70934098.jpg,bf72adf52f6c01941be7eb0e5373447dffe0bcdb04e49305be1de1557e368456,False,mediapipe_no_detection
20422,train_sad_002819,sad,train,train/sad/Training_71883695.jpg,fb24173ce8c590342a4c79e802cb8f5cbf6ed9577280acda634c51bd90acdf83,train/sad/Training_71011588.jpg,c4157c174cdfae5946cb090cb40f469b05653a8b4865daaf91335376489c04ef,False,mediapipe_no_detection
20431,train_sad_002828,sad,train,train/sad/Training_72083858.jpg,7835d4c4ef0d025ac147904810fc23947eeaad8a1fd111ee1cc00d12b89e2ebe,train/sad/Training_71288801.jpg,3405e16c3dd8f8946c622a5472d63a8fb9fb669ee9e048d64de94c42bf0ba6f0,False,mediapipe_no_detection
20443,train_sad_002840,sad,train,train/sad/Training_72295557.jpg,9fe83bed4f1dd99e74214e43fa7bac4a01f505d2e7d82246d91d30ceef3c829f,train/sad/Training_71488385.jpg,b362dff6eac50ce2259c59ee4c83826aca2edfb1e016fd02ffd281bca0c1267c,False,mediapipe_no_detection
20446,train_sad_002843,sad,train,train/sad/Training_72346725.jpg,555ab5d027c1beb190dbdb7ace340ee0a314c1e3d82d89bf32a819abb424e650,train/sad/Training_71570678.jpg,c67ef0cff7c466ab2977454f14f01f12e9077590f4879ba89117ab82beb9f00f,False,mediapipe_no_detection
20448,train_sad_002845,sad,train,train/sad/Training_72389603.jpg,7a030d710a21f002b68908a63f5650eea75527cbc63784199ddc294e4baf931b,train/sad/Training_7164832.jpg,12d9f5f6fc4a555b9390d48ca5f8ae320ccf63e3e4040787632083cfcaea76fe,False,mediapipe_no_detection
20449,train_sad_002846,sad,train,train/sad/Training_72395127.jpg,eab47284f1cbda46aec890995a175970ed9fc5fe36faef42f78e364cc0870cc6,train/sad/Training_71649758.jpg,931b8411d033c50bd786b869dc4b6a06941a33a375f032d4a9110aa68e1cd186,False,mediapipe_no_detection
20452,train_sad_002849,sad,train,train/sad/Training_72469576.jpg,70f57818a51b14e2ff9ec9c87597cb69999f5ee184dd6a6efc68e84445e114c1,train/sad/Training_7167918.jpg,9453726d15f95673b4b5cc91b718675a302af4b32b6d43dbd1f60bfd045af738,False,mediapipe_no_detection
20476,train_sad_002873,sad,train,train/sad/Training_73057152.jpg,de7952c776f2d48cf82013eb918baa36124e27b8ff7d63f37f5a07e4dd3f6498,train/sad/Training_72295557.jpg,9fe83bed4f1dd99e74214e43fa7bac4a01f505d2e7d82246d91d30ceef3c829f,False,mediapipe_no_detection
20492,train_sad_002889,sad,train,train/sad/Training_73374075.jpg,29e3a630bfb47424377812a3148de3151c2c203bfd15beed6da062fc1e548fac,train/sad/Training_72611574.jpg,0821d3bf7af9c814ecec25737d9df4b1cd629ce6624ed333662d0662fe3dfa39,False,mediapipe_no_detection
20497,train_sad_002894,sad,train,train/sad/Training_73440556.jpg,2de576b744234b0db2349ad88cdd8f19aa9836899a6a05f560dc7e2150e38d4b,train/sad/Training_72720479.jpg,454f5ba709ec09b5d7898db5364aad9097c03e872709fb64b5151477f5de35f2,False,mediapipe_no_detection
20499,train_sad_002896,sad,train,train/sad/Training_73514241.jpg,eaa6fdc8c46d09a6e61d13e7cafa93368eda66139a4500973afe06bc999232af,train/sad/Training_7275452.jpg,0264dfce84c8b96852e54253f7ece89b643cdd224dad466a36e92a6221a98428,False,mediapipe_no_detection
20529,train_sad_002926,sad,train,train/sad/Training_74080914.jpg,9fba521702088184aa9d41392cbd13db3f9ba182794ba01552063dae392be7cc,train/sad/Training_73381526.jpg,e8d15f2b700db831123748c2a25ed58ffe712bd838a6d1f8daee9ccab5876aa6,False,mediapipe_no_detection
20544,train_sad_002941,sad,train,train/sad/Training_74568768.jpg,3fe1c0498ce54998a31581747687cfd1bdbc585b76bfa4dabf7d8ebca34b3db4,train/sad/Training_73677468.jpg,1ce8eaed5dc780159b71d73d2fc278fb3e0c1374cb79d9fa982a6405feccca1b,False,mediapipe_no_detection
20554,train_sad_002951,sad,train,train/sad/Training_74779597.jpg,d8acac1adcb6aa9e211765e2eddd2ec577245dacbed570c758e2847c56ee196b,train/sad/Training_73884877.jpg,76b52ea03896400dfb3215338742b9ce5bc51eaf03550564b6c50c0e55670584,False,mediapipe_no_detection
20564,train_sad_002961,sad,train,train/sad/Training_74965466.jpg,018bfd3f398f740737a5ddc26a93366256dfa66457574f9c294da6e9f7b4acb4,train/sad/Training_74065266.jpg,3ac7a1adef5e38474279f287c6d466a17983386f0db4c77011cfbc847d300fa5,False,mediapipe_no_detection
20566,train_sad_002963,sad,train,train/sad/Training_74994333.jpg,f11b4de70032d96f00cbf4dbe6baaee8af6cacf9ff675838b9f05b030123df56,train/sad/Training_74080914.jpg,9fba521702088184aa9d41392cbd13db3f9ba182794ba01552063dae392be7cc,False,mediapipe_no_detection
20612,train_sad_003009,sad,train,train/sad/Training_75874059.jpg,d43a49cf5c2ae859968fc71365c39042b40fae7daa69f256be406d864387b84d,train/sad/Training_75110513.jpg,50faf6ddd7eba348f6378bb56d35d8dd357917b5b97a75ffc6fdc8c4d54477e3,False,mediapipe_no_detection
20615,train_sad_003012,sad,train,train/sad/Training_75937447.jpg,e39f08951acc5bbb73c1c7cff597e5c19221e3fee5ca40eddafd3624457bdaca,train/sad/Training_75159666.jpg,a7d720b16aaf039e81f00ac093d3adf710b6dd87284d770b7483925e3e002b01,False,mediapipe_no_detection
20625,train_sad_003022,sad,train,train/sad/Training_76247539.jpg,20c8eae765d0e7361def0069fe8661024a96688a1e2d278110f2e18573bd6c2f,train/sad/Training_75313915.jpg,b19c254375e31ef1aca44fa8c8c3e372e7b61ba7f36b69aeabc48a21425726c8,False,mediapipe_no_detection
20638,train_sad_003035,sad,train,train/sad/Training_76689888.jpg,dff5ed8b7cb78df9417ff1f0f6806d91efab8b6ffed5fbe97a6cf4935acc96d5,train/sad/Training_75610438.jpg,bf324206eebe84f3d780a4e846471044701738b63b51b86fac29e72e7c2e1f4e,False,mediapipe_no_detection
20650,train_sad_003047,sad,train,train/sad/Training_77016343.jpg,bffddaec71bde4be76d39aa9f3a7646aae1d71367f0323fa29c376861ea6f117,train/sad/Training_75787895.jpg,727ec0707f0fe0c6fc9bb761daf2bccd2dbe5524c1d96358f271bd3dfdef8739,False,mediapipe_no_detection
20668,train_sad_003065,sad,train,train/sad/Training_77375068.jpg,d4d88e5d527589a3b5821d6352591daf459cf2cc75f6f0e515d192067780cfbc,train/sad/Training_76350973.jpg,38a0b49918ee09b8eb0ea3bc7883198b198c6f17ff34eb3772ee2dfc18929bc6,False,mediapipe_no_detection
20681,train_sad_003078,sad,train,train/sad/Training_7776501.jpg,9e12bb6ad9ae57aac5fbf5a38713a9a51ae8864105bdcbcc19fe0189f5a73e7b,train/sad/Training_76753108.jpg,bf20e0b515003ff6d7520d29d00962d934f1bee6aa0c254c58fc5c826c0c152b,False,mediapipe_no_detection
20696,train_sad_003093,sad,train,train/sad/Training_77994782.jpg,e8beae52150b3a334b7ebbf0d669288b8a5f007057e8c92154a0008a43eede3a,train/sad/Training_7708402.jpg,ee767705fa944019bd4c149f04f38f5d15d4f7790115b4fd9df961c1ffe335e2,False,mediapipe_no_detection
20724,train_sad_003121,sad,train,train/sad/Training_78580473.jpg,46ed6fc28e50254920a39dd3ccbff15aa0f6b36f83b90ee04583b742e8a80ad7,train/sad/Training_77708150.jpg,6c06080b33d340acec3512a0cf73965829a5d18eb0dca348d023ca8f7475b548,False,mediapipe_no_detection
20738,train_sad_003135,sad,train,train/sad/Training_78850836.jpg,ae65b659b6bedd57815af1e9795f36acb2155e5c32bbc86c0ad699bbecf8bcc4,train/sad/Training_78060020.jpg,b8e3a386eebc775c17ef28263965cc7cf938aa18ce8790a8b05b37835705f8e6,False,mediapipe_no_detection
20745,train_sad_003142,sad,train,train/sad/Training_79061910.jpg,76df4beb1cbd1944219d25cf22f087f828d5c89788747080a71e00550e10340e,train/sad/Training_78178750.jpg,58d850d8dd6508c5a6a8e89b9b5125e8bd8e88b0dd0e4bdea209c89ef3875948,False,mediapipe_no_detection
20758,train_sad_003155,sad,train,train/sad/Training_79289652.jpg,7703dea722d7ba80d8c47d2a651084542b25a4b0a8724c031ed5fa2f7d729413,train/sad/Training_78314397.jpg,fca82cc58f0de3b5ddea2890d555910bf204563d01da47f05d7376854b23cb68,False,mediapipe_no_detection
20762,train_sad_003159,sad,train,train/sad/Training_79349140.jpg,89f741a2a7d2adc254a21c35b6af6342d988719e127a87df5684f201929f8f57,train/sad/Training_78373088.jpg,9670ed2e208c592aaca88265fcc0408d376ba81a42cccd9e0af18b47ce839b1f,False,mediapipe_no_detection
20779,train_sad_003176,sad,train,train/sad/Training_79736851.jpg,51f7ddac4a67762da90524545cc2ba93b4c9c57c03258c0d297f20bf49e2b211,train/sad/Training_78798891.jpg,073c696b59929145fbf079f8c5080acdedd94fbc68c0fd04522b7ab29138db52,False,mediapipe_no_detection
20781,train_sad_003178,sad,train,train/sad/Training_79776909.jpg,9def6d42bf9366aa6f17653619d0f2b676eea3c40317128c86ae02a7dd2e7a60,train/sad/Training_78818631.jpg,75da2b75da6f3da2071cfebb91da7f6c4326db1360ce47f6284ea7de34653286,False,mediapipe_no_detection
20797,train_sad_003194,sad,train,train/sad/Training_80130045.jpg,d4be40993065fc1f4602217c9e30748d525b482b2b75c3245d19ab5ace1e6252,train/sad/Training_79170275.jpg,91ac4a1cf5e0fec2e2a57e05990f7c340dc5c8b201614f95e2abf752fb962a7d,False,mediapipe_no_detection
20815,train_sad_003212,sad,train,train/sad/Training_80719524.jpg,ffa860a8297acb82fbf816010000c63d0ad1f20f9a3f3ab40e7abad22133f5ca,train/sad/Training_7958960.jpg,dfb9c295f9a32ef4abc10982ecf3b2c8825efe067a510fb6df357560c368f066,False,mediapipe_no_detection
20820,train_sad_003217,sad,train,train/sad/Training_80777074.jpg,3ca02d0f75d05ae1d5541f3bc421dc19215ce39a7b255987ae6d2cd93b894892,train/sad/Training_79758901.jpg,42b994459a5f3546f5b185043e2da0d2de638929e588a3f80c588a2725cb4d88,False,mediapipe_no_detection
20830,train_sad_003227,sad,train,train/sad/Training_80971452.jpg,0779ad0681e3bbeb01bdaa2ef101bba8a042fdc9a35287d642f0d45be7cf2de1,train/sad/Training_80017807.jpg,f1a5f5ca2d6f3fbc50daedb5e56954879b8d4012138d488adc5370ae4646d190,False,mediapipe_no_detection
20831,train_sad_003228,sad,train,train/sad/Training_81008287.jpg,83af44973465b822903a2abf490d416c47740204aa927facfe583992fc20bc70,train/sad/Training_80026827.jpg,1a532e293e5efa03ade5b1ee1002850328fece4a587b969a11cc21fdea08d3e5,False,mediapipe_no_detection
20836,train_sad_003233,sad,train,train/sad/Training_81075199.jpg,bc4d7dcdbf9e959c1b5e774caff40bffc18d308f84c387da8e64e7a6ca58892d,train/sad/Training_80125846.jpg,c30b929ca6fa46b7bfaa46b2584df11583e614dacb489c38b076a1290af1a978,False,mediapipe_no_detection
20842,train_sad_003239,sad,train,train/sad/Training_81184858.jpg,0ca8f0af5ebf229377f2adf4ad1db9867c28598f08b0c98b06a14d4b277fd517,train/sad/Training_80338672.jpg,16a5c8440dd9d7da805116896cb633946432bd2d5170161621e28da5056c1d54,False,mediapipe_no_detection
20844,train_sad_003241,sad,train,train/sad/Training_81241836.jpg,c5d218c81e32844dd9618c4fe48f9b0e964da97c9cbcf5d888d87ec4f23cc440,train/sad/Training_80385070.jpg,db73b63dec20945a43b7ee0a9bf6137fd9980c5093e65be05e4ecd42ca499916,False,mediapipe_no_detection
20855,train_sad_003252,sad,train,train/sad/Training_81374375.jpg,f574931267c0ac9a7b6830db91dd7e2e9a4a5fb2a8514d066db083f41671833f,train/sad/Training_80661655.jpg,907fa1a496359fd27444db97eb46a36c50016a1fba6c46343dfa258bcc7d930a,False,mediapipe_no_detection
20870,train_sad_003267,sad,train,train/sad/Training_81684960.jpg,2e2362c4250f130c24a64e3450e5c23b44070162f424fce6701e42746d23dc03,train/sad/Training_8096703.jpg,7d9b02e8a1d9c398cecc9b79b25c7d806d3f4a33cb54921798aa2802bf4a2cc6,False,mediapipe_no_detection
20883,train_sad_003280,sad,train,train/sad/Training_82039198.jpg,d2c2e5cf0a5bd9dd4e73652d586f5551eefbfdf9e9e6d2bb1f6992897b8423c2,train/sad/Training_81163506.jpg,026172520ec6b17fadc96a1255d43503cad756d2503829225e3a4de59ef38787,False,mediapipe_no_detection
20885,train_sad_003282,sad,train,train/sad/Training_82099904.jpg,990ed5fa5d8b93c2919e9cb1bcdaf4dee17a9935598545eb9c3f042e1dbf6fea,train/sad/Training_81195052.jpg,ae2bee5034c548d744e8f9a50e00107fb60218831a136a0d459354b146fd8ff5,False,mediapipe_no_detection
20889,train_sad_003286,sad,train,train/sad/Training_82221340.jpg,32c6ac63173cc8ea4d8d5631c91430b9e9c2f81722e7c9b97759b7557be26d56,train/sad/Training_81259450.jpg,cbfe0d20d65d3735c65535287c32c5ae91e1a1feceac1ff085bb9a8af248cc46,False,mediapipe_no_detection
20910,train_sad_003307,sad,train,train/sad/Training_82772046.jpg,a23d06c77885556dfb9e36a0f41fc4993ee962bcc58f4a71cbf2511db023bd96,train/sad/Training_81634692.jpg,76dbe7dda23fa375f995b6fc77141db2f99f27fdcd057ad2261dfff9c8b4ffb8,False,mediapipe_no_detection
20913,train_sad_003310,sad,train,train/sad/Training_82836593.jpg,70fbacd41d080b0dfd15c891125576265c070239c77953ea224d0fc76cdc54c4,train/sad/Training_81684960.jpg,2e2362c4250f130c24a64e3450e5c23b44070162f424fce6701e42746d23dc03,False,mediapipe_no_detection
20916,train_sad_003313,sad,train,train/sad/Training_82887422.jpg,b195451aec881894f02b24222cbd41a1ac57f010ad944a69162e244a0d856c66,train/sad/Training_81733791.jpg,23fe07d9a762784538d678b44e3639f8ff9db2a4d7d07f6419aea82af121a8ad,False,mediapipe_no_detection
20921,train_sad_003318,sad,train,train/sad/Training_82957876.jpg,7ebd8a67d30ac0d82cd45d6c0af5e7887573fedff8da0ed8b46aee74044c7862,train/sad/Training_81856707.jpg,2f1585756cc55f574aaa5b51f96f8bf6333d4300b2b44e6fbaf61ef16743f7df,False,mediapipe_no_detection
20936,train_sad_003333,sad,train,train/sad/Training_8345487.jpg,22e16f811ec420f9668540d09c4a23dcb9cfa1eb7ea36fcfb16b63ce488e2f37,train/sad/Training_82238786.jpg,acf37a2ac4ee10ffe5c654c5716ac0aff66915fe5a219f7971064fc5546591ea,False,mediapipe_no_detection
20957,train_sad_003354,sad,train,train/sad/Training_8377237.jpg,ca1011632d2d59d01ec9e3792d45aaf6b8ace2d3fa7db04b1d064126808a9388,train/sad/Training_82757224.jpg,1dbae919b043b9f6d1f82c2efc086fc538b99518c58a8dd5b04b468269009c36,False,mediapipe_no_detection
20960,train_sad_003357,sad,train,train/sad/Training_83842662.jpg,56361779dcd432b7a9b24ed040fc9e828449a7e0f5949ad427ddc8625a79c980,train/sad/Training_82783771.jpg,c1df24822c9070ab4b42b95337ce6f79d5dc0eed49998b0f46e6ab8bad234ec8,False,mediapipe_no_detection
20970,train_sad_003367,sad,train,train/sad/Training_84112071.jpg,333cbc7c443c9007a511101ae26acbde33fe9ab5ea51c1e4ed604ec8718997a7,train/sad/Training_82934327.jpg,025e63c286cf4c0f09186ca0ddcca72c01b493eed43b19a407376c2b48ef0c2f,False,mediapipe_no_detection
21015,train_sad_003412,sad,train,train/sad/Training_85014842.jpg,9487ce9cebb14852c8180fca01f955b64375c2b800582095e36ab512180cf3d2,train/sad/Training_84032376.jpg,d1a9f0f0684d8e4d1687740d55fe0fbcc4db88efb3ea8a0e53f199e96e5fbd60,False,mediapipe_no_detection
21020,train_sad_003417,sad,train,train/sad/Training_85072313.jpg,2e4aeedc982c047a101fe7a4186d54c65156e3a7a6bb099465515b3d86cd7af0,train/sad/Training_84116188.jpg,33c8047e69c32f525be81d02e9118854a5d9935a5358ee2782a80459db24b85b,False,mediapipe_no_detection
21029,train_sad_003426,sad,train,train/sad/Training_85239038.jpg,89411aa04119b99da772d2256b80eb884caea70349bbbd758705d292c98a8fc2,train/sad/Training_84352942.jpg,d0b6e66399bf90e4d866188475a51d9129c16ce95cfa5ad9f76486e206ea70f4,False,mediapipe_no_detection
21064,train_sad_003461,sad,train,train/sad/Training_85947279.jpg,d67c159a96c02c503068c95f2e60eb83e88e545bfbe7477e1c354770722f2398,train/sad/Training_85004943.jpg,8c9fdf74155763dd1e42e1a265be8f7e3e1568a40c06245840ce13b2b436a6c1,False,mediapipe_no_detection
21072,train_sad_003469,sad,train,train/sad/Training_86123753.jpg,3a3dbf106e1890aa42a2860a4fa9e6cb109ce4efebd668130618ecc99aff6ca2,train/sad/Training_85083619.jpg,a579f8bc5e18901a4b5be659150d224208bd97fe12a2ca342125ec3f0f8b2633,False,mediapipe_no_detection
21088,train_sad_003485,sad,train,train/sad/Training_86472315.jpg,acbe14cfbda0107d44ae2050d19a6b2345cf360e5b3d20c43b3fdf52491de503,train/sad/Training_85451171.jpg,3dcaa3e1c427fae14984f019aa83129f6167a937afce918d348d6c84a1a7a873,False,mediapipe_no_detection
21146,train_sad_003543,sad,train,train/sad/Training_87912312.jpg,4d905e307833727345e2298374b3e4a18f6e0324593a53abc8d3dde26dc16656,train/sad/Training_86874616.jpg,0c53b2371455b10772a15310802708b4264da69fb2662bff40f2d097d621e14e,False,mediapipe_no_detection
21148,train_sad_003545,sad,train,train/sad/Training_87962684.jpg,e7c7c97722054777ccc55fe6239bd0725c25458e3641331143c5a079dc174e5b,train/sad/Training_86894983.jpg,206b9e67abd1a1af2766a704307e4e1d1347a15f92ae163d2a34c80c70e47343,False,mediapipe_no_detection
21150,train_sad_003547,sad,train,train/sad/Training_88019687.jpg,6abb9cac8112417fed02abae1e2b4216350bdaf4af2ddae24ed84ca34c16b65f,train/sad/Training_86979529.jpg,76dc277f49066bdd181e936ea1f517fe2ec9f5ee38d57c9b0e1132b3f6ac0f44,False,mediapipe_no_detection
21161,train_sad_003558,sad,train,train/sad/Training_88297429.jpg,1c66c4f3a921c4961ab95aab578e6bfdc0d86ae0e416946c81b01a8a534400e6,train/sad/Training_87177377.jpg,11cc4e3074b8e1b6b27e6cd002b8865d53cbbf6c95161fc06fc85bd640375834,False,mediapipe_no_detection
21165,train_sad_003562,sad,train,train/sad/Training_88422343.jpg,89b401a0a447d5a0200f348633f77650f7d42e3d886720f80b03ec4fb9f36888,train/sad/Training_87278711.jpg,964b3c9811905dce1a1d2734b32f89b5a8e2730433c73d7803e2a20c45b72cad,False,mediapipe_no_detection
21166,train_sad_003563,sad,train,train/sad/Training_88429598.jpg,1e97879adab66f85e335f6614b02d6524864237eb0e5b7bd71b2c1a7a6b2c89e,train/sad/Training_87299300.jpg,2e00d1b0a07f676db59fa0d00c1963036cb89af9dc9c8679b76c8ef55393b0a8,False,mediapipe_no_detection
21167,train_sad_003564,sad,train,train/sad/Training_88432750.jpg,560c1a2264d191cb50c0d52b17662bc3958588cde07b26554101acd0089a12f5,train/sad/Training_87316753.jpg,859134c2353a91b8f3ccb9dc5b917b63124ce0081c3c917207e38c14bc93d550,False,mediapipe_no_detection
21181,train_sad_003578,sad,train,train/sad/Training_8884164.jpg,bc37c8a5dbde58b99aa5dea86ebcd24f25a42b6bb77f8d4635f9c3184c915866,train/sad/Training_87657216.jpg,2f8a36cf4999f53662a8551928af5f51d76c64189e815ba6f3ffb66256ac36d3,False,mediapipe_no_detection
21187,train_sad_003584,sad,train,train/sad/Training_88984112.jpg,81bdd916816e2138f96c0513e46c2024828e13e6eba1f744b7c110ae093f0d37,train/sad/Training_8776057.jpg,2ea37679a628946c61227a91704a27aab16ea52c4ce04a12bac1a0a754d0deb0,False,mediapipe_no_detection
21192,train_sad_003589,sad,train,train/sad/Training_89031638.jpg,4d80776c2c4f373bfdcae020346a369de4b6fbc46cf9cb7adeae15e108fd1921,train/sad/Training_87857337.jpg,b9c689119bb0add696353b2dd7afdf714cdda495d3c52a21437c6be21169da2d,False,mediapipe_no_detection
21206,train_sad_003603,sad,train,train/sad/Training_89320249.jpg,a87472750d7c9dbca28e28a710de2410c0d8141cf57ab0e397a95ecae37f35ab,train/sad/Training_88107126.jpg,538575a1664abf9ed79bfc29fd920c4a9141f185706c48365a2f1d6179090777,False,mediapipe_no_detection
21209,train_sad_003606,sad,train,train/sad/Training_89394170.jpg,8c48db389930e00749e56b680e8d30a565341060515e8ce98231a19f1994aaf2,train/sad/Training_88180415.jpg,4c3fa6e40d2e89c5719b2d0ee893f261ffc508ad887c393d50cf8a245c7d5c45,False,mediapipe_no_detection
21216,train_sad_003613,sad,train,train/sad/Training_89698099.jpg,fa231fcf72faa7966c6e740f1f9c5a9e5618c4c0d765af7883468e7b3a905618,train/sad/Training_88341581.jpg,dd379ed641894477a6deb2bfee76b458b461023c4f80d5e75dcce9f6494dd8b7,False,mediapipe_no_detection
21217,train_sad_003614,sad,train,train/sad/Training_89700388.jpg,c5eb7f0ecb6c93fc74c96f85ae8f9f8f80f0a91bb888acecfd8db5bbdc5c4a61,train/sad/Training_88381807.jpg,a579f8bc5e18901a4b5be659150d224208bd97fe12a2ca342125ec3f0f8b2633,False,mediapipe_no_detection
21218,train_sad_003615,sad,train,train/sad/Training_89701512.jpg,d8da8d8fd5d0493a8d3047a9251d21f171cd7ce798e607ad3d189a1b99a2f1a3,train/sad/Training_88382167.jpg,029b5dbe1bffce168b78c6d469835e0f43fd506aead607162f2aaf7817f2d089,False,mediapipe_no_detection
21232,train_sad_003629,sad,train,train/sad/Training_90092982.jpg,20b9489387b77c081459b048d17c2a4303e5336a58cce8d1c83fa5fccd5a13d8,train/sad/Training_88851735.jpg,f963e0afdd54b55a351608b235577f5df2e40f5b737c618cd25fb419e43060a1,False,mediapipe_no_detection
21236,train_sad_003633,sad,train,train/sad/Training_90168332.jpg,9ae3137add30a86611a7ecd81895971d5148fbabb2c61243c7d1efec8f6c1d30,train/sad/Training_88984112.jpg,81bdd916816e2138f96c0513e46c2024828e13e6eba1f744b7c110ae093f0d37,False,mediapipe_no_detection
21242,train_sad_003639,sad,train,train/sad/Training_90318206.jpg,ed41bc2d407b1339c94f896a89fbbe575c71d32d8905878f7b1eba396b169633,train/sad/Training_89036396.jpg,eeefac835cfdf0f38c8ba80a0725c783813f5c097f43d25781eaeb9a57566bcd,False,mediapipe_no_detection
21244,train_sad_003641,sad,train,train/sad/Training_90452304.jpg,a8026ac1ec042081347f9a8e67fb4fc230c9188e046078af9dd4bf99c365e185,train/sad/Training_89092222.jpg,29a35237174be56e8014d72116becedf1c6fa638ee8dc3468ddfb2bbe9c313ce,False,mediapipe_no_detection
21261,train_sad_003658,sad,train,train/sad/Training_90856730.jpg,5b46bf3c22f17c7f7d79d4291e1052f9aa1aa392cd29bc98c58ccb233e0137a1,train/sad/Training_89517476.jpg,1f5571915f7d7ce26cbfd296fd8bd45229f8efe34ee3c0e4a5b16b9af23b5f1a,False,mediapipe_no_detection
21272,train_sad_003669,sad,train,train/sad/Training_91086474.jpg,a0bcc8176a174e2be76bd7ac5d30b063d29a2f6da61c27b0c138d28d9d53dd51,train/sad/Training_89707640.jpg,9ed7c4f29242e47a427d7d5eafb74933bd733a88823f7a204a964d64eb7b84f3,False,mediapipe_no_detection
21275,train_sad_003672,sad,train,train/sad/Training_91153041.jpg,316047e58aad6d659661eb61358d9fd7f8ffca1f6d1fa52b9039bd04dc38d711,train/sad/Training_89835262.jpg,48cad9e699a7e317217a59ec65d48abe69ed0313db9cc6f29c433138fbc9dec8,False,mediapipe_no_detection
21280,train_sad_003677,sad,train,train/sad/Training_91288704.jpg,511c591f0837ef4a5c4c50654a31b32e36da5e49f00ce004e74ad8710bbb3d58,train/sad/Training_89959053.jpg,231031fca904871f8dc37a67cd2f17125ca7aa576eddc95980f3f14aa3088ae9,False,mediapipe_no_detection
21299,train_sad_003696,sad,train,train/sad/Training_91750992.jpg,d8dfcfddb866d6bf866ff582820a8e96fbec8460a334a2ab3f4e03bd16c5bf10,train/sad/Training_90554912.jpg,4d8b3c73a8d8e0e7d32d1382ac749d4c3a61656116e32e2fa05575402b9e0a40,False,mediapipe_no_detection
21303,train_sad_003700,sad,train,train/sad/Training_91923745.jpg,c01bb75da3abd79d438b32f41235e4e04883957f3d464139e55e008a412859bd,train/sad/Training_90711542.jpg,f54918e0d5da6e36c589a31303ed6df3b13cedf6b41679950ac5dd99ec4ba6ce,False,mediapipe_no_detection
21312,train_sad_003709,sad,train,train/sad/Training_92198285.jpg,294887817baa85c9ccd7909c059080ece45a26fc0216c915cc867866aedb9f4e,train/sad/Training_90865424.jpg,3fb8cd72e850b66c5b3ea282ef27226b5acbf5ee0c0d1606bbb1b01003c6f617,False,mediapipe_no_detection
21313,train_sad_003710,sad,train,train/sad/Training_92216434.jpg,b8d7821d0852d70567c9239a28056fc968d1ae576b9bbda0afb02a299e7a3fe0,train/sad/Training_90868801.jpg,995732413da44f2f23d20f53254665b13f3491fe0b56ddb2543c085414d971e5,False,mediapipe_no_detection
21319,train_sad_003716,sad,train,train/sad/Training_92404217.jpg,7c315c899c6d5dfa2f79788d920627c051e7ec6327ec9995cafc578bec0802c9,train/sad/Training_90924653.jpg,de35d3deb8455433d876ba9c24f27d8b4bc526809666cd74d079e1f463734991,False,mediapipe_no_detection
21324,train_sad_003721,sad,train,train/sad/Training_92543724.jpg,aa5ad0f6a7329111a12c390588bd92599b384000babd8ba56424d10785a37556,train/sad/Training_91042647.jpg,d3e0673b98d8c3d8c2e0a3c29950e7f2e70456d3435e92aad970b9b8d007c7fa,False,mediapipe_no_detection
21331,train_sad_003728,sad,train,train/sad/Training_92805253.jpg,bfa9cae1ca22781e2a7d11ffeaa1eb0027a38f130511f214b997a40084108c8e,train/sad/Training_91212132.jpg,618a760c45a798ec431e12b4071181a813230eaad00c8afc6059ef996fa6173d,False,mediapipe_no_detection
21335,train_sad_003732,sad,train,train/sad/Training_92870038.jpg,5b241c315797e2cf6901fd8abc1fbab8ea8a1dd00e1ecec70122159b33c821bc,train/sad/Training_9131330.jpg,42b0cef78ec3c8a6d421b53f6d36b8259e2e963366d17eb72e8ccfcd4853732a,False,mediapipe_no_detection
21336,train_sad_003733,sad,train,train/sad/Training_92896794.jpg,1e65b92cd3f6403cc16cca0bc68ac75ebbb364aa0e13da296888be55f01e8e64,train/sad/Training_9135970.jpg,d9003ec489c6ac26d2e5d499792e8fe905997aa2ebf1f49f6ac38540c200495d,False,mediapipe_no_detection
21347,train_sad_003744,sad,train,train/sad/Training_93138625.jpg,b1a0148c250aa1e0f3889c0056e40b8fda1ff5833d66dd9a841b1a201b7680c2,train/sad/Training_91662599.jpg,d04e51c6a2bc3d6f12c8c7e5c65fd5aa9c38b05810ebeaa9cc50ae39b7002386,False,mediapipe_no_detection
21355,train_sad_003752,sad,train,train/sad/Training_93330552.jpg,404c5ee61f99b2d39a511902871bf8125847501ecdb8225939bb927a5335622e,train/sad/Training_91959406.jpg,5d8143778e261530c0d1b3aea59ceadf175bf878d92d1b3767714b9e0f00a151,False,mediapipe_no_detection
21365,train_sad_003762,sad,train,train/sad/Training_93567304.jpg,4c9949b51d9d7aa9dd50d7ee46e965f4b4a34b3f73413c91466fb9424fee6fb7,train/sad/Training_92198285.jpg,294887817baa85c9ccd7909c059080ece45a26fc0216c915cc867866aedb9f4e,False,mediapipe_no_detection
21367,train_sad_003764,sad,train,train/sad/Training_93609509.jpg,5d7c95e468afcca9d328a01673318a4198e841f772ace02daa18c30fc33b38b1,train/sad/Training_92223930.jpg,8c4f1649b57e21e6da109ff9cc6e52ab70a8732e613d6c5c93881fdfda559c61,False,mediapipe_no_detection
21373,train_sad_003770,sad,train,train/sad/Training_9379141.jpg,394705be6c2db6a48bf7231f6d8ca60fab54db5816ed7d3ff605a9099d8b829b,train/sad/Training_9246825.jpg,479da5f7d01a463a96e5ed495e83b8516b4cce104baa69bd4ab0ba55927960f8,False,mediapipe_no_detection
21380,train_sad_003777,sad,train,train/sad/Training_9396268.jpg,ab9540f344584b40cda4135498ab9c5f509083463e051797216f794af93d7ece,train/sad/Training_92757705.jpg,eff970881ecec5dfd25bbba7559bc5143680eb829198379b47e4a7736259bc51,False,mediapipe_no_detection
21381,train_sad_003778,sad,train,train/sad/Training_93963021.jpg,efe15edad6807668c107632a6b9cb696092904d5a7931982519f2c6317c8e289,train/sad/Training_92767965.jpg,43255c212dc4487b7288933da72ea4b8f5f7862c643bd5c7d8e9d7fa2eece207,False,mediapipe_no_detection
21382,train_sad_003779,sad,train,train/sad/Training_94009367.jpg,9e5b5cc3002a19848a7d6e42643bd3c41f6f90aab76a9dcf70a13a645dc0d195,train/sad/Training_92784655.jpg,1887dbd2386c26a41b4ee2322dadb3e6827f19295b728a610340de69d51eccd2,False,mediapipe_no_detection
21397,train_sad_003794,sad,train,train/sad/Training_94362959.jpg,15c391874eb0d551af86c89d3a4c837115589b576907b753f29c248213f9311e,train/sad/Training_93122216.jpg,feabe31d274cad4db8abc2f8e5f7c788b777a2e107fdb479637872c86511e81a,False,mediapipe_no_detection
21399,train_sad_003796,sad,train,train/sad/Training_94401860.jpg,481f3ef4a44a7064a89fa8c514e6d00b90622fa8aa9239a54f492ca4acdbfef6,train/sad/Training_93138625.jpg,b1a0148c250aa1e0f3889c0056e40b8fda1ff5833d66dd9a841b1a201b7680c2,False,mediapipe_no_detection
21401,train_sad_003798,sad,train,train/sad/Training_9442578.jpg,1adcaed90d90315320896a69748df685f54b4045b4cde2606fd0f7a992e27ac3,train/sad/Training_93173045.jpg,54a10a29e4f36ca910569e6a0a26c0d2c3adb53a4611ca6b3320fa1a9e354581,False,mediapipe_no_detection
21426,train_sad_003823,sad,train,train/sad/Training_9497314.jpg,1985c39fd474ca2d9972c4509f2bb14ccbbb7035e21bc6aee0cdf852da636bb2,train/sad/Training_9379141.jpg,394705be6c2db6a48bf7231f6d8ca60fab54db5816ed7d3ff605a9099d8b829b,False,mediapipe_no_detection
21427,train_sad_003824,sad,train,train/sad/Training_94979221.jpg,368db3bf7b67619f4b0d1086380dcce306a25831f967069b9a18acb7e5000164,train/sad/Training_93830329.jpg,66ffd3f49318ee71f3646f4f6bfc1d7c79a2c32f0948b0744c52d5ebd5603029,False,mediapipe_no_detection
21470,train_sad_003867,sad,train,train/sad/Training_95913638.jpg,0d1a85471bec29b994f27c051d7416f273a28ae3cd942319dd088033aeeada2d,train/sad/Training_94795173.jpg,f43d62a9f4964d967cc3776fb2a6fa83f92116387f14d7c123df9d0ba8c63bb8,False,mediapipe_no_detection
21485,train_sad_003882,sad,train,train/sad/Training_96207457.jpg,597223dfb6c93062070b6606ce3b745fa08292514bb58ce52bebfd4acaf87e63,train/sad/Training_94988416.jpg,a894e3f8a63ebe3ed838b163eab9dff6f6a6c6d54e39de64766c5c6fa6ee67ff,False,mediapipe_no_detection
21493,train_sad_003890,sad,train,train/sad/Training_96343534.jpg,0e74dae9e8111ea179b344f16e05553592d752bed139b68d8a73d49895354ee5,train/sad/Training_95135762.jpg,c1b8bce4b5f4e176f84d353f36e6ee0769a425f21950cc8f896b70ee22effd7b,False,mediapipe_no_detection
21497,train_sad_003894,sad,train,train/sad/Training_9648154.jpg,b71796ea225f714407d4d125ae2da969fe9a75847c3c81cdaf5e3a46b73e95d3,train/sad/Training_95230085.jpg,4b5f89eeaa3ae8d88b67460984c0a7831faedf39048f629bf9abf36452f7beae,False,mediapipe_no_detection
21505,train_sad_003902,sad,train,train/sad/Training_9666179.jpg,f13e6ee08da084019ae6404266bcde372e0532e5b90ecfdc5182c4eb9c0c4662,train/sad/Training_95448032.jpg,e49447632a4c1aebb10bc10bf51ed8b604d1f4abd2c1c156e02cb659e2ba5c52,False,mediapipe_no_detection
21506,train_sad_003903,sad,train,train/sad/Training_96697131.jpg,1d6c4868a4b8974b10ad78abd66deeaabcb6351502e38699ad780886a8bc5447,train/sad/Training_95463299.jpg,2556aa493f5d483a23c3cd61873d5a867702002fbff5a289487ddb9fb7dac6e3,False,mediapipe_no_detection
21511,train_sad_003908,sad,train,train/sad/Training_96787469.jpg,776f3672ad7bf8ab9d64a240f30dd31cb5fb7df611227777f339adf187642295,train/sad/Training_95537304.jpg,63cd1d227ccae80f8616c6cb00ddbfc702bbd636c6d0831fff28b75765906b8e,False,mediapipe_no_detection
21520,train_sad_003917,sad,train,train/sad/Training_97061029.jpg,57f2bae2dae8c456b40fe6a3c62350e877f73754b3e76ca8938f7bccd1dd39e2,train/sad/Training_95768073.jpg,485b7c206a47ecd0231d40dc708122fc4e26ad448a535604be9af7d7b430b9c2,False,mediapipe_no_detection
21536,train_sad_003933,sad,train,train/sad/Training_97424776.jpg,723d4efe00586d2579943b93e1ef9ca1ea9fc2d551a9599fdd325a5485305bbd,train/sad/Training_96115903.jpg,834826fb64944e6ecffd7bc6a9df1fd057e2fe0008ff3aace9873799ef6ce6e8,False,mediapipe_no_detection
21540,train_sad_003937,sad,train,train/sad/Training_97549565.jpg,433a0b1170e587a2bf5ec66b6a39bf111e92d13eba214d1f14b673beb6461341,train/sad/Training_96192875.jpg,407b4d5299bf58a586fb06f82ec3e6d89d5e060a9f9a466d38d614c0e769fda0,False,mediapipe_no_detection
21542,train_sad_003939,sad,train,train/sad/Training_9762961.jpg,0770666f13b8d286db9197b6b5e451435e63d94e0ac41a84a8e0d63238edfbea,train/sad/Training_96207457.jpg,597223dfb6c93062070b6606ce3b745fa08292514bb58ce52bebfd4acaf87e63,False,mediapipe_no_detection
21551,train_sad_003948,sad,train,train/sad/Training_97786849.jpg,6e7312f85f651f6d20a04f5e35ebf2bfce403de14d591c9b50df2ae7d710ddbe,train/sad/Training_96343534.jpg,0e74dae9e8111ea179b344f16e05553592d752bed139b68d8a73d49895354ee5,False,mediapipe_no_detection
21554,train_sad_003951,sad,train,train/sad/Training_97858073.jpg,ba5ff77a11d6d5c21efd648288049a916a8c889c861fb2c28f7edb4da08524cc,train/sad/Training_96421728.jpg,ead69b17ae1919b37df8b2fbdfa7d43ceb4bc8784dbd082e2d7764150c35f2da,False,mediapipe_no_detection
21568,train_sad_003965,sad,train,train/sad/Training_98109696.jpg,7299fa3114f8b02e9fec34b2b179ab5240dc3f34effb5abb3cc676f494b0541a,train/sad/Training_96787469.jpg,776f3672ad7bf8ab9d64a240f30dd31cb5fb7df611227777f339adf187642295,False,mediapipe_no_detection
21596,train_sad_003993,sad,train,train/sad/Training_98710520.jpg,c8a6de3032b79b99ba4e4d518946616a411e0389e08e1d5a2877d4e7ad4195d1,train/sad/Training_97539645.jpg,c5fcc151c5adc3d74f7899841186b34a2667623dbdd47404473d467716281795,False,mediapipe_no_detection
21601,train_sad_003998,sad,train,train/sad/Training_98791138.jpg,ae97c13932789c520ee3de1eab64af12df5b57ec4e3f0d9330f2f867b6dfe4e7,train/sad/Training_97675373.jpg,89ffd84aec8941c04dc8e2fcaecc628bd9967d59d1723d2747a48c1d32106031,False,mediapipe_no_detection
21628,train_sad_004025,sad,train,train/sad/Training_99365508.jpg,200e60d8cf3d825716571a18427bb3d522d1b77e7b46468299927b7d1f7a0c84,train/sad/Training_98220297.jpg,d9f3443807e1570e44cca4b2ea09b6a0de723418f85e2bee1e37fb366dee1799,False,mediapipe_no_detection
21634,train_sad_004031,sad,train,train/sad/Training_99534768.jpg,9e0abbdce0ab6a79401d637db296f72bca2e8a65c0ea094c87259fdcfd513b6e,train/sad/Training_98365626.jpg,701424562b6e433a62107d964cdd29faf30829431c775395ebca5463441fc228,False,mediapipe_no_detection
21637,train_sad_004034,sad,train,train/sad/Training_996099.jpg,a948df9b15899baa9a29a8de5d67de965a1a183d406a9f7821c5dd83b9d0703c,train/sad/Training_98443374.jpg,292f0ba454e1ad29b25d6219d4c24f395fb1993abc0736f89b7f6d9d30513574,False,mediapipe_no_detection
21649,train_sad_004046,sad,train,train/sad/Training_99860551.jpg,3259b2e166d6499aaef63c2685468a7e36dcbe39747bb2f5ad0d9a3b1bdd9a86,train/sad/Training_98619576.jpg,fb35bacf2d4e274baac04806dc2ec35d7663d8b1c3c283c470743172d6ed1f6d,False,mediapipe_no_detection
21651,train_sad_004048,sad,train,train/sad/Training_99922913.jpg,2dc06436f75629ad1e7a84b387af90b4363a35b48ee146c4545b20def0e32d91,train/sad/Training_98654577.jpg,7ef8eef67d15c52ec63b4da9e44b5a874ec4785eb111a0128639e0a7e30c99c5,False,mediapipe_no_detection
21654,train_sad_004051,sad,train,train/sad/Training_99987906.jpg,1e309c496c216e940d0ccca928eb0f8dd844e973b720716ebed294196f3bc040,train/sad/Training_98685988.jpg,312fc681dd74932481d9f2798daaf7dfe6b464a932aa93adef8c6cffa45222e3,False,mediapipe_no_detection
21710,train_surprise_000001,surprise,train,train/surprise/Training_1002457.jpg,1a206818fd707b5c93a24116749dfd0d299a62d4238c641bd7df708ad4d20d67,train/surprise/Training_10013223.jpg,cc2c6f3c40a29895257616ac78ba485fa27a9a011db2fcb058b89a88d05dbb93,False,mediapipe_no_detection
21720,train_surprise_000011,surprise,train,train/surprise/Training_10243579.jpg,a20443f761a9603ce7861fc4677c81a9dee6b2e6d5f9109fe47770530e46cc7e,train/surprise/Training_10243312.jpg,ca49909a27752b1d02bae6cf063d8a9cef5c9fa9d249b146c5bd263fd4e5a1b3,False,mediapipe_no_detection
21727,train_surprise_000018,surprise,train,train/surprise/Training_10366009.jpg,187994681f55e965271789861816b7b9d85bbccf08f70d90d0fbfe576818c627,train/surprise/Training_10361394.jpg,4fa00c521ec5acf49ec16604bb786d143d74f5969015c916e7827ea4540bfea0,False,mediapipe_no_detection
21739,train_surprise_000030,surprise,train,train/surprise/Training_10746694.jpg,aa868a5a3908a20b20cb5c055d1181216a555b5ef2be922904db9d6363e4e597,train/surprise/Training_10697559.jpg,db721c78889a9a7c48590ff6320794c356fd84937c6b65c014077e317961c3d9,False,mediapipe_no_detection
21772,train_surprise_000063,surprise,train,train/surprise/Training_11969776.jpg,b9937611d5b0faa9280159f1247b7fcd0de3540718311f39fedbbbea29e065e2,train/surprise/Training_1185326.jpg,f1962534c83304c991bab59db59dbb8c079342e1b8a2282d3b29ae5b30ea2811,False,mediapipe_no_detection
21780,train_surprise_000071,surprise,train,train/surprise/Training_12232006.jpg,0fb0651c82982da249d047445195920c91bc5ab6029d5722988c49b965522be4,train/surprise/Training_12002333.jpg,94cb9cde8346babc413845555b1e5bc62dfcaa29fce2c492e31829a7ee93eeb2,False,mediapipe_no_detection
21816,train_surprise_000107,surprise,train,train/surprise/Training_13719663.jpg,e45629d80fe0809f8ced368507e5bc64238054cec45bddb6cb0aeca4208d290c,train/surprise/Training_13411464.jpg,44e6df2205504cc8f2d3ba80a00417f5752aff4f94d7165194c1afcf40c07d3f,False,mediapipe_no_detection
21925,train_surprise_000216,surprise,train,train/surprise/Training_17864264.jpg,a6ff9005cab73bbb2ffc0a5d8fd0f94e45709c8c0a04f2d54b0e7bc2b3e6c3a3,train/surprise/Training_17368903.jpg,08b5059cf66863d8508da21738487c8607d559f10dab890e51ce665cd7fa5df9,False,mediapipe_no_detection
21939,train_surprise_000230,surprise,train,train/surprise/Training_1820471.jpg,e595c964991d886efd31070e8af5eeef7d92905266c0435aa364f2f2ce8db869,train/surprise/Training_17696053.jpg,602c46ceb5fdab5c2c810c43d41aff44392e991fb5adc986aa258021bbccd6f3,False,mediapipe_no_detection
21946,train_surprise_000237,surprise,train,train/surprise/Training_18390837.jpg,c8fc924b012035f548d758ad344c7b43cccd8ce6723f5a318f93ea7886fe7c62,train/surprise/Training_17864264.jpg,a6ff9005cab73bbb2ffc0a5d8fd0f94e45709c8c0a04f2d54b0e7bc2b3e6c3a3,False,mediapipe_no_detection
21952,train_surprise_000243,surprise,train,train/surprise/Training_18553978.jpg,a5325399f3aac502619fd2aa657c36d5bcf7c0f62b3e0ab9190867c886617d5f,train/surprise/Training_17951606.jpg,8473578db2dedf1067024ecfcc8873461da19f183f7821836ec566889cd7b16a,False,mediapipe_no_detection
21984,train_surprise_000275,surprise,train,train/surprise/Training_19777085.jpg,5b8a5a22e5a0923de0f3bc94248eb70ebc5f4a26f05595e3ec3ddbf8e0595c9c,train/surprise/Training_18867787.jpg,4569cae04624093e061aaa0eda85f99bc80cf43704f8eed0f8b985ed87225bfa,False,mediapipe_no_detection
21990,train_surprise_000281,surprise,train,train/surprise/Training_20153408.jpg,d1b22c36da0a37fdbc404dae3b1c4b87cce23d180ed574e5e86d84f7f03a0323,train/surprise/Training_191269.jpg,78d8d7caf208f5ef1d5804acfb66c2691f136c4078eaf404ef9aa5bbfdd1ea60,False,mediapipe_no_detection
21993,train_surprise_000284,surprise,train,train/surprise/Training_20471216.jpg,e045b760e3fd4ada332074199cfecebdb8c34ab7c984c8a2de6e9f528a031b68,train/surprise/Training_19197283.jpg,33eb040ed2a426822436c82d76dc60a82a0761761c864ae108a6a47fc95e466f,False,mediapipe_no_detection
22049,train_surprise_000340,surprise,train,train/surprise/Training_22458767.jpg,7af8aa3fae838723282caee4376473d0fd5a87bebade8d84158b668ad1f658c7,train/surprise/Training_21489080.jpg,2ef8392e8529a295d63471b13d95513a3cae90eb09fdf5d8cd11ed1d2e932f5b,False,mediapipe_no_detection
22050,train_surprise_000341,surprise,train,train/surprise/Training_22508445.jpg,e71e38e1f13affbd2390129416e27fb864a10e759fae6c08e926012b3d7d6bf7,train/surprise/Training_21496515.jpg,fa815391ed003d580da5594109c6dd2ce945cf52a30f2bc0c1503204c36f16e6,False,mediapipe_no_detection
22112,train_surprise_000403,surprise,train,train/surprise/Training_2520685.jpg,3825ccd167f8cf58cd864940b000e5c91ec007b61fe3ba24400b11b35764d8e9,train/surprise/Training_23535021.jpg,e6ba0806efe1bc3ba869559b4a82cdcb8c3a2c01c9e5d63bd2e7b121baedc1c5,False,mediapipe_no_detection
22118,train_surprise_000409,surprise,train,train/surprise/Training_25466686.jpg,ecce30acb7a725b76b42a7ece81a2f4b2bd1eea42a8b418e8679bf22ac7c3aed,train/surprise/Training_23773758.jpg,13cd905d42358180fdf8900a4c554b50e2a6fefe35b6d278075455f2dbae157a,False,mediapipe_no_detection
22130,train_surprise_000421,surprise,train,train/surprise/Training_25900926.jpg,20e77c80e1855122a12b5c4c9839e794ccf702e7959fff0e6501ea879b9e3925,train/surprise/Training_24139184.jpg,b1269442b90575420f1f1f305aa7f24059e8fd76949fe636ffabf6a0ec58c5d7,False,mediapipe_no_detection
22156,train_surprise_000447,surprise,train,train/surprise/Training_26684945.jpg,6eafdf27efe9817b6ff77c00115e4ea10ecb7593a691a4146d0f6f46410477fe,train/surprise/Training_25383916.jpg,8063aee47ab92c35191058076b427418ceb34fe23ede3fb4ac9941a87f0f0c88,False,mediapipe_no_detection
22171,train_surprise_000462,surprise,train,train/surprise/Training_27145933.jpg,695d3da43d6d1b7d95186f696df48664c2b1ab5b08aa71878ada09e9ee32232a,train/surprise/Training_25850047.jpg,db3103ef4197dce0954b98794f78cbba785fe205f6f334500c7de491946c193c,False,mediapipe_no_detection
22183,train_surprise_000474,surprise,train,train/surprise/Training_27585251.jpg,abf9c26edbc925bf87f04671b60537cd27d63f94930d6e918dac344532c420c4,train/surprise/Training_26098669.jpg,57919fc70b2d42ad22bc29faaf646e7f36c6da2781935a73de0340ce50000085,False,mediapipe_no_detection
22188,train_surprise_000479,surprise,train,train/surprise/Training_27685820.jpg,6eea25d97470c7530dbccd798fad524af140c1b0a6966af973546b1fc4c957b9,train/surprise/Training_26164541.jpg,a9d566f8c7269e4f9c9a1db1c763a3401b0379e7eb71c1340f7b93ecec4ac894,False,mediapipe_no_detection
22201,train_surprise_000492,surprise,train,train/surprise/Training_28274484.jpg,d0e7fc504e71dc483ed63d3a29c6091f5ea3362079a27392b794f5553c9d4640,train/surprise/Training_26522394.jpg,05c4b722b76b7bb97b3bc5faf630806a8e6bf9123581ac5d3ad33918d5c87ba3,False,mediapipe_no_detection
22215,train_surprise_000506,surprise,train,train/surprise/Training_28948272.jpg,0df52d537147e13e41992395b6873bfb2c7efd434b98a7b243804492756e023e,train/surprise/Training_26965882.jpg,c5bdfa20e1e1873c62abf5739a60c4bf8764bc10a9204fc160d67bf02fd1470d,False,mediapipe_no_detection
22226,train_surprise_000517,surprise,train,train/surprise/Training_29402843.jpg,8fcd54be22ffb3e4a2668af788929b9637cb88dd85e7d6ecd64b395f4a3c10a9,train/surprise/Training_27232342.jpg,0000d21466ba50fa5cacf973467aa75221db0fe5bc3d2f0901a14124b4f6d6bc,False,mediapipe_no_detection
22230,train_surprise_000521,surprise,train,train/surprise/Training_29509743.jpg,54328a04bce93a27f7248f0b17c3ec3dd0d31ba7513e05ebcc95e58cb8cd2d05,train/surprise/Training_27468050.jpg,70430ecc21a75e22f613bc80779c2c8dfbad10250c1c7cf3e508487d13b91c75,False,mediapipe_no_detection
22231,train_surprise_000522,surprise,train,train/surprise/Training_29514362.jpg,ec50633a44b87b827dbb6e58cf8074288aff3d8cb7fd1eab13a0f3565918b252,train/surprise/Training_2748191.jpg,68a1af8a444945725f8ed9289c0af1ae6a191a8215cf7ab62683967c330d0bab,False,mediapipe_no_detection
22239,train_surprise_000530,surprise,train,train/surprise/Training_29781564.jpg,a1075977c5f319169828b47ea44b65d565deba8fa69bb5f0531012c437ab2728,train/surprise/Training_27672614.jpg,93b318c64a478ebc0db362ac621787ce9d09cd3902ae5833ca24ae20828d9842,False,mediapipe_no_detection
22255,train_surprise_000546,surprise,train,train/surprise/Training_30234082.jpg,4f9b538fc155706589ad9c656cf2d2d299267ae279348e60f141bc2596a1e5e3,train/surprise/Training_2830006.jpg,e4d3c8b7048f3fffd50e09c9d1312280037789fb5311870b43d9fa0a78aa4f23,False,mediapipe_no_detection
22261,train_surprise_000552,surprise,train,train/surprise/Training_30410090.jpg,41c8e844e00e7275f91fac8e344ad151dcdcf7d76aee69d42d390acafae07364,train/surprise/Training_28494223.jpg,431b514af9dffc0d91de1d9ea93aff96253f88bd9e88be14b3ff2c8718d7fbe9,False,mediapipe_no_detection
22270,train_surprise_000561,surprise,train,train/surprise/Training_30689712.jpg,1de89c133aebc83122563e959441f0ead71a247fef53ed8397c3f5bc66f1a645,train/surprise/Training_29053915.jpg,e217c723360c142f858e885d574a23deb82b376ec35e3c8680d3f7d002d82979,False,mediapipe_no_detection
22277,train_surprise_000568,surprise,train,train/surprise/Training_30800492.jpg,2830f281c87beec7ea336ebb1880074ea00366d01e9fc62f858efda3707fc0e8,train/surprise/Training_29402843.jpg,8fcd54be22ffb3e4a2668af788929b9637cb88dd85e7d6ecd64b395f4a3c10a9,False,mediapipe_no_detection
22339,train_surprise_000630,surprise,train,train/surprise/Training_33146079.jpg,f73750ee493a5e7de43c961207d9024c5c3de8434d7abb0e4b27f0517c79acde,train/surprise/Training_31259749.jpg,4aa64d8ffcc0ff344a40de67df1b578c6bc3e54f34e869554ccaf3b98ea5f9a1,False,mediapipe_no_detection
22355,train_surprise_000646,surprise,train,train/surprise/Training_33600111.jpg,6967c532481bb07c9d20350e0efc90df0ad67bfae3c8c95315c79b4040f5b570,train/surprise/Training_31544914.jpg,9c44a924c1a57bb9cc02cbed8e372a4ce4ec49869d39a25a703c72080456d3fd,False,mediapipe_no_detection
22413,train_surprise_000704,surprise,train,train/surprise/Training_35584942.jpg,a7f48b041b0c13df56598ea73d04a7e30cea3843457dec02c9c9f1694e5d376c,train/surprise/Training_33425770.jpg,9c3d875173e1ccacc9b7a2c939df7a8843d2e65d9b481a6492c80c72029560db,False,mediapipe_no_detection
22476,train_surprise_000767,surprise,train,train/surprise/Training_38026546.jpg,8d91d49d0e96e20f77a0f34449dcb9ac3ec68dba8eae859416a58d75ae2894ee,train/surprise/Training_3547859.jpg,160406cf35d8a37c9ef59f41827f4af2992935787a62df130d7836a1e1cb35a2,False,mediapipe_no_detection
22479,train_surprise_000770,surprise,train,train/surprise/Training_38300126.jpg,41a0383d51e837e8b40d63389f475481ba4821c2b42b597368c309c3431abafc,train/surprise/Training_35584942.jpg,a7f48b041b0c13df56598ea73d04a7e30cea3843457dec02c9c9f1694e5d376c,False,mediapipe_no_detection
22482,train_surprise_000773,surprise,train,train/surprise/Training_3841930.jpg,8a028e07ffd4c1d665a52b34f42ea06155857929a4f10f76608eae7c137ff63e,train/surprise/Training_35709211.jpg,95bce725d40fb34c4f427751acf927db0765511e0e8b988d629523703f495812,False,mediapipe_no_detection
22526,train_surprise_000817,surprise,train,train/surprise/Training_39913247.jpg,e8442185f9cd8b0a6b3c86db07667f3301a07ea6bc5c60440b387adff867eda1,train/surprise/Training_372122.jpg,5ba5a79032970e9b17631de4e8619597127c99379c61feb5533542fc8351fb45,False,mediapipe_no_detection
22534,train_surprise_000825,surprise,train,train/surprise/Training_40245229.jpg,1fb56d3fd32e6aa168a81b8fd771e6388dad36000b072a9865b3e071fdb45698,train/surprise/Training_37494017.jpg,0f7da1b6630cb8699fc3201ba18b33a0907f90065fb29167ee228c0a2e21915d,False,mediapipe_no_detection
22539,train_surprise_000830,surprise,train,train/surprise/Training_4057446.jpg,d64a42d1c53e51bcbb432bdd74220a8085190c9f08e973f5838c7fd960bae388,train/surprise/Training_37667485.jpg,1fc00cfcb2c4e25b2d49d8ab1bb3bfa5b40db6fa60851ac0765fd76b9bf5148f,False,mediapipe_no_detection
22559,train_surprise_000850,surprise,train,train/surprise/Training_41189316.jpg,b2dc924180574f975206fcf72e981234db86cf4befe4dc7fb101a970c2787e57,train/surprise/Training_38268356.jpg,3d96ffba55ab04af37b8a2c6b07e7028bbc7f9d670ad1ba77f55e4f3944b6ce1,False,mediapipe_no_detection
22560,train_surprise_000851,surprise,train,train/surprise/Training_41190551.jpg,c41ed22c838275a3e12244bbb439c1426d3473b827b59b2365b90914f1fc0a1c,train/surprise/Training_38300126.jpg,41a0383d51e837e8b40d63389f475481ba4821c2b42b597368c309c3431abafc,False,mediapipe_no_detection
22590,train_surprise_000881,surprise,train,train/surprise/Training_42389923.jpg,25167474b9b832b48c1122571ac27e0e36fd130ad2d201943699d027155dbcea,train/surprise/Training_3951286.jpg,33a3d85049d3ac469fcbe497196751c7ddc58641e5a0872160ac1d3d1148ccc3,False,mediapipe_no_detection
22597,train_surprise_000888,surprise,train,train/surprise/Training_42514561.jpg,68631d63ec43df38030af56a10ff57411b05f9a1c8e3c37607611c7fc5338035,train/surprise/Training_39750918.jpg,898d98f112a4a6b0d740824f72ef58c9504572d47fdc82b60dceee88362a2fa2,False,mediapipe_no_detection
22650,train_surprise_000941,surprise,train,train/surprise/Training_44472707.jpg,9ecc56199990274488349d5fa327c97d97da7c115b367452b4e29ebb2040410f,train/surprise/Training_41765216.jpg,7f12534c8b70c7aaf008ed29adcc36530081cb210cf6c0473614c52adff3f95a,False,mediapipe_no_detection
22665,train_surprise_000956,surprise,train,train/surprise/Training_45050078.jpg,b7546d5ea67e77a22bdad7737d7b8df86ce516e7fa80e4a3a21013395083c752,train/surprise/Training_42143192.jpg,93b318c64a478ebc0db362ac621787ce9d09cd3902ae5833ca24ae20828d9842,False,mediapipe_no_detection
22689,train_surprise_000980,surprise,train,train/surprise/Training_46030826.jpg,c072d04d1352aaf1596a04bdf43c870812823b10e06c2827dcfdd55f391379ba,train/surprise/Training_43002756.jpg,009f8d7870949fca23504ad2fd83d6b6148082e49323d4da15a7375eefaaa9cf,False,mediapipe_no_detection
22736,train_surprise_001027,surprise,train,train/surprise/Training_47921538.jpg,c69cc2e422db1149992ab7d725b718f66b2908d4c5fb94bea98cda4f7a6431aa,train/surprise/Training_4473132.jpg,d0d8c230492b7116cd8e42c8f4fcf48a74203496cc3d26e2e11cd00828273c77,False,mediapipe_no_detection
22762,train_surprise_001053,surprise,train,train/surprise/Training_49076622.jpg,94bba4f2c48affbd90fa9eeefe773108f41dbe20858f1d1df9e58fe1983ad05c,train/surprise/Training_45586531.jpg,d9321b39d1b6de3dd6153e22dee7081c6fb3fb7af2e5eaa24a3850324aa05177,False,mediapipe_no_detection
22769,train_surprise_001060,surprise,train,train/surprise/Training_49350956.jpg,7f7f97c0b375be543081d3bbc155c616ca4ed777874239d7440a69db39eb594f,train/surprise/Training_45761780.jpg,a4cbc2a744483926d36bfa4b858a14ecfc527497796c71b9a5fe419d6ed99b76,False,mediapipe_no_detection
22809,train_surprise_001100,surprise,train,train/surprise/Training_50683673.jpg,16d3e44fe8722120ccff8810417f4532e84ca4ca6d8581df7f24167275ad1de4,train/surprise/Training_47306233.jpg,ddfda40d9a196af59eb1b25f1ea48655c229a330571024fa4183e9aed15e7b63,False,mediapipe_no_detection
22834,train_surprise_001125,surprise,train,train/surprise/Training_52127360.jpg,ac8e242969b170d22961480011ada6b47572449b9ad1dc327a8f80a1a1074f3c,train/surprise/Training_47997415.jpg,4dd79fbe37f8381223480e0c9a38c021450b434e3b5f3d2a55573bbf194d25c8,False,mediapipe_no_detection
22835,train_surprise_001126,surprise,train,train/surprise/Training_52181277.jpg,4a712c45addf0d1a7efe4b75c9efd400b0f54961401b54b045e7d8d3abd793ff,train/surprise/Training_48022185.jpg,c994ab11739a85f8b7ed9a7360b005295df8af085f87603ba369032106cd50f6,False,mediapipe_no_detection
22841,train_surprise_001132,surprise,train,train/surprise/Training_52277832.jpg,37172386f22c65b2b1d55175389270dc75ef2e7242c79bd464a3a3ab1fd02c04,train/surprise/Training_48403842.jpg,7d95ea9b5675227952eaca2898cd12019f224ca9af14d757258a7ba7e9919b2c,False,mediapipe_no_detection
22869,train_surprise_001160,surprise,train,train/surprise/Training_53327101.jpg,152108076815dbbcce362a9ff5d7e658039a5ceae373ecfa39cf29f15fa8c85c,train/surprise/Training_49269050.jpg,588a1eef89cbb47944f2f091f0111d1ffe5da5ea7b1ad9daa9f10eeee4a8431b,False,mediapipe_no_detection
22909,train_surprise_001200,surprise,train,train/surprise/Training_54796068.jpg,37f01e3da51d7b33644b7a1f1bcca23b1badb719048a540cff3334a868482fe5,train/surprise/Training_5064247.jpg,b17c093672b2def1b9f11bb6ff6630be87af8be4990f32381fe1d121fae3c224,False,mediapipe_no_detection
22937,train_surprise_001228,surprise,train,train/surprise/Training_55556592.jpg,d7a8872e8aace22857236d73ed9275364f9762fdc7091f8cb83475624e1f758b,train/surprise/Training_51938382.jpg,9c766c70c7f0f64ba4e6f68f9ba4eb83888058af5c2a430cd36e355c3f5e6d51,False,mediapipe_no_detection
22940,train_surprise_001231,surprise,train,train/surprise/Training_55629131.jpg,aaa8a89e15ea2374900485562cfbd75ecf2d2f3e9d967cd504c2dece31ce446b,train/surprise/Training_52061068.jpg,c52a818af3139fa606b868556aa613450dd62d3895ca6a708fdc06720f36564c,False,mediapipe_no_detection
22941,train_surprise_001232,surprise,train,train/surprise/Training_55671364.jpg,5ad318fc6da1fba1fe91cf373e52cdcd3fa52aed769124858d4b221057b1fc13,train/surprise/Training_52072610.jpg,0efbd05def31bdfa8f5ea9897cdf1d8380538a5b534a27db92d1398b1521e0c4,False,mediapipe_no_detection
22964,train_surprise_001255,surprise,train,train/surprise/Training_5662326.jpg,90745d304f7fb85928259543aa607fb77534423382eb41c2acc820d4f929489d,train/surprise/Training_52818023.jpg,ca00b366da160993113fe90bb7bfb1a473f48660458a5e42e69282e50c2fe077,False,mediapipe_no_detection
22980,train_surprise_001271,surprise,train,train/surprise/Training_57032699.jpg,81e1dc585c0382a445f1823d9f0891b56e436f6d86c81d5cd811e03a0f447d0f,train/surprise/Training_5331658.jpg,e7fbb5de54fd4ab4f5db125286f1e1cc0902a0988f3d52103d77850fa44868cf,False,mediapipe_no_detection
22985,train_surprise_001276,surprise,train,train/surprise/Training_57385265.jpg,53bda33f9773d0d91f6b40e3ea95420a8af3b949aba4f266ca399db4e7fce3ea,train/surprise/Training_5356372.jpg,9b2ecbb370ce55244c9cd16f0ad7773681d49f193e52c3c3c26176ad68297d70,False,mediapipe_no_detection
23024,train_surprise_001315,surprise,train,train/surprise/Training_58627068.jpg,36fc5d43a1bedc0a55359fb4e96c133d63337207beb470901c8e9452b0a292a6,train/surprise/Training_546962.jpg,3b4eeb5afe13d2a2f06f21661c48eee3b71570f90885d86ec7f497ba3c7cee40,False,mediapipe_no_detection
23026,train_surprise_001317,surprise,train,train/surprise/Training_58725404.jpg,25e7225420566d22b2e3fa98de8035d0ebeae993d239521347eb1df726d0c4c2,train/surprise/Training_54796068.jpg,37f01e3da51d7b33644b7a1f1bcca23b1badb719048a540cff3334a868482fe5,False,mediapipe_no_detection
23054,train_surprise_001345,surprise,train,train/surprise/Training_59643112.jpg,0722d447eb6221438b011fb6c76da4cb6a2fb465472a625529d0ca87440034b3,train/surprise/Training_55551568.jpg,9dcbfc458c85b0cd863dd9fb8e69837d1757b99fa90bb7da2e9416c553ac7129,False,mediapipe_no_detection
23063,train_surprise_001354,surprise,train,train/surprise/Training_59989870.jpg,954c39a3e4e5bb14b01e130f05173bdcb757b61cc637389ec9ed89274be711e4,train/surprise/Training_55791680.jpg,44b8bb31ec65f0beaba150f50fb5189027ec17fa44f79da84a2b5f8ad6ed43ff,False,mediapipe_no_detection
23108,train_surprise_001399,surprise,train,train/surprise/Training_61584301.jpg,fabd3db621d4554a617744084177b45a45e4ad21bad81eacc511fb0139b3ecb5,train/surprise/Training_57315245.jpg,5c2eb7c924d96890c1a568f1f89f1a8ce628d8e449ed229d40ebe256371ec19e,False,mediapipe_no_detection
23112,train_surprise_001403,surprise,train,train/surprise/Training_6181683.jpg,5f775f63da9f71071a488a763daa6c0f9d1d816e2c4fff99678f4998f1dfa6d8,train/surprise/Training_5744349.jpg,c4501831fbcef534af07860b846bf29408e5b8172433c5f564389fe07df76445,False,mediapipe_no_detection
23123,train_surprise_001414,surprise,train,train/surprise/Training_62281450.jpg,d06b4a712c8ab72e4523cd9ad214586c0c3e948ed052f834bf83c117074f1116,train/surprise/Training_57840446.jpg,cf0b81933c6275d8e561ea638fb58621a973de3b34ba639378abb44001f9b5af,False,mediapipe_no_detection
23128,train_surprise_001419,surprise,train,train/surprise/Training_62471042.jpg,345c8765ad3b3633f3cc77f3e419c29828575303b8e0f65c104805856ab9133a,train/surprise/Training_57979378.jpg,6b23c1e96502dfd0f780c014f2c9ff1607ed37e15c08868a0bb0b023087b48e4,False,mediapipe_no_detection
23143,train_surprise_001434,surprise,train,train/surprise/Training_6298521.jpg,cbe0569fecd45bea652391740ab166c4a6ad2127385068adc6bdf7fc6bde7e6c,train/surprise/Training_58363387.jpg,7b2ee2b94537436a3dfb03d1b7002c3e2b5161ccd61b3b7ec864a4389706bc9e,False,mediapipe_no_detection
23169,train_surprise_001460,surprise,train,train/surprise/Training_63809469.jpg,412d8c2027603987396747c4c8ffcc9e5308fa130ba331d6c137e8778b0d6815,train/surprise/Training_59228927.jpg,a14193357254ead795d61660339fc05ae94c180ffa543cdc2aea7137724f7e20,False,mediapipe_no_detection
23193,train_surprise_001484,surprise,train,train/surprise/Training_64638110.jpg,19198a4c447e43c7619a7837de8183946feb82984095844859c38bdedbcabd88,train/surprise/Training_59876770.jpg,37f01e3da51d7b33644b7a1f1bcca23b1badb719048a540cff3334a868482fe5,False,mediapipe_no_detection
23198,train_surprise_001489,surprise,train,train/surprise/Training_64798486.jpg,a2333b8c0592cfd2618135cc2eff0b9ab894fe603a724a40fb6932297404cb62,train/surprise/Training_59989870.jpg,954c39a3e4e5bb14b01e130f05173bdcb757b61cc637389ec9ed89274be711e4,False,mediapipe_no_detection
23272,train_surprise_001563,surprise,train,train/surprise/Training_67422597.jpg,bfd960af36099a5eabf38c1faf67fe690f89b96600b2b71f5aca0cfd91e0fe60,train/surprise/Training_6278170.jpg,d9393a145ffa011f3c620407d2eaa1797459ed8091cce0cb06c7ed04f01ce35e,False,mediapipe_no_detection
23274,train_surprise_001565,surprise,train,train/surprise/Training_67480840.jpg,214f1723ec28c96d61bcacfa230a161b0dd4998e53e38dda7ff1b28b4fe9a6d6,train/surprise/Training_62788615.jpg,cf0b81933c6275d8e561ea638fb58621a973de3b34ba639378abb44001f9b5af,False,mediapipe_no_detection
23292,train_surprise_001583,surprise,train,train/surprise/Training_68038041.jpg,263d4e00f25d5b8d7591bd37753f7c3cd88f3bcb4f8bc2eba678f14f69bce0ca,train/surprise/Training_63239185.jpg,8736cf9d5fe4bc672a93d3643a0be0bec73cec7fd46fc20ea9c635e6df7982d3,False,mediapipe_no_detection
23295,train_surprise_001586,surprise,train,train/surprise/Training_68092968.jpg,09060246e2cd077ea135190d3760966e05472205d60e9c2e2bc46f3fa62df51c,train/surprise/Training_6336487.jpg,eebbff3fa583f5fb67fb1d7949fd32f532f99eac69842bf0a9500396073b7d09,False,mediapipe_no_detection
23301,train_surprise_001592,surprise,train,train/surprise/Training_68206183.jpg,0b484cb941982020ccb31194efbdfc6496188018c246d447e820cfd4d9e792f2,train/surprise/Training_63557514.jpg,a7a2154169833c62ff895e4409aeb10e2fd05f02833b0ca6a1ef2ca631b2d878,False,mediapipe_no_detection
23314,train_surprise_001605,surprise,train,train/surprise/Training_68490945.jpg,490c55ee376bddf16d529506dda1a64d85c1a058225e47940d06be72a843d35b,train/surprise/Training_64023901.jpg,4a14501ff552696f18ae48c9d7b82a868456232f08b68b3591567631befc2e54,False,mediapipe_no_detection
23353,train_surprise_001644,surprise,train,train/surprise/Training_69780587.jpg,0833e09649aec1556edf2b51d9cdbe17b9e09707febe7f784a9f5176dc1e2a06,train/surprise/Training_65279010.jpg,542f83d10c5a5f3962e9701169f04af010f668945b79e7ae950148577bea5fa1,False,mediapipe_no_detection
23362,train_surprise_001653,surprise,train,train/surprise/Training_70172627.jpg,ef1d7332b84fb5c97cfea3142607edfe94cda0fa40b360bd938fea8298737b19,train/surprise/Training_65688369.jpg,ef4a7ef1e2c071e57a9a9d246f906db866b3b755dd8e2f7f23b177b30291b72f,False,mediapipe_no_detection
23417,train_surprise_001708,surprise,train,train/surprise/Training_7184858.jpg,6e85186b89fc9369c5b872f4380bae546493357fa913f60e0f26e4f563a1491f,train/surprise/Training_67212812.jpg,b1269442b90575420f1f1f305aa7f24059e8fd76949fe636ffabf6a0ec58c5d7,False,mediapipe_no_detection
23455,train_surprise_001746,surprise,train,train/surprise/Training_735050.jpg,498632dab24939efab9edb588f672206bf0b80ddc56bc6edcf7ad2946018273c,train/surprise/Training_68251712.jpg,04a2b757af1a33bb812d636f5579d53087910aedeb9bfe6f3fe3e96b7cd54fe1,False,mediapipe_no_detection
23527,train_surprise_001818,surprise,train,train/surprise/Training_76105973.jpg,9077ac0265446d17d2ddc01c5d2818c9d4513c578ff74b6d19922c74ea1a78f4,train/surprise/Training_70287452.jpg,35d99cb8ca20d8bd82bccba376335082ef9c3a3c2e1693ac78b61d057541c6c4,False,mediapipe_no_detection
23548,train_surprise_001839,surprise,train,train/surprise/Training_76703050.jpg,c7adc5da9f05046aa8dbe52c7e5876897bf4e0b1ca99790d6d31af95025455d9,train/surprise/Training_70792493.jpg,294f59b878eb6e5819f78fe8b1ef5e6234aa025d5d3b0cfdefe0d39c0930cf10,False,mediapipe_no_detection
23556,train_surprise_001847,surprise,train,train/surprise/Training_76948346.jpg,e73e014cf3e33d2e2d8fee00fa4cc9136bdd19a4652343846dd027d767204608,train/surprise/Training_71057210.jpg,2724e808b08b8031f14e5aef3a620fa2004328b0ec0a25021806a57dec93b53e,False,mediapipe_no_detection
23565,train_surprise_001856,surprise,train,train/surprise/Training_77370213.jpg,a1ac102c666b3a475d2f3803cc0bc6b0bd48c82fca4ea95ed52b1b088756c734,train/surprise/Training_71308969.jpg,0502d3655411d863a96136a0de90fd1758a7731609a72e868d9d16528184305d,False,mediapipe_no_detection
23573,train_surprise_001864,surprise,train,train/surprise/Training_77771143.jpg,4a18a518d36cf978d8b447a7be1cef5867e098f8f0f9541d87221699a47cd0e1,train/surprise/Training_71645335.jpg,034cd01688eb5429b3d4a824ebbdbab92b2b67516747aaabb68f3242f0649be2,False,mediapipe_no_detection
23598,train_surprise_001889,surprise,train,train/surprise/Training_78744822.jpg,bf63e78996f194eb5e68230645c2d93050f742e51da33f8207614253fde1c197,train/surprise/Training_72667645.jpg,65167ede299138192fa350d3d166f9765efe2266e5c1301ec66748624cc5c6c5,False,mediapipe_no_detection
23610,train_surprise_001901,surprise,train,train/surprise/Training_79037336.jpg,75e906287e19e73006f3a0b5364f20c07d72ab786addf8b55c6e746252ac50b0,train/surprise/Training_73046422.jpg,da66929937c89680bd93f09990d3b59c743747950a74dbbe8ecbe501b8ffc3b3,False,mediapipe_no_detection
23708,train_surprise_001999,surprise,train,train/surprise/Training_82789563.jpg,f82a3e0c7921e0df5a2b895c748132d2161a5e5ddc63be4b5040591c5e207361,train/surprise/Training_75916013.jpg,588a1eef89cbb47944f2f091f0111d1ffe5da5ea7b1ad9daa9f10eeee4a8431b,False,mediapipe_no_detection
23709,train_surprise_002000,surprise,train,train/surprise/Training_82836574.jpg,174a23094624d80e07e96fc04f07ab17b2a4247648dbdef2748fbb2d0fae9fdf,train/surprise/Training_75996643.jpg,2d440c3ff5d69a16a89eb245b40f860de1f9d91b950153f1ebbb24e4d372f12b,False,mediapipe_no_detection
23774,train_surprise_002065,surprise,train,train/surprise/Training_85345639.jpg,b16f12b6c0efdb6df63582860ac511e20fda7acc412c0620b0d135e72f3a9c52,train/surprise/Training_77853139.jpg,95bce725d40fb34c4f427751acf927db0765511e0e8b988d629523703f495812,False,mediapipe_no_detection
23797,train_surprise_002088,surprise,train,train/surprise/Training_86320393.jpg,f32e7d4ee4c82da7f0fe95f9c8b68a53d2479d732d842c381be94cecc982096b,train/surprise/Training_78871355.jpg,91775c7aa9ad79d28065a5736ead369454a2d683a520e7c95413762c2a73a092,False,mediapipe_no_detection
23854,train_surprise_002145,surprise,train,train/surprise/Training_88197985.jpg,c06117af98915dad91281ee2755868de418cd97d66c2a40b960a4ce7b3c2d8af,train/surprise/Training_80265802.jpg,c4396e00d4a68eb734ac1cb5885755f2d732e75e0e13ef16929cab597f6bc097,False,mediapipe_no_detection
23857,train_surprise_002148,surprise,train,train/surprise/Training_88281528.jpg,140555f432c9cdbe36be61525db63526504bb088d5c54af60fa197fa725b07f9,train/surprise/Training_80448942.jpg,1babaf1944375045c675c72c7c673213f2d464b1f44f59721ded7ea56788ff71,False,mediapipe_no_detection
23863,train_surprise_002154,surprise,train,train/surprise/Training_88503708.jpg,fbfb396bcb77394a0ebf9e01d01ff2e465b96194ca410c21e42646e4058f6b2f,train/surprise/Training_80596096.jpg,dc63cbc534929647b473c5c9ef76a2ad0d28e8baa44edf32e1a46ab835a3e899,False,mediapipe_no_detection
23896,train_surprise_002187,surprise,train,train/surprise/Training_90012848.jpg,750869ccae14fdb6a2ffa806867ef778a6ff5bc7d9943f3eccaeb8fe94903e28,train/surprise/Training_82040443.jpg,135b4b34c4899e986edf6a0a07d76ece8c15fd7a731dffbc6e90253e2916253b,False,mediapipe_no_detection
23901,train_surprise_002192,surprise,train,train/surprise/Training_90166716.jpg,642e78da0fd198f8f47963a77c82bfb8050d3c9fd7b4ea4b597e6a0d543acfb9,train/surprise/Training_82268205.jpg,d1d69781bcafc61cfec49b8bffeec2e6005890b6823238ee5903bb0c0caee83c,False,mediapipe_no_detection
23968,train_surprise_002259,surprise,train,train/surprise/Training_92423948.jpg,1c238e8ed0d21adb1847a90bc4a43dcf3d7e36080efb184a7b297cf275ac202d,train/surprise/Training_84885339.jpg,1ad75338648109991cf78a415120a9b2f436dc106a77341caa78806e0c970ed1,False,mediapipe_no_detection
23985,train_surprise_002276,surprise,train,train/surprise/Training_93037336.jpg,66f4669896631f07a37fec2e644053c53c84c26ad3703118078a06045820f314,train/surprise/Training_85196188.jpg,c86c8d62d0bb12fca9d652fc73cc9700b9f51585592ae0f4a5281017634632de,False,mediapipe_no_detection
23992,train_surprise_002283,surprise,train,train/surprise/Training_9342491.jpg,dc30b7529a09d36ee20adb96b7174be1be9ba2a1b324a6dfa4747cd8c668e844,train/surprise/Training_85488219.jpg,5decccf81f5734dcc24d93797eaf462afee49f15caf6d0e72fe86c29e2c8e537,False,mediapipe_no_detection
24046,train_surprise_002337,surprise,train,train/surprise/Training_95853103.jpg,cee2476125670fa388f7dc4ac01f0881795f0d4d6b7413cf54812c8caed36f9b,train/surprise/Training_87457627.jpg,37f01e3da51d7b33644b7a1f1bcca23b1badb719048a540cff3334a868482fe5,False,mediapipe_no_detection
24050,train_surprise_002341,surprise,train,train/surprise/Training_96163370.jpg,4172ca0d5ae6afc510e4e063a378b8e86759df372f969a7c7bed5a48c339462e,train/surprise/Training_87693248.jpg,c4396e00d4a68eb734ac1cb5885755f2d732e75e0e13ef16929cab597f6bc097,False,mediapipe_no_detection
24100,train_surprise_002391,surprise,train,train/surprise/Training_98160615.jpg,4aeed86a4f7db05a019d44306e92d0d0730050154373a124fabe4ff2cd02ca43,train/surprise/Training_89233153.jpg,27ff418e44429a5d357c5a34487d95070356cb5cd55eece7eb022f5314d2734b,False,mediapipe_no_detection
24103,train_surprise_002394,surprise,train,train/surprise/Training_98223779.jpg,665b9d834b6088d1773a72c9c25de42d86220df0c26ad51d0ff083ad5a8f981b,train/surprise/Training_8932145.jpg,34740e9fa2597cff0862100b66c1caa370e66e79f014736d5b018708f8b99aa2,False,mediapipe_no_detection
24406,val_angry_000001,angry,val,train/angry/Training_10345473.jpg,be80ce840363beee3f404a6d6c9eb5643878063f2dba6171c1f46e7920110a10,train/angry/Training_10345473.jpg,be80ce840363beee3f404a6d6c9eb5643878063f2dba6171c1f46e7920110a10,False,mediapipe_no_detection
24428,val_angry_000023,angry,val,train/angry/Training_15812721.jpg,08b70c744deb4a87208a24fdc07230adf4e8651101963746b3eb03e44a83c42d,train/angry/Training_15794224.jpg,f7518682210bbfe00bfa36378bcaae5cdf22dee9c8d696df540a9ee012b3b605,False,mediapipe_no_detection
24429,val_angry_000024,angry,val,train/angry/Training_16124846.jpg,1684067530de1798ae77b8f410fb8ab5f636122803903f475d1019afe9916505,train/angry/Training_16057513.jpg,93da165b42a9f3013e1650061bb4ec996e287d6646d8c2048db16281cb360310,False,mediapipe_no_detection
24458,val_angry_000053,angry,val,train/angry/Training_20835143.jpg,249cf412fbdf939669b043cde48b66fe26e86cdb77661bed83b56ad9af629a59,train/angry/Training_20682032.jpg,38676bfff39b16bfbf6e22bfe6b3e278f76b8c02b416fd8ef5c9e98aaa8900cc,False,mediapipe_no_detection
24474,val_angry_000069,angry,val,train/angry/Training_23314296.jpg,0b2c6c9a19e744faea3e18a58484839a6be7df5d9a58ec65cefe5bc91c02d801,train/angry/Training_23166676.jpg,2f4892df53f0d481336c15bf1505eda4bb07b5b5795f9e4679a25eec4aaec3f5,False,mediapipe_no_detection
24487,val_angry_000082,angry,val,train/angry/Training_25576729.jpg,be82ff3a012e88fd6e19b73899954186e5c07246d78d19f570bd1e707099d0ea,train/angry/Training_25283800.jpg,07bc2c71880e23355c0d26628bf0f586782d356c5d44b8d8ce2f2035d10ea32a,False,mediapipe_no_detection
24489,val_angry_000084,angry,val,train/angry/Training_25632745.jpg,d9caa4af432696713829a738d706822f9eb578e96de0a8f7ffd53646e9f55a98,train/angry/Training_25381827.jpg,9ad2b3de8ee7f16dea30c1d4c3fa0780add7e4254587ccf561711d2ae47e9066,False,mediapipe_no_detection
24503,val_angry_000098,angry,val,train/angry/Training_27071420.jpg,ea5ad322f710df43053b898cdbf9273312812f847b3f71f1c43a6a7fb2213282,train/angry/Training_26725211.jpg,6569a7b4919b2f6aa7842a48cefdbb149df9a571d00af2a667c1a2788b97ca7a,False,mediapipe_no_detection
24511,val_angry_000106,angry,val,train/angry/Training_28670157.jpg,0d1d852d54b10a6c84f9cfe16799fe3dab70a0a15465dd8b2c351e72c06936a9,train/angry/Training_28275568.jpg,068c11ea7d96a1e3407e914e0702aa3efdc472691dd0135ca7f99958ef733410,False,mediapipe_no_detection
24512,val_angry_000107,angry,val,train/angry/Training_28884269.jpg,4d8ff8e3e4f9c79472f0ca41c92413ed17161fc41c538acf2ac9db4e9315d03c,train/angry/Training_28408591.jpg,481271b6912f3824836e6348748df6ecbc9cc414d9bd6eef32ca8504986cd4d6,False,mediapipe_no_detection
24515,val_angry_000110,angry,val,train/angry/Training_29902276.jpg,56f1f266c93056a7865673ced6ab17be8a669bc933d06a288edfb91416dab867,train/angry/Training_29502116.jpg,a011d34cf3387ef0f0958e6275a5a468f81984c59fd9ababdcbf9678e02e2fe5,False,mediapipe_no_detection
24517,val_angry_000112,angry,val,train/angry/Training_30168361.jpg,d44cf9f88fc7d28093f3694471874d6b29d5d8ae61e3e10cf38df26b607ae685,train/angry/Training_29608170.jpg,3a7a6c065223b9babc11f1ecf1dd296b5b8d98294fb32fd62cad207ca735148a,False,mediapipe_no_detection
24527,val_angry_000122,angry,val,train/angry/Training_31929982.jpg,dda66df0e4d91e79b74396c46cae6abf6e370c6a1a69be6dd783a88b5ba4343e,train/angry/Training_3125398.jpg,93da165b42a9f3013e1650061bb4ec996e287d6646d8c2048db16281cb360310,False,mediapipe_no_detection
24533,val_angry_000128,angry,val,train/angry/Training_33837916.jpg,c56db5e88c8d080f376c82f97348dcb03a3e6e8a58b6aed47a461788602b3480,train/angry/Training_33105226.jpg,dc630d5c8e53fb35ff972cedabbb40a38d37c2d2ed1283bf127912176a8ecfcc,False,mediapipe_no_detection
24534,val_angry_000129,angry,val,train/angry/Training_33886229.jpg,5c1a2314b2b414d4ea38d56c40ea7ce16fe7554cf171534b8ffd46f69e4b90e0,train/angry/Training_33154045.jpg,b1b5c75905fde74bfa63a923c71e06e878e5433d954e300ba8dedc3b42c7ce0b,False,mediapipe_no_detection
24558,val_angry_000153,angry,val,train/angry/Training_36760136.jpg,0544dfebe05c538ccba89f055408571b21a5ef3b6759d5cb4ef841c474fdcdca,train/angry/Training_36229806.jpg,37432dacc5dc2ee3222ed7bf5969ded960ef45081e8cc4c030a2e7ca2eeef244,False,mediapipe_no_detection
24567,val_angry_000162,angry,val,train/angry/Training_37507551.jpg,57e3be83afe8fe9dad5e50480004520e152a5b4a4690ef3870ac5671076ce94c,train/angry/Training_36802920.jpg,1f45d5b009063307d9625e681f57a0369e1c98551edd3b8bdc0ce1c02c1ccfa5,False,mediapipe_no_detection
24584,val_angry_000179,angry,val,train/angry/Training_39736221.jpg,72b994453b8f1ddbe3b495c3fc6a0fe82013d7116541dcafeeb82173b936c254,train/angry/Training_38771608.jpg,297fdcdf8d4af82a709ba7b5fef56e0746dc50a10eb1b79c7c46f68779b5cbc5,False,mediapipe_no_detection
24587,val_angry_000182,angry,val,train/angry/Training_40052197.jpg,9491c39ce81748d55edd3597149bb45be297161091a9b9db9ceb3e4e6f57c44b,train/angry/Training_39006937.jpg,d1ff34f9edfd549cd29542cc0a2996ee95ffc09218b2975705a0392482ddf05f,False,mediapipe_no_detection
24593,val_angry_000188,angry,val,train/angry/Training_40708673.jpg,c6abc8bb5c99aadb300a13ac7fbe1ab910b27eb62a18eb37ced6f0eca48f510f,train/angry/Training_39537307.jpg,c42792da7e2b36ec489b1047cec6ee0f2e506188c397e77fd16564bd39151df4,False,mediapipe_no_detection
24608,val_angry_000203,angry,val,train/angry/Training_42742935.jpg,4e79b2e4a8dc9004ca8eedb6c5fd470f0bf05f8fb4c5e8fcbd26eba1d44cf031,train/angry/Training_41500619.jpg,b88d4847f2dccc2f3d35378cbb6bbb08769691669dadaddd654aae709b4746e4,False,mediapipe_no_detection
24632,val_angry_000227,angry,val,train/angry/Training_46696601.jpg,37f9a74280cb88029f3a8581bc4cc5c3f37019c8acffe57d72a0a927a49c5789,train/angry/Training_45374079.jpg,1936e7dd83c23d34a058c9ded6e3eb791e9d80fd13c4d832cf0a40a0f3480305,False,mediapipe_no_detection
24657,val_angry_000252,angry,val,train/angry/Training_51384231.jpg,c26bcfd145f5738272caea5ea620722e6d6df33be8db3844b1a9d0ef741264ce,train/angry/Training_50009737.jpg,4b91356168c964bc41a4bde45fb23f26f34b089e76d655c9f10354406fa96d30,False,mediapipe_no_detection
24670,val_angry_000265,angry,val,train/angry/Training_54016929.jpg,fffa125e51fb417007406d64f82642cc72fc5858136f79a7a885dcf83e77e8b2,train/angry/Training_52302776.jpg,59923fa2c2e64a2f2b771497ffd46311abdd094c024743cc1060d94a04daa9ea,False,mediapipe_no_detection
24680,val_angry_000275,angry,val,train/angry/Training_54890912.jpg,512823f0615396553ff4b614024834fce14f27e43e20314ddaf10965d7ccaa14,train/angry/Training_53937545.jpg,22abc108f58b9b3e66b00cfdeb2f430d467988da81a04e307d5ad338277da922,False,mediapipe_no_detection
24682,val_angry_000277,angry,val,train/angry/Training_55537382.jpg,7e9b6217e57586c51b4881dea0671ba6f6797e0d8a73515f5417193da586a0de,train/angry/Training_54091544.jpg,a91a767e5f442995925a2693827179063197011bba339771057ef4d1695073ae,False,mediapipe_no_detection
24697,val_angry_000292,angry,val,train/angry/Training_58050106.jpg,8a52f56e3b42fbcc338bba20ac221dfef538b695fac1c3d5b5ced2b2d56b0aca,train/angry/Training_5645946.jpg,0d2e412fc08959adcd471481e077dddf52946fdde9e76a4e21a8e13410dc8cf9,False,mediapipe_no_detection
24712,val_angry_000307,angry,val,train/angry/Training_60686335.jpg,99d6cbed6449292949cc29b3f923565c8b975e7a179c4d10b7062de6083525da,train/angry/Training_5915591.jpg,ea3b2fef1e2791ba1b63b3d40c3d6074f90110cf35a5e104cc001b24269554ff,False,mediapipe_no_detection
24716,val_angry_000311,angry,val,train/angry/Training_62362932.jpg,efb5c81681868184f0bc45995f0291fcbcfc1703c725463496192381d9ceb76f,train/angry/Training_59657547.jpg,6d3106ff19bc3d73b8e932b0b144bacb72ae6a7eeeb860848b69f26f565640df,False,mediapipe_no_detection
24717,val_angry_000312,angry,val,train/angry/Training_62364416.jpg,c17f6d7100a59a7edcc176ae2f4d2830c568329cfe9ff773e8beb5f45abdd714,train/angry/Training_59755019.jpg,a36a608be66861407d81de5f6904c90ca53b89b27fb5b8d9ff9dc74f63c20f0c,False,mediapipe_no_detection
24735,val_angry_000330,angry,val,train/angry/Training_64438769.jpg,b966c84d087dafeab56902bbeef9653551f09ac587b94f968e648487990b6571,train/angry/Training_62690402.jpg,87917f8a863c8fa4d6cc2443eae57b004998402861e871da9424f607f2db406b,False,mediapipe_no_detection
24738,val_angry_000333,angry,val,train/angry/Training_64756721.jpg,8104965adbce0c92c91d1cf598266130b2217e051a3277820096ed26a36991a6,train/angry/Training_62899427.jpg,e96568eb32f929ce80879b84cfb7c6e45c077f331ea5ecb2eedd51137a9f4f0e,False,mediapipe_no_detection
24743,val_angry_000338,angry,val,train/angry/Training_65046525.jpg,cf1bff220536b7806bfd1b9d4b535ddf181b5093ccc08e20a72da76c55cade00,train/angry/Training_63427092.jpg,8dd9b9c524eac2401058fde754fb4204475dc1843651b31a5843d98275db9f0d,False,mediapipe_no_detection
24751,val_angry_000346,angry,val,train/angry/Training_661131.jpg,d4404e84d3be1ab79ed70e3f19eba72d795b310eb301372a005fb3467711b350,train/angry/Training_64511466.jpg,6fe5053613ec14bf2e5e6cdb3ae7ded8a49b28779e430e4a0e9ec5b01189b540,False,mediapipe_no_detection
24756,val_angry_000351,angry,val,train/angry/Training_66532755.jpg,d23e543bcc72eb8106ce4aec48126ee44d72cece0c4503ed842ca71eb3f1852e,train/angry/Training_65020222.jpg,22ad0735dc91c5426eefa89863ecd5cbf01455067bd529ebb9eb78f6c7c524c6,False,mediapipe_no_detection
24757,val_angry_000352,angry,val,train/angry/Training_66839977.jpg,41aa3d890cf264b37199694a1937f4a10e369d21512e526adb7136054d75dae4,train/angry/Training_65046525.jpg,cf1bff220536b7806bfd1b9d4b535ddf181b5093ccc08e20a72da76c55cade00,False,mediapipe_no_detection
24758,val_angry_000353,angry,val,train/angry/Training_67175729.jpg,0eefaf93a9b863ff5ef0d90de7ad52c1b39151ea0373f027d93e0cce33f3e918,train/angry/Training_65116761.jpg,f5590755f887baa55209d1dfdceb5a6ea13fcb4e38840a393f7563309dad7f3a,False,mediapipe_no_detection
24780,val_angry_000375,angry,val,train/angry/Training_70244950.jpg,dc37f740fca87d74ed1e12c1365930d321cafdd23ff150e820985230b5d2a46d,train/angry/Training_68363401.jpg,14ebed474979d21645bd1a613b830f764071956638832c502d3f4830f6ff3a8d,False,mediapipe_no_detection
24790,val_angry_000385,angry,val,train/angry/Training_71386346.jpg,70f85e072ed110bc03bd3589bd393972b1add1ddb82a91774ce2c02838d7d686,train/angry/Training_69677538.jpg,df02af880c60fd232e2f622021ec380e8a68d2bf3f1a55c92170aa0b7dd503b9,False,mediapipe_no_detection
24821,val_angry_000416,angry,val,train/angry/Training_76750646.jpg,2cb87ad66ebc521b0a9b48da04abb1db97564774aa979cc524a46d5af67d6700,train/angry/Training_74201076.jpg,21300f5a08f5c9974205d8fb55ff7aeef1aff729fa73f368eb108e15a273fd5c,False,mediapipe_no_detection
24824,val_angry_000419,angry,val,train/angry/Training_77606011.jpg,f5062fd21574d273fdd89b26b845bb31cc4c83ed1550c8db0e3c6fc0f05e1277,train/angry/Training_74337661.jpg,6b36313490e8d8055524db1e3b927a720c9e1b49ed234b1eabcc267464f9d454,False,mediapipe_no_detection
24833,val_angry_000428,angry,val,train/angry/Training_79149482.jpg,d286184c336ce03e6cc58717ba1a3524159bee096287145f3a969efb09245c14,train/angry/Training_76437888.jpg,ba8bcc225b65d239278987f72bccf67df93567a7bb8c4a0ee72df020e55a796c,False,mediapipe_no_detection
24840,val_angry_000435,angry,val,train/angry/Training_79878112.jpg,fdab8a85728ce862e44adcd612c5f4f8d01471ba023ad3e17b27712016d71490,train/angry/Training_77892048.jpg,3c62f9201b706d428cbecb120d30bf7347e127e9f92a31c3817687c889be6aa2,False,mediapipe_no_detection
24859,val_angry_000454,angry,val,train/angry/Training_81458288.jpg,4864fdfc66f7e2340282cfe4531175bd63d509abb232582e9bf10afca057d027,train/angry/Training_79768506.jpg,8d6bd998663a45dbf430851b2062340fc9820e94139486e6374f3802a0d72bee,False,mediapipe_no_detection
24863,val_angry_000458,angry,val,train/angry/Training_81797278.jpg,a3dc1edaa22c028f6b0f401175c991d38775260b6ccb69bf379a51d95bbdcd49,train/angry/Training_8001493.jpg,276f1d11766a92338027654e8e33cd45f6c9d1114d9867e282768c403db62a70,False,mediapipe_no_detection
24877,val_angry_000472,angry,val,train/angry/Training_8343610.jpg,0d487c6e37ee9ed8ff04ac5d915d3169a4c1aafb85c8c0c5b4aaa4bdecbe18df,train/angry/Training_81590567.jpg,a0383f943319b09dae1a5afadcd0824a24f87868fd30e48119913b8bd5e1d2d4,False,mediapipe_no_detection
24878,val_angry_000473,angry,val,train/angry/Training_83913791.jpg,983e0f54271e69da5add9ce994270b869c319b7cacc444a0155a2ac5c35695b0,train/angry/Training_81698292.jpg,759befe3170581c62b303bd6bded1b364a22e362608dc6cc509b6e8bdfd04f7d,False,mediapipe_no_detection
24889,val_angry_000484,angry,val,train/angry/Training_85353164.jpg,f27c25a361a632173bcf937a8aedb827fe41505aac7215a33824f3836f6dcd8f,train/angry/Training_83428926.jpg,87b7eac0a282a9a40613f177053b1a48aa3c080bcce8941b4deb3ee3fb6bc1f8,False,mediapipe_no_detection
24896,val_angry_000491,angry,val,train/angry/Training_86318360.jpg,c1704f1ed87217a059253fec37c43f04b6e071b608b2df0e69231ab49a0fcecc,train/angry/Training_84260061.jpg,ccd92bfa0cdc6be00ff1ad7c571982f48af26913379026b9b9c4d5ad5cd0cb92,False,mediapipe_no_detection
24906,val_angry_000501,angry,val,train/angry/Training_87538785.jpg,447e84e7238660b628bb346380f67508c8c211c16ee618f13536c03a259a67f8,train/angry/Training_85291995.jpg,4bd8f750de6f3ad9945f20a802a2edc8ca5ad5e4b2ee838d2a02d284271214ba,False,mediapipe_no_detection
24924,val_angry_000519,angry,val,train/angry/Training_90798162.jpg,00ce38d497b8f5ed36ebf8797bd2d50f32039fb8679803eb41212171f085f79d,train/angry/Training_88617497.jpg,b0ff8db3b5978424b0b630e3690eabf708adf4df0e8d106fd3786e2a61b5ae1e,False,mediapipe_no_detection
24931,val_angry_000526,angry,val,train/angry/Training_91868621.jpg,dd6525443be1bbbf7cf2ff965abbc5c43c78babe01ff0ada52ce18d4da3d32b5,train/angry/Training_89962650.jpg,6da05d438e360f47a4b36f38a25fe7344869bf6265fb5edb5f9ae8b54a17a433,False,mediapipe_no_detection
24937,val_angry_000532,angry,val,train/angry/Training_92711299.jpg,d53c3ad3abec0e93f43cf14d35182407f6e71512d223169c076347298f014667,train/angry/Training_90282781.jpg,d50c287717f65ea75cfa2e586c4b6155e119c9d51fc9b3072855fca35e00997d,False,mediapipe_no_detection
24947,val_angry_000542,angry,val,train/angry/Training_94007493.jpg,8af1d54158e7db57d23ae66e41750ea11c50b9da72e0f5f1d98194a2d2d4e793,train/angry/Training_9155400.jpg,84d9fc70dfb9799f94a8e36c04dfca3c58b5e7b3d9e37778c66e94ceeff220df,False,mediapipe_no_detection
24959,val_angry_000554,angry,val,train/angry/Training_95428981.jpg,302ff9986b43b41f1af3b9b1662f15ae266a29b851a7d629ed743194ad4f796f,train/angry/Training_93511179.jpg,cd3ecc5360290bf623a0272944d00abfe33480cd63e0d108d7c7fc480eef98e4,False,mediapipe_no_detection
24970,val_angry_000565,angry,val,train/angry/Training_96885205.jpg,49df36412c29fc17d43f209d969ca4ec7dbe68a4ff94e0d6dac46799696f26db,train/angry/Training_94672988.jpg,cc201ef5860573bbb5b9f518c7598b79b7288c75476e083929e891ec47db98d4,False,mediapipe_no_detection
24971,val_angry_000566,angry,val,train/angry/Training_96969017.jpg,24db99278131c7437532a7a8f4e93194eb3de52b2fe2938792a8f768561926ab,train/angry/Training_94921622.jpg,37b74249fa1647ed97208d86d22f131fccb407cac1492a3c11fa430e89abefb2,False,mediapipe_no_detection
24975,val_angry_000570,angry,val,train/angry/Training_98565856.jpg,0ca926e1ee498c07a46c90be4e0220e553bd6eab84d55728f9ad64a3de7ecef0,train/angry/Training_95564859.jpg,2d9d4d1c72781972509fdf69c16406a55630014e8d3840a2a0b0605c12a767c3,False,mediapipe_no_detection
25020,val_disgust_000016,disgust,val,train/disgust/Training_33580687.jpg,9ba2a596194108e0bd750234d024c00ba68eaeeb3af96970a517998fee476fd7,train/disgust/Training_31108028.jpg,901ea43f65e2736e034293bc290a4c9fa1de5ff4a8ed662a7bf09412105ef827,False,mediapipe_no_detection
25022,val_disgust_000018,disgust,val,train/disgust/Training_33869302.jpg,84a9ccb2dfec56f9ace66c400471feb471e77d5e5eb424c3ece4b63bbe94283e,train/disgust/Training_31710630.jpg,f124df35b84a5702a2b28abf227c4e067015e401893f233e6fd334d3712097fb,False,mediapipe_no_detection
25041,val_disgust_000037,disgust,val,train/disgust/Training_63987627.jpg,e13f62af007efcc74a9f587388d28c13e059d4c7fe15a09729f5da0b61cc28e5,train/disgust/Training_59111726.jpg,77bf9597aa978ce0c396d56c58a169eb78fa0166b2a54d74628a496ad50b1547,False,mediapipe_no_detection
25058,val_disgust_000054,disgust,val,train/disgust/Training_97690817.jpg,0dae0152184f39d5ead37358185abe7298a930506c24d0ab19fed1afd26ce986,train/disgust/Training_82237730.jpg,272c92751173602c613c5907100f8151235f967e3b53000be7e2edf56bbb3dd9,False,mediapipe_no_detection
25074,val_fear_000005,fear,val,train/fear/Training_10662291.jpg,fdda6bd67248537c08eebff63ca5291aa9a6a07081aa4f0b727622ecaa5f716e,train/fear/Training_10662098.jpg,a0cc9eb6f34b46f31416fdd2955eb90269fa3e7088d887a6f137b05244ca1734,False,mediapipe_no_detection
25083,val_fear_000014,fear,val,train/fear/Training_12246633.jpg,b74f6af5c4dfc75c8e4ee815284e224a44eb285b13accbf9fd4cee8c7669360e,train/fear/Training_1217122.jpg,8ca63965aa51cb78a678cd875ea7cb5d94f0cf76aaae4628e3ee379630cd455a,False,mediapipe_no_detection
25095,val_fear_000026,fear,val,train/fear/Training_13503828.jpg,52b74c4def66569384dde8fa069005837769b8c2d37103b018fcef13b3d2dadc,train/fear/Training_13403342.jpg,f98848ad81a6f55a2eef583ecd735a4af381705677eafdb738fa2c7f67fb0837,False,mediapipe_no_detection
25101,val_fear_000032,fear,val,train/fear/Training_14890528.jpg,507f2e4338768a3e6d36eb2d422d033ffe2772dcb93d500b88fa3fb3bde03043,train/fear/Training_14675828.jpg,542285231871fe591518033afa6fcfa9b3fde3ca410c4f99bf7f1dfa951d3a20,False,mediapipe_no_detection
25113,val_fear_000044,fear,val,train/fear/Training_16833862.jpg,4f3252e450aa492e4a1787b22fbb4ee9fde41131803b958102804bcc8215fa01,train/fear/Training_16615276.jpg,75293ebdf6d4aaa55f2eee7bdc11b14137cfec1701881ace3f8f063897ff47de,False,mediapipe_no_detection
25115,val_fear_000046,fear,val,train/fear/Training_1715838.jpg,18d4b47a254aa43f9319ac46b22342ed231e2ce666276769f3d91b03d03297c3,train/fear/Training_17086774.jpg,5ef1e886240c8d7c1ff868d69d3e87f2b527e70b2c34cecc2d7b8f84ead89741,False,mediapipe_no_detection
25124,val_fear_000055,fear,val,train/fear/Training_18425299.jpg,a504d947be4adccdfcb493eb1d69950e8a6b232913734c3f6a630e59f99f782f,train/fear/Training_18246578.jpg,c3ed95e12f40315b3cb24e1e0a85cc58321f033a1fcda4ec698620efebce2772,False,mediapipe_no_detection
25140,val_fear_000071,fear,val,train/fear/Training_19887484.jpg,b43745f72d53f90d2408cbbf9ac299c8c8d66fd8c1b8519e374967f9a954fef4,train/fear/Training_19737049.jpg,e495463c7b94a9fac7a6e1e57952adbfef84225e54f3de9aba627daf5565e573,False,mediapipe_no_detection
25143,val_fear_000074,fear,val,train/fear/Training_20127212.jpg,0623a8d990339e482bf6ce450f0c03892cdbda4b6c4be29cdf61178437a69e45,train/fear/Training_19876116.jpg,8a462e561a846413c57e9c5b7ce53f9284c47dc222a1b187758e8a7200045dd2,False,mediapipe_no_detection
25181,val_fear_000112,fear,val,train/fear/Training_26287506.jpg,ae8c518657cfb01fe3d5b1306d4fd102a2281f1592f804d0366de947232b16af,train/fear/Training_25575090.jpg,18be173123530e947bcdb010c2241464acdac4ca94830d41f171b6416c45fa31,False,mediapipe_no_detection
25191,val_fear_000122,fear,val,train/fear/Training_27067481.jpg,f8c826f191e4f12958b9cc388506f2242bf986fef474f8123b615c39abdfb0d3,train/fear/Training_26324211.jpg,a79fa4456aff224aa6f5ff1570efce8eaa92fca0f2feec32f46f8d6d39521c7e,False,mediapipe_no_detection
25194,val_fear_000125,fear,val,train/fear/Training_27352185.jpg,72b5c9aad710b7ab33ed70831ef42d583d7eb643f1104016d4e8fe6e374ff894,train/fear/Training_26579400.jpg,d9a68fff6dc8b871a55d3d259d2ef3ec31fe9dda59ad6fad6d2ef3cabb97663a,False,mediapipe_no_detection
25198,val_fear_000129,fear,val,train/fear/Training_28100787.jpg,485a2253bc6b7bced99658d4912bfdfbbe5a8ca071e29af3dcbfbc04f7b79666,train/fear/Training_26928051.jpg,0c7d0d803a2a70cc98a845c1a9fb0fd9c77fbde88271b84c55fa1d7af932fbf3,False,mediapipe_no_detection
25209,val_fear_000140,fear,val,train/fear/Training_29705778.jpg,979110a4ee981758da0a1b978bce2bfa56fd57ede1a7bd512db0f51f49a43b94,train/fear/Training_28729158.jpg,b60b843a1c879e18627e56f3ee9cfdcf4c56e532c0a4113c6f9d03524eda5911,False,mediapipe_no_detection
25216,val_fear_000147,fear,val,train/fear/Training_30845774.jpg,83a19cb5475a2a18a1bb8241a6b5202fda82625291164e3193e76f52c932afd8,train/fear/Training_29860606.jpg,53ef5ffdefb38cf107b98296ee8e0a5f827fd6887588e065dabce5592443fa93,False,mediapipe_no_detection
25263,val_fear_000194,fear,val,train/fear/Training_39282173.jpg,a29d26ea7d49750c00c80222168c0c38b87ee07e3b600add58addfe1c87b004a,train/fear/Training_3729457.jpg,dc579c1b8bd0ab182eccb5b3f7aa13b88a7b361e6e06730c4bd47379bd51f19b,False,mediapipe_no_detection
25264,val_fear_000195,fear,val,train/fear/Training_39360062.jpg,a6b0a14ac63dc3fcf520c51a00ea2207b02652df43960edcf75a03f117f85e5b,train/fear/Training_3766457.jpg,363b4b10902e22f34a81ba761f20f656d18460397d61c0a59db772944f92fb00,False,mediapipe_no_detection
25269,val_fear_000200,fear,val,train/fear/Training_40238410.jpg,31d5fab1eb395c7f8f0b8a1b539be7010ca94b7e0a9790f37815b0e011623e39,train/fear/Training_3816810.jpg,f908655f0c449eff8bec641f811eb487eb754f54ee3a735d42503e74b9e0463f,False,mediapipe_no_detection
25284,val_fear_000215,fear,val,train/fear/Training_42935360.jpg,4ad054bb930047c99c48c6486157f28e830331096f8e23b2cd2608f69da8582d,train/fear/Training_41096941.jpg,b7f5617796a96d3c4b8f579452070efc067de2dc6984a59fba3d9dabe4b3661a,False,mediapipe_no_detection
25303,val_fear_000234,fear,val,train/fear/Training_45268022.jpg,27789579f40075cca8ce01c6e7d82ca87fc8d9eb779b52ae49ee8ec8a15e959b,train/fear/Training_43305518.jpg,efd0c6b4a2578c810637fd4c26cd603fdef6e33deb435526ba24e2a36079ec60,False,mediapipe_no_detection
25310,val_fear_000241,fear,val,train/fear/Training_46626227.jpg,080d835ffe856c7cd65e9ffc357d6832f9683d9cf396170a7528d29014feb27d,train/fear/Training_4393815.jpg,de147547bbd45773c917d884b00c578eb212c508ca15e134302f2ec8721f3cb6,False,mediapipe_no_detection
25315,val_fear_000246,fear,val,train/fear/Training_46986960.jpg,63c7a68c6c819132d9fa3f2ca944538cc4174c7436909169c08436167e6e0fae,train/fear/Training_45234687.jpg,d6fd7f8cf4123a5c517d38d2a6ab72ae9969207969e63c3e4998e8608f9ad6e6,False,mediapipe_no_detection
25319,val_fear_000250,fear,val,train/fear/Training_48182409.jpg,83a19cb5475a2a18a1bb8241a6b5202fda82625291164e3193e76f52c932afd8,train/fear/Training_45649512.jpg,7261d88a53029fab8508866e0f052bb5275ccf873d1e7793a0744e3e08452e27,False,mediapipe_no_detection
25342,val_fear_000273,fear,val,train/fear/Training_51821307.jpg,69757dd206b4df65d7ca1673d6529ff283dfa5e6c32f3c5d822a0978b6224376,train/fear/Training_49137381.jpg,fcfcf51b8dc19afc7b2cecde9874759c12a783fc5627cc6fa3c78ecac3620f32,False,mediapipe_no_detection
25352,val_fear_000283,fear,val,train/fear/Training_53337451.jpg,ebe9db22a986efa0b51e9fc393600781db343a9bf701afabb6e03811de4080c4,train/fear/Training_50417931.jpg,7a8192b5462f5a2a1f3e061d80453c054e3821bcb0b6582fd7f685fab1241c97,False,mediapipe_no_detection
25375,val_fear_000306,fear,val,train/fear/Training_56966431.jpg,9d4d3b76fbcf0b12c53ace1d3f9bc15e6cebb29b1f6a5c325484c9a709a1d6eb,train/fear/Training_55402774.jpg,efd0c6b4a2578c810637fd4c26cd603fdef6e33deb435526ba24e2a36079ec60,False,mediapipe_no_detection
25396,val_fear_000327,fear,val,train/fear/Training_60470081.jpg,3add214748497af5f4f3914809addb2e88a239328fa7af8fdf0e7534303ae92d,train/fear/Training_56755398.jpg,004062c32ec78eb458b59b024deffebbc4dfe9740e071c1081cd37dc62c0ebcf,False,mediapipe_no_detection
25411,val_fear_000342,fear,val,train/fear/Training_63083301.jpg,1cb7c281ebeb9f5cdbdea3a5a18190dc6181acc04411ba058571054963032595,train/fear/Training_59994911.jpg,40979a20f60f4d132b03cd2137df96fc3f7dcbaca38b6f1920b8e68b3f46f798,False,mediapipe_no_detection
25413,val_fear_000344,fear,val,train/fear/Training_63427703.jpg,4245b920fe8c13822386d839b65bce65a32a63b6fdd5c4f934163e4d593f6c73,train/fear/Training_60393747.jpg,cecea87aca0777909292fde6e33822545b1e9fc03582cdfc21ed87f48dd4dcba,False,mediapipe_no_detection
25445,val_fear_000376,fear,val,train/fear/Training_67522276.jpg,fdf85799f428bfe10c6d9fff2c555820f10f566cd8132b1c6bd0497cd304cb9d,train/fear/Training_64796431.jpg,dff2c4279e6004dcdcd07d303be73797605bd5b055c6303c5d83996f15fc74df,False,mediapipe_no_detection
25461,val_fear_000392,fear,val,train/fear/Training_69946449.jpg,85df66865cb9713a9bca6657e0795790cb76252421e195fd03c8eae88baa18d7,train/fear/Training_67370793.jpg,e27f07fc3ad539d390d08e1fe3bccb172b4feb288447ec6fe06c1f42461a7789,False,mediapipe_no_detection
25467,val_fear_000398,fear,val,train/fear/Training_70682430.jpg,fcc56ed1b1b355787aa8e6b8538c12df5c440d0e70163726f8f10e8e76c54aac,train/fear/Training_68008375.jpg,09af7a16d1a223e72cbe3ce2a1dfa122e9dd691437c7969c534307907a92fc9a,False,mediapipe_no_detection
25489,val_fear_000420,fear,val,train/fear/Training_74777829.jpg,242c2246b5c47de2a771d5c88df59fde50b901b8a23fa2287f7762c86c5e28a0,train/fear/Training_71243139.jpg,45e1da2c9969cb379eabf4a2f0e0ee21100bd55b86ac47c4ccc5b2bba089a777,False,mediapipe_no_detection
25494,val_fear_000425,fear,val,train/fear/Training_76262205.jpg,bb3f8bdfc69391855620d29011dbe6253b2a73123b2306b66dc32e5fe99d9269,train/fear/Training_72215905.jpg,023aaee209e39d03264dc09d081bbaae3f200d136986c85851d395b2101353e1,False,mediapipe_no_detection
25497,val_fear_000428,fear,val,train/fear/Training_76434625.jpg,c450c8ddad107f1297ab29bc9f94a808dd4e934ef64483271ca736262c003ca0,train/fear/Training_72838252.jpg,af1298d8535029081da9b0ddd57b8676209fef065beca78c3fe7c44b1426cb7b,False,mediapipe_no_detection
25517,val_fear_000448,fear,val,train/fear/Training_78847084.jpg,7eca330029145d9c2be044188fe21db1f52089ce1c885d8d394814f07fc9af7e,train/fear/Training_76426244.jpg,a52556405fbccf7ae4a0bc60d83e7a3c70a29e23c8b378b0df8b2856e39ab4bb,False,mediapipe_no_detection
25543,val_fear_000474,fear,val,train/fear/Training_83157015.jpg,1d7d442dd19dcb981d45fb08da6790c4932a557292299b8e505965c8465eaa1f,train/fear/Training_79299936.jpg,b7533b197cdcdf6948f07eec7d6c2b3926832f6ced23eecae9760f351aabe7b8,False,mediapipe_no_detection
25550,val_fear_000481,fear,val,train/fear/Training_83860097.jpg,11aa6df00c13838dbaf916cbe70d7df29a177c4572a749bbf974332f15a0aa7a,train/fear/Training_8061525.jpg,c15d52e55eb2499638feb6a4bc5a4917260ec0a75c4da4523306210e9950dde0,False,mediapipe_no_detection
25555,val_fear_000486,fear,val,train/fear/Training_84955186.jpg,694c335c26031bd3de02302f90bea2bfc567d218518a9ad1977bdf58ce7969c2,train/fear/Training_80997415.jpg,b52f575df7a0a4f8b19c8e8e13c3ab398fac9ffb8d02b27804639418201607b1,False,mediapipe_no_detection
25566,val_fear_000497,fear,val,train/fear/Training_86323976.jpg,0a03636cc72dff9827bc0ff260003c546bc5953f1ade8d2c8109fd2af1373169,train/fear/Training_83312568.jpg,df413d4c52f00315337471a8c62db774b39b34f9b3a198847e3c604c2e0760ba,False,mediapipe_no_detection
25571,val_fear_000502,fear,val,train/fear/Training_87029979.jpg,1595fb670411332c1b9871d859b1b80ff9a81448ad8fd25b762121d2d1bc15c5,train/fear/Training_84001711.jpg,da607d6826c565f36251d0c8c79f3ab27586261d8fa687d7f0a7fd2ca7b2c519,False,mediapipe_no_detection
25577,val_fear_000508,fear,val,train/fear/Training_88052893.jpg,25c49a9a5b265fcf04799cefd31c4662f6748bf34269120fee528d3753ea3504,train/fear/Training_84955186.jpg,694c335c26031bd3de02302f90bea2bfc567d218518a9ad1977bdf58ce7969c2,False,mediapipe_no_detection
25581,val_fear_000512,fear,val,train/fear/Training_88647115.jpg,2eb998a89be7366eab5581da9e0c44d8ec102f2a0efb57df74ba0b305d1ac0b0,train/fear/Training_85238058.jpg,557c479ea1b89be784f3dc200d4449af389bf55ed573cfc282dcfda7e8001b29,False,mediapipe_no_detection
25604,val_fear_000535,fear,val,train/fear/Training_92579050.jpg,5084616e643dacf8d2ab00238ecd65500ee89ce2f09b245ba45c65009b33742a,train/fear/Training_89123510.jpg,e444f3fa0cc50b841aceb7e3da6ef2d5b5ae5c3fb56e1509cf3fc8929adb1474,False,mediapipe_no_detection
25623,val_fear_000554,fear,val,train/fear/Training_94963576.jpg,a230135c45109299ca03ff28748c26d123a4071fe8de1966c8331ffaab9daa1d,train/fear/Training_92076632.jpg,5f51840fde4846416c7b99c034b9dec0e6e4d6b17b2a7fc81f31e2a5c76321eb,False,mediapipe_no_detection
25641,val_fear_000572,fear,val,train/fear/Training_97075495.jpg,faf63293ed6046ff6b46557e2d8de3e06824a5fe78d819319ce5f85019237d1f,train/fear/Training_94596078.jpg,e913be7d248888c2f43e4d16828735d83968cff5809543316c5609b2fc23ee3d,False,mediapipe_no_detection
25645,val_fear_000576,fear,val,train/fear/Training_97988012.jpg,4e8540f58b82690007f64280e9351ca13b3b29d71bf80065088b4202fb836478,train/fear/Training_94756828.jpg,a7482f7ddbdcf4ea6e37d38b37b3f94addfd2a59c39d9f12d9467739906af9cd,False,mediapipe_no_detection
25646,val_fear_000577,fear,val,train/fear/Training_98046368.jpg,673335752d1834400f8ea4b9b9c95026ec82863292f2ff14a8b4c391ea3b27a7,train/fear/Training_94798334.jpg,79380c72a42a428748cdd96a6576bc1f686d58ac57a65458e018cd88b1f62be1,False,mediapipe_no_detection
25658,val_fear_000589,fear,val,train/fear/Training_99283084.jpg,85a73646ee0ec603d921bb1184617e257b7e53d8939ed723746fc5951e0ddd65,train/fear/Training_96702603.jpg,22860e83dc4d851eadaf0e29c9ec97ca49d3d5c4a6b9418c53857ef7721b0f8b,False,mediapipe_no_detection
25762,val_happy_000079,happy,val,train/happy/Training_16020643.jpg,96133494d1ebdb130516c897d604991c9fde4e0c6a01249b9c3fd866018d6ba5,train/happy/Training_16000295.jpg,40d8885411a2d334791212c5749039eccef6acdd4ddd95d2822e398c67b408f6,False,mediapipe_no_detection
25804,val_happy_000121,happy,val,train/happy/Training_19336083.jpg,bc2ccdcdb9d42f714f38b0b2ba25a0d205e6e9c986e5417fcc10d3fb075e2393,train/happy/Training_19441677.jpg,02f1925bc63828d1a2b36b844e12c348cc7767b1beaaffbc1c25581046d935bd,False,mediapipe_no_detection
25840,val_happy_000157,happy,val,train/happy/Training_21800224.jpg,8583a1850d3633e35003091d45bf600e5b2479cbf1a0677c5c01a927f710abad,train/happy/Training_21805240.jpg,b16617f5d3853497493bf7f3a6ef18a93a9a1ef5fda8d024c10e8b9ac48cef2c,False,mediapipe_no_detection
25860,val_happy_000177,happy,val,train/happy/Training_23066004.jpg,2eb46684ae3aee41cb362cb137957f30f000388168e8fbe862f88d8477280548,train/happy/Training_23066004.jpg,2eb46684ae3aee41cb362cb137957f30f000388168e8fbe862f88d8477280548,False,mediapipe_no_detection
25883,val_happy_000200,happy,val,train/happy/Training_24908977.jpg,39c607646d06e3706123d7db8898c1d2865292c95c4dc2e66df5c28362aa4e43,train/happy/Training_24844708.jpg,085ab57f915c638834d3433dec8f15c73aa072d579022c8a231cf5c00ef02659,False,mediapipe_no_detection
25900,val_happy_000217,happy,val,train/happy/Training_2578107.jpg,239776dfe5b3e577f2c80b7421d04d325f53b16c9f5c685b9338549bc602fb1e,train/happy/Training_25740574.jpg,1fe3db5738590c6680492cdf4f9a231495f91bccb8b332b0d44848f9dbc7e53c,False,mediapipe_no_detection
25906,val_happy_000223,happy,val,train/happy/Training_26297311.jpg,362260363840b3365e365af2f97816d0a11a2ddf97a8c3cf5502e7eab8648f47,train/happy/Training_26384574.jpg,69269be97229c4e72830cc2bcadbefd1cfadb88c96a688f4a99ab347438c8f02,False,mediapipe_no_detection
25919,val_happy_000236,happy,val,train/happy/Training_27957187.jpg,c51bf18cf32241654c4287494afa13a04234253eafa48130198dd5f267e86e35,train/happy/Training_27927628.jpg,89aee70892ea8fcad73bf6868bc56fa017d55569709ee6e0610400af71dd0580,False,mediapipe_no_detection
25999,val_happy_000316,happy,val,train/happy/Training_36659990.jpg,14fcde9fc25c2f23fa3fbeef95738f3f08bc84163cce706bcf04a3e4861e2e38,train/happy/Training_36519995.jpg,a21abb4696d2445f70e850aa99e1b5751a5306d3786b63a6c5bf8d937b84ee03,False,mediapipe_no_detection
26003,val_happy_000320,happy,val,train/happy/Training_36964629.jpg,024cd223e3fb59b9dfc1b285e125ede2b54ea3b9d6cb7e697e661535d3b4b7b6,train/happy/Training_36781754.jpg,f42e9aed01313acae89487d6208dfda9941325ee93b1554bd8eeabebae66abd4,False,mediapipe_no_detection
26032,val_happy_000349,happy,val,train/happy/Training_3954538.jpg,e6b9f2d13844bbee3cfc8b7086b47dea64b570b4273866a9544f4bc6d28eed42,train/happy/Training_39365965.jpg,2b405e11b983795bc0e8b9b4c087e38ae30ed158b0d4026bab9ab3a9d65a7be8,False,mediapipe_no_detection
26113,val_happy_000430,happy,val,train/happy/Training_46371334.jpg,13a79b454b1f471cd5c43ca31aa7aa1e08e3e06d2b6804255b1abed0093d335b,train/happy/Training_46171710.jpg,7ad6021d5c710ad956a3358794d44a79402496c3441af837f2e8b7962cfeecde,False,mediapipe_no_detection
26143,val_happy_000460,happy,val,train/happy/Training_49173213.jpg,94ce990cc80ca8ef10475a00e9ffeb7f605dc85b8fa0e64bc50535445720a547,train/happy/Training_48865541.jpg,d107a0035d283b32433609d91986a95b3ecfc46aae0d32a0be977ca5f6af0da2,False,mediapipe_no_detection
26186,val_happy_000503,happy,val,train/happy/Training_53411284.jpg,3b824273fe96c1377f3b9764587adcef3ec3a94b528df241ed3f29785493c969,train/happy/Training_52542210.jpg,4fce84717fd6160593f0f67ff0f2fccdacec6b1efec1f0f8697bfc7d8ffb1e4f,False,mediapipe_no_detection
26205,val_happy_000522,happy,val,train/happy/Training_54975152.jpg,36385f9ae384c932e308188621815149a278491c3f2a5bb8195aeb3aeb62e285,train/happy/Training_54153391.jpg,e3c6dec328e67068a58bf3c5b3a196a22423cfc131ab7f7f6144e6582655038b,False,mediapipe_no_detection
26226,val_happy_000543,happy,val,train/happy/Training_56742561.jpg,0769034d651a71b2ec2a6848be64e9eff038a81500d1bf3fde3d6524df0acbc5,train/happy/Training_5626166.jpg,668161f0d8d90611293ba066a82d2f068e8aeb9ef4d3c3af57786c3b9ca2953d,False,mediapipe_no_detection
26232,val_happy_000549,happy,val,train/happy/Training_57401579.jpg,0168d0a6e97c9e19f5fb6a567f9ca1e672bc6ddfe074476a98510c5300db65cf,train/happy/Training_5665899.jpg,162ef58d6ece7bb2c1f66c62a4198aedac1049f1707213ae1f03f76dcc722e78,False,mediapipe_no_detection
26241,val_happy_000558,happy,val,train/happy/Training_58279318.jpg,939a6820d9a6c5e00fd78f243d726e35ac570585b5b4f91dd5cd8f252b857b23,train/happy/Training_57811831.jpg,ef07e842370e45364f6d6ceaa9f795adea7b9d8f5e7a58f7f4b800fd36df21f3,False,mediapipe_no_detection
26262,val_happy_000579,happy,val,train/happy/Training_59757551.jpg,f0943134a63bba7449b09c0138d61316695b4100b240e4b122c8776dbc2d295f,train/happy/Training_59321714.jpg,57166c15fcf0cecde78a7574ef1442e463d2ea4622c7d4c9a0e023919a50f2f2,False,mediapipe_no_detection
26300,val_happy_000617,happy,val,train/happy/Training_62776483.jpg,8e1c711cee64f945c899bd940bbc92e2603bdf3735dd8e5051cb7259e9c8af88,train/happy/Training_62231267.jpg,539abbeb6a8e48d10b0898ad35c8cf1f5f7df59b487f7e7551ccda81a8ff9fd8,False,mediapipe_no_detection
26380,val_happy_000697,happy,val,train/happy/Training_69283614.jpg,944282eee97fd630d3766811f431c4a88d5813743efd0a98c6d6330b6e3baf70,train/happy/Training_6902246.jpg,a0afbe294f2ea8983494b72218aa25080e2035afa37c3457b80903dd1ad03262,False,mediapipe_no_detection
26386,val_happy_000703,happy,val,train/happy/Training_69831712.jpg,c9d3e36f71b204d38044090c2d52ec826ea434057d3f03d4dfa6b5e8cd5a9d87,train/happy/Training_69435045.jpg,b8bdf5387390aa2174613051fabc096497435ec36114c32f4a5dc16ab8d76a63,False,mediapipe_no_detection
26485,val_happy_000802,happy,val,train/happy/Training_77377346.jpg,3853e2b45187e39fa9b2a913ad4b3605b029014dd4dce51a05502b999d8ba53b,train/happy/Training_76912467.jpg,0ced3a6c046fe27b9eed26584b226213f4651ea34603c0759f8928852aa32717,False,mediapipe_no_detection
26499,val_happy_000816,happy,val,train/happy/Training_78350104.jpg,84bed7e8dd45b1158123b0f15c8c83fc9a405b971bb616a747a55d4335fd4c6a,train/happy/Training_77878479.jpg,db18b1ad03708fe4e34f99db4489f75366ca8faafb8a305bd9c21e76c2015a6e,False,mediapipe_no_detection
26509,val_happy_000826,happy,val,train/happy/Training_79192940.jpg,217d5af2b8cf2c511751bf240193eb5486ec4d83a14bd43fb4d27325a0e0038e,train/happy/Training_78618955.jpg,737313753d7d1ca8df0696ecc2b2b0401b237c5c44950187f97471e2aec58d88,False,mediapipe_no_detection
26515,val_happy_000832,happy,val,train/happy/Training_79942427.jpg,d11b958c067830bb6be7d76991e3388553dd282a8b8d14f3f22188988c42b33a,train/happy/Training_79433277.jpg,74824e5094d753ff2413f77960a8481990e8e13bdb2e4c0e8b68fc1b4e21a2e2,False,mediapipe_no_detection
26522,val_happy_000839,happy,val,train/happy/Training_80194119.jpg,c2258cfa0d38dd86742b358c1b8e0982b7c03dca9a2f076d790be2f82e11bbdc,train/happy/Training_79776705.jpg,d2d0604942c5e71b5c68d678460546112fcea6caace3a6c0a2378d4f18cefc38,False,mediapipe_no_detection
26610,val_happy_000927,happy,val,train/happy/Training_88469786.jpg,c7355ba51e1d8848249102f9b682204d5031b834d718d3e792ce5d7ce07f40f4,train/happy/Training_88256595.jpg,6a4889dea038901b23438ed3f1b1ee96d3fd202c52962bd8101402e63a51f779,False,mediapipe_no_detection
26651,val_happy_000968,happy,val,train/happy/Training_92451291.jpg,dd39a7034dcb290b99583f9fb4afd5b20f7c1cb2790e4a871b16dbe9abdd9223,train/happy/Training_92102765.jpg,ff774ccadb7cad14264e672a8ac4c55aceabd7e22ff02127a7a83283f7d9f0a6,False,mediapipe_no_detection
26657,val_happy_000974,happy,val,train/happy/Training_92805896.jpg,7085b8f752e83e1c80f20a3e16239ca96bec64a04c7a7f837d63d5ede886a4f7,train/happy/Training_92401152.jpg,330543277bbd8f60ec2fc7a3c47f066b24b3c6345efd8b515802c6518b846de1,False,mediapipe_no_detection
26669,val_happy_000986,happy,val,train/happy/Training_93472265.jpg,80c6a0a5896de43f230193bc1879248dd12efa8c481988943de83149d042443d,train/happy/Training_93197270.jpg,9b6457a3b2076ab940be402c356d7070906e965ed4dc3a92fb635f3da1083ef5,False,mediapipe_no_detection
26684,val_happy_001001,happy,val,train/happy/Training_94734407.jpg,ce6a0d2e76b7981f363184a9169f7cae6124e5687c912c2c672e74d92da83615,train/happy/Training_94085220.jpg,f2b903c4289f2c7d6237cf8305512245833c21c011a0f00b25fe25f9a3bd4426,False,mediapipe_no_detection
26689,val_happy_001006,happy,val,train/happy/Training_94980888.jpg,42c717751591f2bcda083558b00dabf4b2bc47efe3080a54f827a502dbc741f9,train/happy/Training_9435629.jpg,9f586cdb641625cde4dd21500e314c0699e3f3fa1468dd63d33fa15932fb7d38,False,mediapipe_no_detection
26703,val_happy_001020,happy,val,train/happy/Training_9563722.jpg,da7536bd7296b165eba3f066a64383a4fcab226b7baa02d612eb21ae52253991,train/happy/Training_95235943.jpg,86d018f323ead47ee24de7579abe6c2fe06799b03765104effdffcc3765cdd1b,False,mediapipe_no_detection
26734,val_happy_001051,happy,val,train/happy/Training_9814410.jpg,cfa7e7c61dab5dd63a2bf82e289021db991abf6b4e7248780b4cd9b81a33363c,train/happy/Training_97522289.jpg,043a2cfeae6fcd012527c76bd3d0077cfc026e2fe42494bc903f445f0ba889b9,False,mediapipe_no_detection
26738,val_happy_001055,happy,val,train/happy/Training_9851018.jpg,e495bc44dc7203268e70209a0a1d47d53bff4e2ffd8d8d7251c424186c57f251,train/happy/Training_97910203.jpg,e1314a43432c1830f397a0db242eb7795d5537fffc2f83f488bcd1e37df0a06d,False,mediapipe_no_detection
26746,val_happy_001063,happy,val,train/happy/Training_99032564.jpg,3a11a06be3bc5026858de3b61acb4ac8159277e2fcc4b3af5d96d86426a4d1f7,train/happy/Training_98510530.jpg,1ca56440f6065eb9175dbaf0d9cf82e12263da80569ace5d2729267983b5db00,False,mediapipe_no_detection
26847,val_neutral_000082,neutral,val,train/neutral/Training_18743614.jpg,028bbce1a29845c779df5431ed6a3f311b2210c47a2363072c1554b55e68f9f1,train/neutral/Training_18711487.jpg,7a1270945529861769526a66d034f42e6d9739ef78feba8824a2df191de3228c,False,mediapipe_no_detection
26848,val_neutral_000083,neutral,val,train/neutral/Training_18758358.jpg,2540e8fbdc41cfab8b624ad82b9f7297e7e4272d9c0e41b559c472ea310b939a,train/neutral/Training_18739078.jpg,71bb08d6f30ceee59219e473aeb0c585f29b82cc4d5e9a00d73a9832f8bc19c3,False,mediapipe_no_detection
26862,val_neutral_000097,neutral,val,train/neutral/Training_20141602.jpg,39b31d532378c31ba8c425202d5240d23fd4b7d2856edff06e643840a9ea953c,train/neutral/Training_20118041.jpg,b38754e8026df4c215d9c3befc941ecf1d661dbc9cd4ebafc5f277f36a696672,False,mediapipe_no_detection
26927,val_neutral_000162,neutral,val,train/neutral/Training_2821982.jpg,f363afeaa1b2c48b3981190717aa785ba64167dd27d6578cf67046e1ebfc38ad,train/neutral/Training_28095627.jpg,fcbd822d7c4fa343c4f658236f279fdf10e9b10994514ab1a7df51729f76bef7,False,mediapipe_no_detection
26939,val_neutral_000174,neutral,val,train/neutral/Training_29670953.jpg,b6fe3ecb21569cc4b35a282c013d139c403908754146ea4286e85540b5b8e413,train/neutral/Training_29594818.jpg,5148ac99c893ada22ee1579024e721d2a3099b736a1f7eb563e025ee169d74b7,False,mediapipe_no_detection
26942,val_neutral_000177,neutral,val,train/neutral/Training_30257462.jpg,33a55af3c4fec839e96cbd06e706f84ad3c22aeb3303367dce8910766a467fbc,train/neutral/Training_30114749.jpg,7b7fb0c1f951032d8f4355c7c3e8d1fcce092704a06499398e27b9b4d52d3e69,False,mediapipe_no_detection
26972,val_neutral_000207,neutral,val,train/neutral/Training_33948195.jpg,6f0b0ec803187cd36ed4e843ca4f6d133c8448e336d2491bb3e7f9ce8c3f39a1,train/neutral/Training_33654792.jpg,bc655174434c046f33f8da2e6df168488b3c318f5cbebc550ec0d03cdddff1a2,False,mediapipe_no_detection
27054,val_neutral_000289,neutral,val,train/neutral/Training_44106541.jpg,6f93028c7d439e5b13f0c4014d22eed65c71bdc91070b210cde541a930e3823d,train/neutral/Training_43341783.jpg,6166c4640e2349c47e307665138354d04593a1eb33f02caac240ac336c087e3e,False,mediapipe_no_detection
27064,val_neutral_000299,neutral,val,train/neutral/Training_45607317.jpg,ed1078483aa34623a43e1d81d775c58b872e1800c9da0838764d043d397a6c64,train/neutral/Training_45074309.jpg,c9f6015c1950fdf92876175a9c303b740bd1f6bb9aaa1c4860563f4d9be3ba64,False,mediapipe_no_detection
27070,val_neutral_000305,neutral,val,train/neutral/Training_46220873.jpg,6e0e64be923d51a0b23e9031ee193f66467934fefd45988dc7aeb9de668ddb3a,train/neutral/Training_4556753.jpg,6553253d507c937e59d218e523f7f3c806ccc31b9328c5caa48654f21c923c20,False,mediapipe_no_detection
27071,val_neutral_000306,neutral,val,train/neutral/Training_46238778.jpg,08bf512da8e864ce2432b6c3c74cee5bfb038d09278edfd1922b0667c96d4195,train/neutral/Training_45719271.jpg,5afb23d8ba572e2ea01b57520704ae35fcaa6cded8a8860f9b3c5974e2ba23a2,False,mediapipe_no_detection
27089,val_neutral_000324,neutral,val,train/neutral/Training_48626740.jpg,d945209faf70490d12eb8108519a0aaf6d057a0ad4ccd71033b9e398ccb30684,train/neutral/Training_48177875.jpg,b0c9517202f36a42c0998c52b03aa5fb3e23be1aab198c9a18101dcbd632629b,False,mediapipe_no_detection
27104,val_neutral_000339,neutral,val,train/neutral/Training_51834392.jpg,c13864320bcbe787bbd059327debd661aef2107cc240921c599af01216e5f87d,train/neutral/Training_506670.jpg,d16bdac8712be118d32602f0d3a60fbc4b0b276afd73e6400c3588903257358c,False,mediapipe_no_detection
27106,val_neutral_000341,neutral,val,train/neutral/Training_52127930.jpg,1afc65a20c96b88aa2d3e3ef96809e3d93b114fbba785c53a76f69a9d0cb878e,train/neutral/Training_51398434.jpg,f912905937e42446725e01c47531559908fdc870040cdfba0991ac941bfd34ba,False,mediapipe_no_detection
27114,val_neutral_000349,neutral,val,train/neutral/Training_52788410.jpg,c992a20c8cb97ba9dc0f9f041700feda52b12d12a399a568e0de381d6a51148c,train/neutral/Training_52081104.jpg,a895e111459634203fdaf6daa56aac78bf8ba6e1e4355861d46e6e19b15e3bcd,False,mediapipe_no_detection
27123,val_neutral_000358,neutral,val,train/neutral/Training_5357952.jpg,51bbf9e45344c0ea21367e168ec534a4926f1d239f03bb584ac1170b74c08dbe,train/neutral/Training_52809823.jpg,e08c4ecf35f8d6217cba32c236bafeeabacec129835cd5c5e79f52621e7c076b,False,mediapipe_no_detection
27129,val_neutral_000364,neutral,val,train/neutral/Training_54191505.jpg,8e65dd6a8b76d0063705b4ba88dc7efffecd1c48f4142ef00ab01ebf1a9963d2,train/neutral/Training_53590006.jpg,ade9e1a1f7f8a5f72718b49a45a4a19440f43a3a41564abbb84ab159fae27e42,False,mediapipe_no_detection
27146,val_neutral_000381,neutral,val,train/neutral/Training_56354380.jpg,e10dfdf3171f5c6bc45981af0bf3a333cd716d3b1eed2d4474a75dccf8942e20,train/neutral/Training_55903517.jpg,5b6f01f60b33023bb6e573b55f76c94fa4509b385318dfa62f11f9ef3240a9ad,False,mediapipe_no_detection
27258,val_neutral_000493,neutral,val,train/neutral/Training_70863415.jpg,9efef2501d3e26e906eeed13e472a4cb92b8fe3a0c240da39a3d1a205f17e4c7,train/neutral/Training_70054817.jpg,ce84f37f4a54df390a43e3b7c082906958b9824ba39c97c82711dbec2a63d524,False,mediapipe_no_detection
27274,val_neutral_000509,neutral,val,train/neutral/Training_72847431.jpg,3f5eebbade19ca23e45b85f0e4551e2ed90104eff6da3fe9ce8107dae03f00f9,train/neutral/Training_72194926.jpg,87dd9dcf0b422cb539365ee49a2b4cb606093229fe355f2863a9e26cf4b0e534,False,mediapipe_no_detection
27295,val_neutral_000530,neutral,val,train/neutral/Training_74750050.jpg,ae0fd32897b88cb07310c34f0ba4b7e695534a6e5a94627a0a30def2ff2734c4,train/neutral/Training_74082537.jpg,7d5676068ab25c4adfe4c5fccde93abf356272fc710456314b4a58c87191edf0,False,mediapipe_no_detection
27299,val_neutral_000534,neutral,val,train/neutral/Training_7509514.jpg,06b59f5bc5450b838114fef47c4fd630c05dafc85189e9cb942166399528bbc7,train/neutral/Training_74574504.jpg,c5753558f630a75e96f51325e7150b2e1602d0104c7e93b8243cf06d0a98a0af,False,mediapipe_no_detection
27324,val_neutral_000559,neutral,val,train/neutral/Training_79039556.jpg,5bdb5d8e559b117a556966d56ca008afe9f25b6dd291433024e487bc29d2e543,train/neutral/Training_78319350.jpg,0f35dcb832f7946f02091e4eebd4b200516e65c1375dd323799f7af83a80dd53,False,mediapipe_no_detection
27342,val_neutral_000577,neutral,val,train/neutral/Training_8154036.jpg,868ef4502389c81c17b8fc7a7f85bf956b8f927b1cbf3124693bd134da3e3aba,train/neutral/Training_80863502.jpg,90ac9c7c13c50acada00216d4d5a02890b8779be32c98ecda879614ef8bdd70b,False,mediapipe_no_detection
27397,val_neutral_000632,neutral,val,train/neutral/Training_86871749.jpg,f5dc4a0181cd3c047ea9fc135647de0c2f910afce889c2410d322615b9af2fea,train/neutral/Training_86222151.jpg,958f1f2066cd0afd4d7aa015c43eac5cd27e5bdb8f208840c24cc94ae63e5c94,False,mediapipe_no_detection
27407,val_neutral_000642,neutral,val,train/neutral/Training_88497600.jpg,10a372ffdbafacfd99a32293663880d37aa7442cde55d0b50d0dde3638c2a382,train/neutral/Training_87309793.jpg,f45017c8b71c8fc3126512b66811cac862dbba7a521cd7c554ba5e09cbbdf7b0,False,mediapipe_no_detection
27474,val_neutral_000709,neutral,val,train/neutral/Training_97526543.jpg,ac91f3e430e20c9352f57a70d408760f32c0d5bae4564362eb74a0d60ad3b34d,train/neutral/Training_96602519.jpg,da6b5a27d3bd0f87695c3f8190ce77a2dece380989800295a5f2bb5322912bbf,False,mediapipe_no_detection
27494,val_neutral_000729,neutral,val,train/neutral/Training_98897485.jpg,20234de3bc18f54c946d936fe285ade789f2155edf85411032aeb336080fc45a,train/neutral/Training_97875980.jpg,c3b2fc45539181971c1385aa8070d67a3762002db319669eb5f90307588495b2,False,mediapipe_no_detection
27522,val_sad_000013,sad,val,train/sad/Training_11803117.jpg,8050344f10f99e5b9002447fb0ed9c60e8d54c26c0747f6889176c31f77e8c37,train/sad/Training_11803117.jpg,8050344f10f99e5b9002447fb0ed9c60e8d54c26c0747f6889176c31f77e8c37,False,mediapipe_no_detection
27527,val_sad_000018,sad,val,train/sad/Training_12396877.jpg,e39ccedab7ddda5491a50781fea3991e6a7253c4eda07134e6ea4f29ec1a986f,train/sad/Training_12388277.jpg,84007aa61280890729400d46c9b6e8ca2a74fc9827ae979ce2ef2cf3b7670ecd,False,mediapipe_no_detection
27602,val_sad_000093,sad,val,train/sad/Training_22022715.jpg,240db71a52b4f33b15647a28fe62e35442f6ff080d4d71cbde30249d8b63e0b7,train/sad/Training_2197476.jpg,720d233c5f0a0f766ea39a231042b713cbb4119fbace8959e4367b362e2b91b1,False,mediapipe_no_detection
27609,val_sad_000100,sad,val,train/sad/Training_23298191.jpg,7bf813308b69e822b249f9f08ed353efd3e91a378d3ce6aeb7e8568efd7e8c6f,train/sad/Training_23281174.jpg,83432195a0d2e1e6559daab5be7dd67d28c5c85f4e04323859d71ebf53bddb04,False,mediapipe_no_detection
27622,val_sad_000113,sad,val,train/sad/Training_25317570.jpg,c8fa598e1037500b39903cad8c00916c3ab7d8db5bc1e8d8ef3848c11bca41bd,train/sad/Training_2524793.jpg,724e77df62c600cabfc59b838caffcd73e0f732fc586cfafce2c690b43896b5f,False,mediapipe_no_detection
27629,val_sad_000120,sad,val,train/sad/Training_26173180.jpg,711a41f868240afbe93316995e1742c20904c1a03e27b7737a52e4a6ddc935c6,train/sad/Training_26010996.jpg,8cd4070ff29a26556447e69baafe322ecf5396caba39ce68260ef6acfb3256e7,False,mediapipe_no_detection
27633,val_sad_000124,sad,val,train/sad/Training_26353694.jpg,bba2c6aa5eb998be7d72149a2a6cb67a16182a7687ac94eb910826c0eb2037a5,train/sad/Training_26301253.jpg,7247cdd1c0702df4210561ce6f72d8a4bf9602b1794fefba4b81c2dc8c079838,False,mediapipe_no_detection
27635,val_sad_000126,sad,val,train/sad/Training_2651156.jpg,cc1ecbf7e73a3bf4434bdce0c0fb5be63d85877fc0c70701b5632d5054ddf5e1,train/sad/Training_26370932.jpg,35681669865d47191e38998dc98cf72cf05bc127bbd5878c1916b1df73c55542,False,mediapipe_no_detection
27645,val_sad_000136,sad,val,train/sad/Training_27947031.jpg,224eee8ceb262a447ee35a08b9ba0c2b9d7f6869522bc94ab75f2895a00e4c69,train/sad/Training_27876876.jpg,242f62ba74bc01c0b037cacf195b248a76d9321cdcea0a291fdd25b1a431024f,False,mediapipe_no_detection
27665,val_sad_000156,sad,val,train/sad/Training_31111057.jpg,463eff4627f350a4f4965bbecc286c8c25d427b6864c91263898ad823165ee80,train/sad/Training_30852183.jpg,0ea14abeff84f80f8d6c24f3fa62fd3f9272b688fd68543c9b72317fe58e24c8,False,mediapipe_no_detection
27670,val_sad_000161,sad,val,train/sad/Training_31842917.jpg,7732a0e8d7c59c37320ae196830b21bbd84175b9b18a1bff45b116096fb32f68,train/sad/Training_31672319.jpg,b2c53a3e6116b95190ca6bb2810361189edcb9fec800cb209cc8349857882d24,False,mediapipe_no_detection
27672,val_sad_000163,sad,val,train/sad/Training_31845556.jpg,953db19e3fbbd625065c0e1c71b8dced1dc892bf509b37e1469897bfb25d085d,train/sad/Training_31719352.jpg,fe1239082b34467c4949503d78bb5c1c237efe608f1f1b36ae0b7027ee7654a3,False,mediapipe_no_detection
27705,val_sad_000196,sad,val,train/sad/Training_36441233.jpg,b933c7a3fa4936f4a0c79694fb00e516c254c5627394b2fa5c1ff514f6a06fb4,train/sad/Training_36253995.jpg,352ae95c50f3d64b2d81fdacfb6583e002ea7c86344df3421162c24bb65fa7a5,False,mediapipe_no_detection
27707,val_sad_000198,sad,val,train/sad/Training_36731026.jpg,211830f3c6b54d3f3d2789bd549feae3376bd85f40bbd1f44f0bd781a4299db2,train/sad/Training_36361853.jpg,ff10698448ac08af73acc51f52b0e5ff4b59633c5ca88f154a1302cb81ef1e88,False,mediapipe_no_detection
27711,val_sad_000202,sad,val,train/sad/Training_37139482.jpg,400caf4be03e0eafb90f7a9843423d996178391dd51768a095889570856c1815,train/sad/Training_36942530.jpg,62c6dd5f22a7e6c951370b11e92b74563233682fa77f68c75e9ff2f5b3f56874,False,mediapipe_no_detection
27732,val_sad_000223,sad,val,train/sad/Training_39065621.jpg,33ecd70bd8173f3ae4b5923c36859dcd452b304604249355a6fb764dfc915c1f,train/sad/Training_38942185.jpg,b10a5a4e95aae72fe1f83ccbdf8c0370ba3d0ca6033c5e06269ac737e2e0250c,False,mediapipe_no_detection
27742,val_sad_000233,sad,val,train/sad/Training_3975745.jpg,9fb6317d4e5a26ab0acd147dd04de6d4e2e53cee4a19d42fe602462f7e9e9080,train/sad/Training_3975745.jpg,9fb6317d4e5a26ab0acd147dd04de6d4e2e53cee4a19d42fe602462f7e9e9080,False,mediapipe_no_detection
27758,val_sad_000249,sad,val,train/sad/Training_42541053.jpg,15e26a0bdbddc53d2b8e1d31c20e06cec4f1e4e0ed57b249d10392da11922001,train/sad/Training_42389787.jpg,2ed9188eba9b77a52eceb15f178d7447325db534c397e1422ce31dee5dab419b,False,mediapipe_no_detection
27774,val_sad_000265,sad,val,train/sad/Training_44444714.jpg,81b1fe6c9b91c8d1ec904858e5e12bab8a6485b2062eff1b355e51a0a35f547d,train/sad/Training_44144731.jpg,e9480ed6ab54ff897fbee5a7d5dd3ac4de3f9903956588b080fab8e765c7dbe7,False,mediapipe_no_detection
27779,val_sad_000270,sad,val,train/sad/Training_45333014.jpg,fb1941c3b1598d55af5272708ee6918bd8488c33783d4f557378d0ade3e5b2df,train/sad/Training_45096315.jpg,df559fe2fa519d45e2f3d1c6920c45e35c1035befa79c4166a01231acccdc37b,False,mediapipe_no_detection
27781,val_sad_000272,sad,val,train/sad/Training_45864533.jpg,3a32ac381a196833b8155788cdb1a4379cfd62c5f1212e90f67b1d02dacb3e10,train/sad/Training_4564467.jpg,400849df89be6264283916083315e45cf07221e961f9f639a05ef2a34a0df18a,False,mediapipe_no_detection
27784,val_sad_000275,sad,val,train/sad/Training_46303041.jpg,5aae3830ac4c3217566ee9bcd66332bf80bcb5f62df9b3e0f366974cb18de152,train/sad/Training_46100106.jpg,a3e95c7bfc79cc7d56e07de194d699e33e527d2e8a4c444a55be69bedb98de60,False,mediapipe_no_detection
27793,val_sad_000284,sad,val,train/sad/Training_47227980.jpg,53c13684f34051518b1ba97cfc20cf9f3b9c990ece5c01a53820c8927dacbe6b,train/sad/Training_47110947.jpg,77d892482911c52064b4de7a3dc5dfbbb6338ed746ca745a1bd62a3fc725a1ba,False,mediapipe_no_detection
27794,val_sad_000285,sad,val,train/sad/Training_47279489.jpg,48fa454b4fa9f79293996951982137cbad894abe135450dded0e91c77cbae4fa,train/sad/Training_47159273.jpg,c9064a9977dfa0962317dd5ad89566d18d22e404d190d2b7c73e89055fa714ea,False,mediapipe_no_detection
27803,val_sad_000294,sad,val,train/sad/Training_48740963.jpg,e9559c5a84eb0556f671372d0cb8b4468f241249f0339d8bbae59fdfe30e178c,train/sad/Training_48474328.jpg,107088bfb5d45ceaa9cc160129105a5277aea6b520c014537607ee82e755b122,False,mediapipe_no_detection
27807,val_sad_000298,sad,val,train/sad/Training_49614431.jpg,a100e06049b7c6079f7c96ddffe8084b08e669dbec0486b479939993bfe832d2,train/sad/Training_49379072.jpg,a1ff0fc21b3510e243f64efd09f270bd49602242fe652deb27acccbb3a3cc6fe,False,mediapipe_no_detection
27820,val_sad_000311,sad,val,train/sad/Training_50740473.jpg,da8aaef34e340a8ac575c0bfdd1acb7a9666dff5407c0390691f84e134849c8f,train/sad/Training_50599573.jpg,6592c42e76f760ef2bc430e96ea791771a05412bc158445068e26433e091f88d,False,mediapipe_no_detection
27829,val_sad_000320,sad,val,train/sad/Training_51716089.jpg,b593e55fb41b4c3f1da3f8a2d563ba3d63fea747ffaa914d3590ab45cdfdae13,train/sad/Training_51345696.jpg,ba7ca458e86aa06f3629b8efc17fd56322bd248c4d9c23ad223f1831f0b10fcb,False,mediapipe_no_detection
27836,val_sad_000327,sad,val,train/sad/Training_52313012.jpg,827beef36224964e48cde19a5fdae7ff47ad30878bbb31d1e07d605d986e4fa9,train/sad/Training_51956890.jpg,ce0cf85de44e7bc0ef6ee02942fa8adc9c3a070bef79ba3bbcee3678ce77e9d5,False,mediapipe_no_detection
27842,val_sad_000333,sad,val,train/sad/Training_5331481.jpg,5826c00b8803ee84dca716662f058db8bcba8034cc71a6146e87ed120c1fc0c4,train/sad/Training_52974112.jpg,44a91ebbe2fb4c2135dfe0aff0561c148b851b77d115cc9c818fae7e3bb1959f,False,mediapipe_no_detection
27843,val_sad_000334,sad,val,train/sad/Training_53452835.jpg,9a878eadad5dcd62ae8f858b77fe95921c84c25e009f1ee5dbbc138f94c2de5f,train/sad/Training_53088046.jpg,1e071946d4299b68bb1dc9f111b67df03270bd98ef8383bcc5141b88ff2c234f,False,mediapipe_no_detection
27846,val_sad_000337,sad,val,train/sad/Training_54232159.jpg,67e871f5ee879b5e057b68196f7582f6320a1c6f2d6f90b14241ba6993c0e453,train/sad/Training_53731152.jpg,fd346861c6da318db8bcd1f4ea6c4f26016274b2894dec76e783959a726cd29b,False,mediapipe_no_detection
27852,val_sad_000343,sad,val,train/sad/Training_54856716.jpg,2ecab40c7f8abb0820c5d9fa2b614b2f3659159cbc294dd49e142c9f56f5a07e,train/sad/Training_54521994.jpg,b7136583911d6320f71ee0433b11985d6e7f33c0b97a1b166bef2241ccdbd91f,False,mediapipe_no_detection
27881,val_sad_000372,sad,val,train/sad/Training_58182096.jpg,6b82b3431e0a0bc2c95774c03f624f7cb61575cc0c71269f8fb03f34b545d0bf,train/sad/Training_57785790.jpg,29995f23f8e7cdf71f14367bd63ef277164945d9a2a1daac005889ad51371196,False,mediapipe_no_detection
27884,val_sad_000375,sad,val,train/sad/Training_58301844.jpg,961c9a487ffd142c4e8e24500afd78c5e9ad91cf393e807851863b168bf72974,train/sad/Training_58003367.jpg,99ec608d35155322969b43e4e5ae37427b5a2b6425e886b6e00e02e7ac51bfe0,False,mediapipe_no_detection
27887,val_sad_000378,sad,val,train/sad/Training_59041776.jpg,d81e4f5ccf9a66a349ff14452d030b0cc560dea194e8a7bbb662f2ce9ae437cd,train/sad/Training_58569290.jpg,47a4a85bc9d9a10150e1438df6c3c4a25af342fd086f1b56b108d92cf2fcfb99,False,mediapipe_no_detection
27904,val_sad_000395,sad,val,train/sad/Training_60397619.jpg,2d92ad631be244c9043cef5408a041065550f1ce5de995c42044cc46488e9d1c,train/sad/Training_60007211.jpg,61a4ed9bee3d2b90bf258cac21f2ef3586db74b12b5e7adcce8c1cf8a197706f,False,mediapipe_no_detection
27917,val_sad_000408,sad,val,train/sad/Training_6248038.jpg,df918c1274937e88bd5fc84a1c6f3d2b86dfc9912e40651edd0bff1699f346f8,train/sad/Training_61483266.jpg,110b93cdee543f96db0613d31b0af03c355a6f581f6dfca6ed415bff7f2bd05b,False,mediapipe_no_detection
27921,val_sad_000412,sad,val,train/sad/Training_63003576.jpg,3101a04575d3e434932ff24da5ae2cbdbc043013657b6d4ed4a5d7ce0dc87f82,train/sad/Training_62451335.jpg,8f189d59769416428d5eafa5ccd9124038f8872359147378631c3bebf6516d42,False,mediapipe_no_detection
27958,val_sad_000449,sad,val,train/sad/Training_66705535.jpg,806f703bded635da3b177c046a0f4d34547dd7ed59d372292d9f01eebea583eb,train/sad/Training_66064111.jpg,eaaa59fecc7f16095ceb9e9c4f7d6a1af17038be3c7eb50818af67d0c95721a0,False,mediapipe_no_detection
27964,val_sad_000455,sad,val,train/sad/Training_67244109.jpg,86bc90059e0edb6836e48c04f36cf6bcae1787832fe8fe1d042e8b656cd0e8db,train/sad/Training_66688298.jpg,cf34aad7ab67716845c9a9ec1930db04c385bddddd7c38d4cfa749b2e7c2b8f2,False,mediapipe_no_detection
27968,val_sad_000459,sad,val,train/sad/Training_67418316.jpg,c2d2f7f40aba7e0ff41842961a163deeb73a4131936a7e2f1d45ddd965e191e3,train/sad/Training_66782106.jpg,23a17eeccc5e85575406441fcc299ae67e6e3f381227f52f1f32ffc43e08ab5e,False,mediapipe_no_detection
27977,val_sad_000468,sad,val,train/sad/Training_68875064.jpg,7e2d434f589587baa46805e25bcc428173a20af5ea3809106c18338c5f55b038,train/sad/Training_67837331.jpg,2150ae1a84efe40a1f3100199a535db49cae1968d63bd499a68115723240a1e6,False,mediapipe_no_detection
27979,val_sad_000470,sad,val,train/sad/Training_696816.jpg,a8d4aee5f8a597577eaf04f45e40851bb263c0e6e3647071577f44c9eb97b38c,train/sad/Training_68335728.jpg,e44889deec693c0fe2d0d90410f7acc0fab5db8304075f4be2651d5c3664b9e1,False,mediapipe_no_detection
27985,val_sad_000476,sad,val,train/sad/Training_70262923.jpg,1dcc910e1e16876e0cb31f626d67c181b2c44fb987b249627933e31d41863ce5,train/sad/Training_69615702.jpg,e46ba8a5f884da75a373c3a9a9162e37d1d89a51305aac0bd449c7dc82ed4ac7,False,mediapipe_no_detection
27997,val_sad_000488,sad,val,train/sad/Training_72337521.jpg,0148baaa0b2fdbc934116c84520d01ed129693e402711ddfba9825c05b345513,train/sad/Training_71622452.jpg,e7b96c94607e1ccb22aab6f9615982c5207dcfb120fdbda82fcb1580104e6260,False,mediapipe_no_detection
28007,val_sad_000498,sad,val,train/sad/Training_73057687.jpg,9a5b5917fce174b7b9e470d85d26635c14b0f83c903b0f7ed7c38341dc475260,train/sad/Training_72496252.jpg,45f852404384d79f535b1a851bebc4d350f621ee360c059ae790958aad37f9fd,False,mediapipe_no_detection
28009,val_sad_000500,sad,val,train/sad/Training_73192317.jpg,eb35910b1035a4db0c35b45ea252c430d5dce0227cedcc60ca67afc4b43d9f39,train/sad/Training_7269195.jpg,ad429409619d387993b81ac24c8f0edf1943b475143b20a4a243eba38142a3d1,False,mediapipe_no_detection
28019,val_sad_000510,sad,val,train/sad/Training_7410773.jpg,80effe3e3f7bb07f2c7300c6362dbaf416f6c7a5e4936178af286a57003d52ee,train/sad/Training_73704673.jpg,9213ccbdb6f831c73d8b312e98ccfae2e11245361d3117c79013f9ca8c48377a,False,mediapipe_no_detection
28024,val_sad_000515,sad,val,train/sad/Training_74579668.jpg,38ceaf83cbe8a3ee23844a3cbadc79ee47292517473addf29eee4fd803d5f67e,train/sad/Training_73972027.jpg,2d531a6fe3eb23e71b223435974d44955aaffecbb6d37805716e8a76f511b726,False,mediapipe_no_detection
28029,val_sad_000520,sad,val,train/sad/Training_75416581.jpg,b67e42c0f061011b5c8663c6fa1cd53045adee812c7a130a9d307aee7815449b,train/sad/Training_74923508.jpg,dd3b6fb4a425a0fc845bcbd3d7a1c91311aed1a4d2eec017d73f2d3178f622da,False,mediapipe_no_detection
28039,val_sad_000530,sad,val,train/sad/Training_77332384.jpg,5064e09c641b60173d3869b1ef52de5beb4341238506bec5d054312979628571,train/sad/Training_76693132.jpg,ec2fa16fbebf3c1a07056338df88931d972bd2e7a86420d56672a142b637f852,False,mediapipe_no_detection
28045,val_sad_000536,sad,val,train/sad/Training_78244666.jpg,6027610287c4b9966298ff45873ec6e4033195faceaea614968f5e23324c5568,train/sad/Training_77718583.jpg,61f3e022c7b4c3175c7a8f89da7f22d1274e311b49262b96df1b38bc4e5e87c1,False,mediapipe_no_detection
28049,val_sad_000540,sad,val,train/sad/Training_78512361.jpg,4819548105dbdd24fd3b0f836f24634f0301fb0fabda6c57051e459804468919,train/sad/Training_78077558.jpg,37c0c1fe4db188c454eeda8e81e80973473e03222ed7fd90fec981885f9d6087,False,mediapipe_no_detection
28057,val_sad_000548,sad,val,train/sad/Training_79931718.jpg,c2e348752fe028ed1a5c74fed529be6c82d611077cd8f14f33c211d70b58a928,train/sad/Training_79258455.jpg,616219599ac2d08f162f64c0c388b669d6b1ec46e36939382171d5ac389bd577,False,mediapipe_no_detection
28059,val_sad_000550,sad,val,train/sad/Training_8041120.jpg,a48a939648a1d4a420e926c0cb15a712d1d3eb4ce5a73cb1a63c91f27eecaa53,train/sad/Training_79471378.jpg,c680b15c005378e4d5793547f23c7b05aa53c3edf7bbb76312667ef68bf74126,False,mediapipe_no_detection
28063,val_sad_000554,sad,val,train/sad/Training_80579424.jpg,923f00e9de6a9eeb33f1fffb3020334db421261ff8007e2f9c71e7b59d400d98,train/sad/Training_79736851.jpg,51f7ddac4a67762da90524545cc2ba93b4c9c57c03258c0d297f20bf49e2b211,False,mediapipe_no_detection
28076,val_sad_000567,sad,val,train/sad/Training_81658867.jpg,3f6b570d7a005680e35d691bf72e2f4caa72d1cebf49bce5a1312e0e962ac058,train/sad/Training_81104314.jpg,cb9e43b0ab08c570dfff3069a56ce7063fd9400522f7c55013955dd78d043ea9,False,mediapipe_no_detection
28077,val_sad_000568,sad,val,train/sad/Training_81727586.jpg,cf149de00dc68216e9c420bd8076372e0fe17f626b5475b321e0e6b70868bc07,train/sad/Training_81128509.jpg,42452c6108b3856c0d177c3cc4da9dce1f849a2ff7b10276f14d263a2f52ae18,False,mediapipe_no_detection
28085,val_sad_000576,sad,val,train/sad/Training_82652406.jpg,8dd23e98631d843497987c60e50e4c27d6985b5b9f75770818ad610fb7af8843,train/sad/Training_81562305.jpg,e4f5266c4419d58e7cf7359d988325628ba0b134026f4c915698ef0616d1d0f9,False,mediapipe_no_detection
28109,val_sad_000600,sad,val,train/sad/Training_86534033.jpg,a9e119e571f148b08349d0310505664dedbe0951248fa0f86f417f54ce1afd6d,train/sad/Training_85671166.jpg,db80271bfd33c401c0ccb75a4563e22cc5de8b828cb55fdab2fe29637a9ce4b7,False,mediapipe_no_detection
28127,val_sad_000618,sad,val,train/sad/Training_88613511.jpg,6d67a26eb3ec2276ef4346476c8b5741bf57aae0174f2760dc89f0e7ad7498b3,train/sad/Training_87869978.jpg,4606dbfdf23129439a3f4b775357dab448991c69f97711db41cf820dc4b722f3,False,mediapipe_no_detection
28137,val_sad_000628,sad,val,train/sad/Training_89835262.jpg,48cad9e699a7e317217a59ec65d48abe69ed0313db9cc6f29c433138fbc9dec8,train/sad/Training_88971709.jpg,91425c1b329f250bc576b58d1074b6ab2625760f67fe56fa87ab92af20f3c636,False,mediapipe_no_detection
28142,val_sad_000633,sad,val,train/sad/Training_90711788.jpg,35de2de5161767a75970b9aa8ee988030a1fb5a746361a3a94e7407f13819163,train/sad/Training_89548581.jpg,03d24c42926dd02d99dc0a75c7f73be2bfef4a8d8a30b9ce3543ccfe5f2a6d71,False,mediapipe_no_detection
28148,val_sad_000639,sad,val,train/sad/Training_91159308.jpg,e77f473206a6ba0735db0b2b1494f43da670eb0801e4135b0711f21f87cd539e,train/sad/Training_90257463.jpg,79e00183719f26e044835552d87f3b613ff41ae28c09316d1f265f8775bb4f3d,False,mediapipe_no_detection
28149,val_sad_000640,sad,val,train/sad/Training_91159811.jpg,45d4b87d581a5285467dd301eaa5279dec4616a72fdf10d26331008fae1e1471,train/sad/Training_90445457.jpg,e38966c2fd493b24fbe053d9f2fb18da2321ce8b432e3b7ddaf6d3b0c951469a,False,mediapipe_no_detection
28164,val_sad_000655,sad,val,train/sad/Training_93324040.jpg,5bcf33bb255c3d33eb38cff9fc2de13defc8cbe978ea79b5e7f0a9bafd135aac,train/sad/Training_92491901.jpg,6bf9fe459ec26c152a902183814e471618da24540a0fdef8c216b0f817135bf0,False,mediapipe_no_detection
28169,val_sad_000660,sad,val,train/sad/Training_93837414.jpg,2f97cf9a7a89a37697f6b3844c8587c5091b9dcf8d918a7b954ac91ac363228e,train/sad/Training_93079497.jpg,279302bb5b063bd9b9bc4f9f3fcacb5f261f9860d02778ef0f12f0d2b5529f78,False,mediapipe_no_detection
28174,val_sad_000665,sad,val,train/sad/Training_94396564.jpg,d4d190309656d97c37d4d3a05501a23a1c60ceb0e7c8a281c463f561ab16d92e,train/sad/Training_93609509.jpg,5d7c95e468afcca9d328a01673318a4198e841f772ace02daa18c30fc33b38b1,False,mediapipe_no_detection
28193,val_sad_000684,sad,val,train/sad/Training_96337090.jpg,80fdf0e784ceae017bf8a3771e9e034a66eb87692228683d74329b23ebc706ea,train/sad/Training_95739380.jpg,6bf9fe459ec26c152a902183814e471618da24540a0fdef8c216b0f817135bf0,False,mediapipe_no_detection
28207,val_sad_000698,sad,val,train/sad/Training_98058806.jpg,1bad047a331b12ee5eff525db209b5f63353eb57486dea3e7a72ab4bd500428e,train/sad/Training_97360221.jpg,6f90c80b71ace0e8a2827c69c2226bce3da09e5ecc16a3d997098791bb79034b,False,mediapipe_no_detection
28236,val_surprise_000003,surprise,val,train/surprise/Training_10275630.jpg,70cb96be47de7e228deac389a7f3ec5ee0819771b4856682a9c026b677d3bb52,train/surprise/Training_10264146.jpg,c0bad07b1dfd319a9ad5f79f3b4924a5c31422d987a3c6b750394ece45a0ae8e,False,mediapipe_no_detection
28265,val_surprise_000032,surprise,val,train/surprise/Training_15185514.jpg,4cb2f4c86500df3723f38b1946d898802285acf3ed637fe5d71cf78e84223ee9,train/surprise/Training_14870436.jpg,09c40bf77fe306a9e0b66035e697f978e93e09fe84608059ff5656eed6c6df9d,False,mediapipe_no_detection
28275,val_surprise_000042,surprise,val,train/surprise/Training_17108365.jpg,a6ad2426e4698e9a1376d0af3ef4d66d0606b75ab66d34645b6f7cae9ce1e57d,train/surprise/Training_16471218.jpg,9bb59b46455cab0cc35e02cb069fdad02cb77487958797a9a7dd1d6a1fe57fd3,False,mediapipe_no_detection
28321,val_surprise_000088,surprise,val,train/surprise/Training_28292811.jpg,9c465be0a8c7eb4d8b1f176cbcd22c9f5f268508280dc100927ab0de4d7f3583,train/surprise/Training_26830262.jpg,53c78502a703c633148b0ccc43cd28412963b7f334f4f7ec45f02903fe4f90bd,False,mediapipe_no_detection
28432,val_surprise_000199,surprise,val,train/surprise/Training_51490424.jpg,33bc387888bff67914fd4b3f3f1ef9f54749d7dac9462d6b834d0fbf37c5e56b,train/surprise/Training_46777202.jpg,65090bb6ff0ae4245ea258d9314d94ad500f7f429d6f12c78927bae0fe08130a,False,mediapipe_no_detection
28448,val_surprise_000215,surprise,val,train/surprise/Training_55016016.jpg,ddf8abe2fd874ba3b0e998a3423998082d2c2f304658fdc5c188667590fe392b,train/surprise/Training_49751078.jpg,c0ad03865aed31882dd12e27f95bba33d67d8e27ae9d658321d91d2aa211c2ff,False,mediapipe_no_detection
28466,val_surprise_000233,surprise,val,train/surprise/Training_58210379.jpg,3c538033425c21b75dbbe3e448630bb3c5a38751d450e0cb6e68567390d99ffa,train/surprise/Training_54468972.jpg,0e4247be298b5877bdede64da10ddc41047fff8f3dbe63adcd3aeece940487d3,False,mediapipe_no_detection
28488,val_surprise_000255,surprise,val,train/surprise/Training_63239185.jpg,8736cf9d5fe4bc672a93d3643a0be0bec73cec7fd46fc20ea9c635e6df7982d3,train/surprise/Training_59034318.jpg,bdf72b37dfdc4994fd51b1ccf21e2eac133ceb71f0b51e0ce93ea4722b8f9111,False,mediapipe_no_detection
28511,val_surprise_000278,surprise,val,train/surprise/Training_67855669.jpg,ccc5302b12c789f27270a2cacb7776ce84aa12f226ba4327173fdff1334ea18d,train/surprise/Training_63339458.jpg,c386bdd85bc764d0a448c652c9715ea9c7c00b3d420c549c933c399def0f78b3,False,mediapipe_no_detection
28519,val_surprise_000286,surprise,val,train/surprise/Training_70016745.jpg,b9b9c857d9cc697a0a0ccccf845275e2cf3f0c3893caf7a785eb530e44f6d99e,train/surprise/Training_64747112.jpg,af14c82f67c4781744c9b1338354b4185fefbcdc5d50e89a6171b8e86b955ae7,False,mediapipe_no_detection
28532,val_surprise_000299,surprise,val,train/surprise/Training_72027960.jpg,5027c0cf9ccc030e8810c7612899ef3c335c88fecfbd34d3d536c44b574b1072,train/surprise/Training_66716597.jpg,8e3328de5f9a7dc350df5ce7de433fb73d0ae4eeb15feef2d077d3553e7e7098,False,mediapipe_no_detection
28547,val_surprise_000314,surprise,val,train/surprise/Training_74745066.jpg,0664d44083c5c9e5a32f973c2dc660ca36d352fb0ad75268b20a53071f433200,train/surprise/Training_68860232.jpg,48b01fc063921c9e6c54140a999093fb8ab17f9dbb3a88821245772ec49722dd,False,mediapipe_no_detection
28627,val_surprise_000394,surprise,val,train/surprise/Training_92479434.jpg,a52c37bd62a3da0879674596fe662c4e6a025eaa619fb8af00098d156a098fb4,train/surprise/Training_85399964.jpg,6b551dc12011a2aa716a9c364b58ff3394f6a4c7ed91cb3a5d931bb0f5ed8a6e,False,mediapipe_no_detection
28710,test_angry_000002,angry,test,test/angry/PrivateTest_10304478.jpg,fd6857992ced9cb6b6ab61b0b3b8e11c969e1231f317234d02063df11eafa829,test/angry/PrivateTest_10304478.jpg,fd6857992ced9cb6b6ab61b0b3b8e11c969e1231f317234d02063df11eafa829,False,mediapipe_no_detection
28711,test_angry_000003,angry,test,test/angry/PrivateTest_1054527.jpg,532a339f0a3b17866da2931260afe1db1af80051df3aaef79f078859d16e6fa0,test/angry/PrivateTest_1054527.jpg,532a339f0a3b17866da2931260afe1db1af80051df3aaef79f078859d16e6fa0,False,mediapipe_no_detection
28712,test_angry_000004,angry,test,test/angry/PrivateTest_10590091.jpg,9d13f54673d753be7b78f71196beec44d31cb5d895713e72e2e8eda6796360d4,test/angry/PrivateTest_10590091.jpg,9d13f54673d753be7b78f71196beec44d31cb5d895713e72e2e8eda6796360d4,False,mediapipe_no_detection
28713,test_angry_000005,angry,test,test/angry/PrivateTest_1109992.jpg,60935d0ce9f55397e1502930d94b2ac1d447fd27e87ed6ca5f991e25f64fc9d2,test/angry/PrivateTest_1109992.jpg,60935d0ce9f55397e1502930d94b2ac1d447fd27e87ed6ca5f991e25f64fc9d2,False,mediapipe_no_detection
28727,test_angry_000019,angry,test,test/angry/PrivateTest_13541561.jpg,27d2f68381313d34d2bfdd478d4c60e09b038d287a099944c5eab34152720efa,test/angry/PrivateTest_13541561.jpg,27d2f68381313d34d2bfdd478d4c60e09b038d287a099944c5eab34152720efa,False,mediapipe_no_detection
28748,test_angry_000040,angry,test,test/angry/PrivateTest_17952984.jpg,d816427aea831bd22176f9592213ce81dd4740c6fec90b3afaeab0ab1c9d90fe,test/angry/PrivateTest_17952984.jpg,d816427aea831bd22176f9592213ce81dd4740c6fec90b3afaeab0ab1c9d90fe,False,mediapipe_no_detection
28758,test_angry_000050,angry,test,test/angry/PrivateTest_19777137.jpg,9f4dd99032908a4fd746f98ead4f71051c99447827f7b2dd0852ce31f859668c,test/angry/PrivateTest_19777137.jpg,9f4dd99032908a4fd746f98ead4f71051c99447827f7b2dd0852ce31f859668c,False,mediapipe_no_detection
28770,test_angry_000062,angry,test,test/angry/PrivateTest_21042434.jpg,b9912307642c0e011d5ee7f8cbf470aeb3f2e4c21db328d75f944ebe7ea2a40d,test/angry/PrivateTest_21042434.jpg,b9912307642c0e011d5ee7f8cbf470aeb3f2e4c21db328d75f944ebe7ea2a40d,False,mediapipe_no_detection
28797,test_angry_000089,angry,test,test/angry/PrivateTest_26784100.jpg,7c44e8eb12bfc2c4b64be66f8e4a32d4b33b559c4c3401788dc64039c0b63638,test/angry/PrivateTest_26784100.jpg,7c44e8eb12bfc2c4b64be66f8e4a32d4b33b559c4c3401788dc64039c0b63638,False,mediapipe_no_detection
28802,test_angry_000094,angry,test,test/angry/PrivateTest_27275324.jpg,466d8e3c3708a8536f8efed36203ad522c73237e7f79c67d965843a015ba96cd,test/angry/PrivateTest_27275324.jpg,466d8e3c3708a8536f8efed36203ad522c73237e7f79c67d965843a015ba96cd,False,mediapipe_no_detection
28807,test_angry_000099,angry,test,test/angry/PrivateTest_2775163.jpg,816a57eb136478b51ab2eb3ed46939713d710df5291c84a599fcacbc4945beaf,test/angry/PrivateTest_2775163.jpg,816a57eb136478b51ab2eb3ed46939713d710df5291c84a599fcacbc4945beaf,False,mediapipe_no_detection
28821,test_angry_000113,angry,test,test/angry/PrivateTest_30802398.jpg,8d6e9eabec547968bfd501938af28660b764e54c4b2065d6e6b664c8bc6d8665,test/angry/PrivateTest_30802398.jpg,8d6e9eabec547968bfd501938af28660b764e54c4b2065d6e6b664c8bc6d8665,False,mediapipe_no_detection
28822,test_angry_000114,angry,test,test/angry/PrivateTest_30853783.jpg,281106d171ec04850089d847c4969be15a85ade1a1797b2bc2808871be6a178f,test/angry/PrivateTest_30853783.jpg,281106d171ec04850089d847c4969be15a85ade1a1797b2bc2808871be6a178f,False,mediapipe_no_detection
28839,test_angry_000131,angry,test,test/angry/PrivateTest_33746988.jpg,1f45d5b009063307d9625e681f57a0369e1c98551edd3b8bdc0ce1c02c1ccfa5,test/angry/PrivateTest_33746988.jpg,1f45d5b009063307d9625e681f57a0369e1c98551edd3b8bdc0ce1c02c1ccfa5,False,mediapipe_no_detection
28852,test_angry_000144,angry,test,test/angry/PrivateTest_37308382.jpg,f50403c515eb9109e3f61c98951e5bd495897ea15e2dae7439354ab742b3affe,test/angry/PrivateTest_37308382.jpg,f50403c515eb9109e3f61c98951e5bd495897ea15e2dae7439354ab742b3affe,False,mediapipe_no_detection
28862,test_angry_000154,angry,test,test/angry/PrivateTest_38910565.jpg,ea2ab6cf97f264fbf696fffa7a9c3d986b8b1a6cbf0fce84372588233a4e9644,test/angry/PrivateTest_38910565.jpg,ea2ab6cf97f264fbf696fffa7a9c3d986b8b1a6cbf0fce84372588233a4e9644,False,mediapipe_no_detection
28876,test_angry_000168,angry,test,test/angry/PrivateTest_41153916.jpg,e06af82be7e13022ad1f57b2c0e0c5f9fee02b9a3c0305ab7bfa7e1c45fd34d2,test/angry/PrivateTest_41153916.jpg,e06af82be7e13022ad1f57b2c0e0c5f9fee02b9a3c0305ab7bfa7e1c45fd34d2,False,mediapipe_no_detection
28879,test_angry_000171,angry,test,test/angry/PrivateTest_4129990.jpg,a45c6ea350012f9d3189eae7a1f3347d385ba7c93681657375fed4136b22f28d,test/angry/PrivateTest_4129990.jpg,a45c6ea350012f9d3189eae7a1f3347d385ba7c93681657375fed4136b22f28d,False,mediapipe_no_detection
28921,test_angry_000213,angry,test,test/angry/PrivateTest_48663603.jpg,6718ce7d3cedf72cc1e5d9693f90b855b3cc8bfb70b3a8dec58c6d2af7f8dab3,test/angry/PrivateTest_48663603.jpg,6718ce7d3cedf72cc1e5d9693f90b855b3cc8bfb70b3a8dec58c6d2af7f8dab3,False,mediapipe_no_detection
28932,test_angry_000224,angry,test,test/angry/PrivateTest_50558991.jpg,9418f53ea70b5d332457d99c4bd478c36c8355314ac060655046e33d4bc68db0,test/angry/PrivateTest_50558991.jpg,9418f53ea70b5d332457d99c4bd478c36c8355314ac060655046e33d4bc68db0,False,mediapipe_no_detection
28952,test_angry_000244,angry,test,test/angry/PrivateTest_54106900.jpg,be9b273268d0c39e859a0eee9e6369e4f0021b3b083dd82591b8cce0f20e0391,test/angry/PrivateTest_54106900.jpg,be9b273268d0c39e859a0eee9e6369e4f0021b3b083dd82591b8cce0f20e0391,False,mediapipe_no_detection
28958,test_angry_000250,angry,test,test/angry/PrivateTest_55949412.jpg,5ec4690d9f8c46b186edbd0d29df07d65ba690e6822165ba213d927071656a4a,test/angry/PrivateTest_55949412.jpg,5ec4690d9f8c46b186edbd0d29df07d65ba690e6822165ba213d927071656a4a,False,mediapipe_no_detection
28966,test_angry_000258,angry,test,test/angry/PrivateTest_56890397.jpg,e896e0494595fa8902d91f90de4ee904fc4ee55d456a3a85c8be2d4022f979a1,test/angry/PrivateTest_56890397.jpg,e896e0494595fa8902d91f90de4ee904fc4ee55d456a3a85c8be2d4022f979a1,False,mediapipe_no_detection
28973,test_angry_000265,angry,test,test/angry/PrivateTest_58505191.jpg,32e9d8352e7c49fe36a538f06942cef645de5ac621be5a735db7706ab120240e,test/angry/PrivateTest_58505191.jpg,32e9d8352e7c49fe36a538f06942cef645de5ac621be5a735db7706ab120240e,False,mediapipe_no_detection
28980,test_angry_000272,angry,test,test/angry/PrivateTest_60168295.jpg,8a4cef7a35ee4d9e4a2ea0ee528f5f87561ac663a9cf55aa266c703631992039,test/angry/PrivateTest_60168295.jpg,8a4cef7a35ee4d9e4a2ea0ee528f5f87561ac663a9cf55aa266c703631992039,False,mediapipe_no_detection
28991,test_angry_000283,angry,test,test/angry/PrivateTest_62009733.jpg,76df62959cef089b030ec32b042ac3fb3d8ee44b7189f0c86cac688f2aba245f,test/angry/PrivateTest_62009733.jpg,76df62959cef089b030ec32b042ac3fb3d8ee44b7189f0c86cac688f2aba245f,False,mediapipe_no_detection
28993,test_angry_000285,angry,test,test/angry/PrivateTest_62042844.jpg,4a624895652cf92606a2996dc855f24ed7fb338bb331819a898dc2e1dfc6661f,test/angry/PrivateTest_62042844.jpg,4a624895652cf92606a2996dc855f24ed7fb338bb331819a898dc2e1dfc6661f,False,mediapipe_no_detection
28998,test_angry_000290,angry,test,test/angry/PrivateTest_62338980.jpg,ddc12007f27263434122b6cd0d4723d196906feb31a64a8837375412a77da445,test/angry/PrivateTest_62338980.jpg,ddc12007f27263434122b6cd0d4723d196906feb31a64a8837375412a77da445,False,mediapipe_no_detection
28999,test_angry_000291,angry,test,test/angry/PrivateTest_62397768.jpg,57f248e6e99d485ca06381459a2d32631489e64b987b0639d15a3df0e5ad872b,test/angry/PrivateTest_62397768.jpg,57f248e6e99d485ca06381459a2d32631489e64b987b0639d15a3df0e5ad872b,False,mediapipe_no_detection
29009,test_angry_000301,angry,test,test/angry/PrivateTest_6420283.jpg,ce5337f0dc3bfc20ccb57d7b35aafc792873b17c833b7788f9d561505160878c,test/angry/PrivateTest_6420283.jpg,ce5337f0dc3bfc20ccb57d7b35aafc792873b17c833b7788f9d561505160878c,False,mediapipe_no_detection
29014,test_angry_000306,angry,test,test/angry/PrivateTest_65112072.jpg,895c5a8b4eab10850bcdf03330fb8e9cc51ef41c3aa1275b117c9e0ee2b2baf6,test/angry/PrivateTest_65112072.jpg,895c5a8b4eab10850bcdf03330fb8e9cc51ef41c3aa1275b117c9e0ee2b2baf6,False,mediapipe_no_detection
29017,test_angry_000309,angry,test,test/angry/PrivateTest_65810483.jpg,7ad5a9c174f7d549f3d301445cceb2d56102435e6445dc7cb6e6a3e9359ddfaf,test/angry/PrivateTest_65810483.jpg,7ad5a9c174f7d549f3d301445cceb2d56102435e6445dc7cb6e6a3e9359ddfaf,False,mediapipe_no_detection
29020,test_angry_000312,angry,test,test/angry/PrivateTest_65940639.jpg,0f251443c8fac35bda8d0729a2a6538cfa4f9e1065ab92d6639cf317bb0eebb0,test/angry/PrivateTest_65940639.jpg,0f251443c8fac35bda8d0729a2a6538cfa4f9e1065ab92d6639cf317bb0eebb0,False,mediapipe_no_detection
29025,test_angry_000317,angry,test,test/angry/PrivateTest_66928656.jpg,e58fb4f193c500e3b0c0ccd74a101d3122ce476e06769a2753b3c28c4f2652d1,test/angry/PrivateTest_66928656.jpg,e58fb4f193c500e3b0c0ccd74a101d3122ce476e06769a2753b3c28c4f2652d1,False,mediapipe_no_detection
29038,test_angry_000330,angry,test,test/angry/PrivateTest_69727437.jpg,3cf13b3ea9ada24d7c187276d00714e8d616c3a11327e27e0b6aaa8975ccd110,test/angry/PrivateTest_69727437.jpg,3cf13b3ea9ada24d7c187276d00714e8d616c3a11327e27e0b6aaa8975ccd110,False,mediapipe_no_detection
29047,test_angry_000339,angry,test,test/angry/PrivateTest_71295423.jpg,b84c14ff049546087396a05dc21f1ccba6600939c6490c0e7d991f7e628b49e0,test/angry/PrivateTest_71295423.jpg,b84c14ff049546087396a05dc21f1ccba6600939c6490c0e7d991f7e628b49e0,False,mediapipe_no_detection
29053,test_angry_000345,angry,test,test/angry/PrivateTest_731447.jpg,12adaed7eed753129cc1013801c1b1791089cf3efaf835300063b4fd21b05e27,test/angry/PrivateTest_731447.jpg,12adaed7eed753129cc1013801c1b1791089cf3efaf835300063b4fd21b05e27,False,mediapipe_no_detection
29054,test_angry_000346,angry,test,test/angry/PrivateTest_73170949.jpg,fafd2f14570d62b9e0f996a8257238b35fa2942028f17014a60c5d02497c38c8,test/angry/PrivateTest_73170949.jpg,fafd2f14570d62b9e0f996a8257238b35fa2942028f17014a60c5d02497c38c8,False,mediapipe_no_detection
29075,test_angry_000367,angry,test,test/angry/PrivateTest_76832798.jpg,a957817e27270a5c0893451d29808d9efd75a867246f2054ba856a5bd05cf428,test/angry/PrivateTest_76832798.jpg,a957817e27270a5c0893451d29808d9efd75a867246f2054ba856a5bd05cf428,False,mediapipe_no_detection
29084,test_angry_000376,angry,test,test/angry/PrivateTest_7783111.jpg,1dd21afc5bcea648e22239fd76fe13fd110bc619d345a55a3c8c525cab121b85,test/angry/PrivateTest_7783111.jpg,1dd21afc5bcea648e22239fd76fe13fd110bc619d345a55a3c8c525cab121b85,False,mediapipe_no_detection
29112,test_angry_000404,angry,test,test/angry/PrivateTest_84105442.jpg,701459eb5a6c1cdefbbfefe98614e25a2064bcc6a37990dcc4c976afe8724be3,test/angry/PrivateTest_84105442.jpg,701459eb5a6c1cdefbbfefe98614e25a2064bcc6a37990dcc4c976afe8724be3,False,mediapipe_no_detection
29117,test_angry_000409,angry,test,test/angry/PrivateTest_86017870.jpg,6c08bc285046a8c2444668fa3fdd87eb6d7d2b7d22704ad798e76173f13c03ec,test/angry/PrivateTest_86017870.jpg,6c08bc285046a8c2444668fa3fdd87eb6d7d2b7d22704ad798e76173f13c03ec,False,mediapipe_no_detection
29119,test_angry_000411,angry,test,test/angry/PrivateTest_86483004.jpg,0d8edf9834f6cd52ce5a15defb1a2ca78ee84b5fac1b1a10fe83ddaf475aa2be,test/angry/PrivateTest_86483004.jpg,0d8edf9834f6cd52ce5a15defb1a2ca78ee84b5fac1b1a10fe83ddaf475aa2be,False,mediapipe_no_detection
29136,test_angry_000428,angry,test,test/angry/PrivateTest_89289950.jpg,7ce598d969a6e7af364c4792d3fe2d05a343c2d9bea13dd85a4f2ae3a55213d0,test/angry/PrivateTest_89289950.jpg,7ce598d969a6e7af364c4792d3fe2d05a343c2d9bea13dd85a4f2ae3a55213d0,False,mediapipe_no_detection
29143,test_angry_000435,angry,test,test/angry/PrivateTest_90676809.jpg,adebcdb7a5f72a36089bc36970efaff07cf5302744fb0ca3a75a1903c14bbf22,test/angry/PrivateTest_90676809.jpg,adebcdb7a5f72a36089bc36970efaff07cf5302744fb0ca3a75a1903c14bbf22,False,mediapipe_no_detection
29172,test_angry_000464,angry,test,test/angry/PrivateTest_95983220.jpg,af94fbacb53bd5ce3c039569d47a59ff10c20b062073babc8fe8697a5df2dde9,test/angry/PrivateTest_95983220.jpg,af94fbacb53bd5ce3c039569d47a59ff10c20b062073babc8fe8697a5df2dde9,False,mediapipe_no_detection
29181,test_angry_000473,angry,test,test/angry/PrivateTest_97952692.jpg,62ba8eafaae89dda9fe1496f1a207d32102f6215854ce58de520fa4cc026c13d,test/angry/PrivateTest_97952692.jpg,62ba8eafaae89dda9fe1496f1a207d32102f6215854ce58de520fa4cc026c13d,False,mediapipe_no_detection
29188,test_angry_000480,angry,test,test/angry/PrivateTest_98865793.jpg,fb8c02549822f452f035ac149f782312d13e79f415ed18fe7efa5e4b3533966f,test/angry/PrivateTest_98865793.jpg,fb8c02549822f452f035ac149f782312d13e79f415ed18fe7efa5e4b3533966f,False,mediapipe_no_detection
29195,test_angry_000487,angry,test,test/angry/PrivateTest_99528552.jpg,5dbe6e06e9ee9404d7180055a8fc1d3a86890e996ecd3b9aac76974695215de7,test/angry/PrivateTest_99528552.jpg,5dbe6e06e9ee9404d7180055a8fc1d3a86890e996ecd3b9aac76974695215de7,False,mediapipe_no_detection
29196,test_angry_000488,angry,test,test/angry/PrivateTest_99739773.jpg,f1a42d9a8e377fb26303913d458effaf6fc928a54ae7ec651c1871eeec68d7e8,test/angry/PrivateTest_99739773.jpg,f1a42d9a8e377fb26303913d458effaf6fc928a54ae7ec651c1871eeec68d7e8,False,mediapipe_no_detection
29197,test_angry_000489,angry,test,test/angry/PrivateTest_99757533.jpg,56bff7601a928a01055fec0f29b628b6b2b69c5b673c03c200de5de0d62bd9fe,test/angry/PrivateTest_99757533.jpg,56bff7601a928a01055fec0f29b628b6b2b69c5b673c03c200de5de0d62bd9fe,False,mediapipe_no_detection
29202,test_angry_000494,angry,test,test/angry/PublicTest_11521746.jpg,ff4b422a6328f2b05a0ec722ddab86b5157721e0197f660093da89dba51187a2,test/angry/PublicTest_11521746.jpg,ff4b422a6328f2b05a0ec722ddab86b5157721e0197f660093da89dba51187a2,False,mediapipe_no_detection
29207,test_angry_000499,angry,test,test/angry/PublicTest_12700974.jpg,dcb5490d202ef07fdb01044cb1f3e07cf307ae496ebaf3e72f82fe188f064d49,test/angry/PublicTest_12700974.jpg,dcb5490d202ef07fdb01044cb1f3e07cf307ae496ebaf3e72f82fe188f064d49,False,mediapipe_no_detection
29210,test_angry_000502,angry,test,test/angry/PublicTest_12919755.jpg,5468f9d8a8da0b6372aaf4d7d2f2eca191b40d415cdcbc259be5d3a2d79373a0,test/angry/PublicTest_12919755.jpg,5468f9d8a8da0b6372aaf4d7d2f2eca191b40d415cdcbc259be5d3a2d79373a0,False,mediapipe_no_detection
29224,test_angry_000516,angry,test,test/angry/PublicTest_15411158.jpg,be51742496661ba42fa8a46ab24828d9d521c3043011f557919a3b604014314c,test/angry/PublicTest_15411158.jpg,be51742496661ba42fa8a46ab24828d9d521c3043011f557919a3b604014314c,False,mediapipe_no_detection
29231,test_angry_000523,angry,test,test/angry/PublicTest_17320024.jpg,66edc50c29862e9d117174eaae7418f8a8c165494d94e355d3709fa32502c864,test/angry/PublicTest_17320024.jpg,66edc50c29862e9d117174eaae7418f8a8c165494d94e355d3709fa32502c864,False,mediapipe_no_detection
29233,test_angry_000525,angry,test,test/angry/PublicTest_17487264.jpg,4e83b233b4ecf565fb3c1ace9d9490b0b37dc5d58d89926f6e80d1a3f3692d4a,test/angry/PublicTest_17487264.jpg,4e83b233b4ecf565fb3c1ace9d9490b0b37dc5d58d89926f6e80d1a3f3692d4a,False,mediapipe_no_detection
29245,test_angry_000537,angry,test,test/angry/PublicTest_18467095.jpg,8983000ef279a43ed02e8703c8c4d7d20f19b8830ee9fa66c48cf6d5dc604898,test/angry/PublicTest_18467095.jpg,8983000ef279a43ed02e8703c8c4d7d20f19b8830ee9fa66c48cf6d5dc604898,False,mediapipe_no_detection
29259,test_angry_000551,angry,test,test/angry/PublicTest_21110779.jpg,ed4d26977b963db7e1034083e11ed4b47bf7c28d36457ea544d512af9486221e,test/angry/PublicTest_21110779.jpg,ed4d26977b963db7e1034083e11ed4b47bf7c28d36457ea544d512af9486221e,False,mediapipe_no_detection
29266,test_angry_000558,angry,test,test/angry/PublicTest_22869801.jpg,c5b25a4ee09ea832d706f82b2a8036eb5dd22ed44145d8efa4d5974dda2a1e27,test/angry/PublicTest_22869801.jpg,c5b25a4ee09ea832d706f82b2a8036eb5dd22ed44145d8efa4d5974dda2a1e27,False,mediapipe_no_detection
29273,test_angry_000565,angry,test,test/angry/PublicTest_2489773.jpg,dcec15e674a40d0a79bdd0a726f040a2c9ea120dbad4d534984a64f19bd5e048,test/angry/PublicTest_2489773.jpg,dcec15e674a40d0a79bdd0a726f040a2c9ea120dbad4d534984a64f19bd5e048,False,mediapipe_no_detection
29304,test_angry_000596,angry,test,test/angry/PublicTest_31588880.jpg,df98c8b25d944a0966319567b05454896e26ddad957e30621b85b0f7ae496aa8,test/angry/PublicTest_31588880.jpg,df98c8b25d944a0966319567b05454896e26ddad957e30621b85b0f7ae496aa8,False,mediapipe_no_detection
29309,test_angry_000601,angry,test,test/angry/PublicTest_32720867.jpg,8f01886a92a19d3ad655f73f94059e8bc1cb8af994664f0308f2815c2fb2f30e,test/angry/PublicTest_32720867.jpg,8f01886a92a19d3ad655f73f94059e8bc1cb8af994664f0308f2815c2fb2f30e,False,mediapipe_no_detection
29311,test_angry_000603,angry,test,test/angry/PublicTest_33298870.jpg,14505e448dd4b7c4c910d62d64222e665db1a4b9acc906eeca65b9250e2c49a4,test/angry/PublicTest_33298870.jpg,14505e448dd4b7c4c910d62d64222e665db1a4b9acc906eeca65b9250e2c49a4,False,mediapipe_no_detection
29328,test_angry_000620,angry,test,test/angry/PublicTest_36696281.jpg,b4ded55ca5979f4938dd958c70d0194f2d4529e2545dcdaacff54f8785c4fa4f,test/angry/PublicTest_36696281.jpg,b4ded55ca5979f4938dd958c70d0194f2d4529e2545dcdaacff54f8785c4fa4f,False,mediapipe_no_detection
29329,test_angry_000621,angry,test,test/angry/PublicTest_36836824.jpg,729dde3762c6e4932d6d42633a7f5373c0778d767908949e1847cd5e9d52909d,test/angry/PublicTest_36836824.jpg,729dde3762c6e4932d6d42633a7f5373c0778d767908949e1847cd5e9d52909d,False,mediapipe_no_detection
29346,test_angry_000638,angry,test,test/angry/PublicTest_41416509.jpg,142b9b946e1fd64c0fc56b867c6d3f9ad3bb3b615fb56c7b8926b70b3f962d19,test/angry/PublicTest_41416509.jpg,142b9b946e1fd64c0fc56b867c6d3f9ad3bb3b615fb56c7b8926b70b3f962d19,False,mediapipe_no_detection
29351,test_angry_000643,angry,test,test/angry/PublicTest_43316380.jpg,cef628dd14268eea26ffb58fb9852e6b19faeb3d343b53e03f7d9eb2a85b08ff,test/angry/PublicTest_43316380.jpg,cef628dd14268eea26ffb58fb9852e6b19faeb3d343b53e03f7d9eb2a85b08ff,False,mediapipe_no_detection
29358,test_angry_000650,angry,test,test/angry/PublicTest_44227970.jpg,cdb38250299cc0408ad218e20a607b22efeb3e08c994a459b1c08a09086662d4,test/angry/PublicTest_44227970.jpg,cdb38250299cc0408ad218e20a607b22efeb3e08c994a459b1c08a09086662d4,False,mediapipe_no_detection
29367,test_angry_000659,angry,test,test/angry/PublicTest_47244745.jpg,3dd89d1eada2a395f704113e49a9efdbf35b9ab5f85cb4cb5dfdb45011325798,test/angry/PublicTest_47244745.jpg,3dd89d1eada2a395f704113e49a9efdbf35b9ab5f85cb4cb5dfdb45011325798,False,mediapipe_no_detection
29368,test_angry_000660,angry,test,test/angry/PublicTest_47374366.jpg,141aa4123ad3525a7fbbb2a5e8c124e87ced9cac1eb9a654443cf328e0492916,test/angry/PublicTest_47374366.jpg,141aa4123ad3525a7fbbb2a5e8c124e87ced9cac1eb9a654443cf328e0492916,False,mediapipe_no_detection
29387,test_angry_000679,angry,test,test/angry/PublicTest_48714314.jpg,3a5d755a307a6cf9aae34ae258c606966549a977a676694836510e3a738daae6,test/angry/PublicTest_48714314.jpg,3a5d755a307a6cf9aae34ae258c606966549a977a676694836510e3a738daae6,False,mediapipe_no_detection
29411,test_angry_000703,angry,test,test/angry/PublicTest_52706232.jpg,8d6ecd9c62b0a1749edbcccb661ff51b0dca9a0a3b11925dbd74c57fe52d0bf7,test/angry/PublicTest_52706232.jpg,8d6ecd9c62b0a1749edbcccb661ff51b0dca9a0a3b11925dbd74c57fe52d0bf7,False,mediapipe_no_detection
29422,test_angry_000714,angry,test,test/angry/PublicTest_55079248.jpg,c94e372bd16142a4219019c487c7c11bb1c197dbe81c89e5280198c30b5d7494,test/angry/PublicTest_55079248.jpg,c94e372bd16142a4219019c487c7c11bb1c197dbe81c89e5280198c30b5d7494,False,mediapipe_no_detection
29423,test_angry_000715,angry,test,test/angry/PublicTest_55124186.jpg,e872a7779616e5dc8ab264ef745431e9d2ec30ed8bb60510c5cafef4b70b30f5,test/angry/PublicTest_55124186.jpg,e872a7779616e5dc8ab264ef745431e9d2ec30ed8bb60510c5cafef4b70b30f5,False,mediapipe_no_detection
29425,test_angry_000717,angry,test,test/angry/PublicTest_5543497.jpg,7d95ea9b5675227952eaca2898cd12019f224ca9af14d757258a7ba7e9919b2c,test/angry/PublicTest_5543497.jpg,7d95ea9b5675227952eaca2898cd12019f224ca9af14d757258a7ba7e9919b2c,False,mediapipe_no_detection
29429,test_angry_000721,angry,test,test/angry/PublicTest_57154065.jpg,d69b68cec724b2db65672d949450e30c8524b7add41b664b4fb6cf8e6faa32b4,test/angry/PublicTest_57154065.jpg,d69b68cec724b2db65672d949450e30c8524b7add41b664b4fb6cf8e6faa32b4,False,mediapipe_no_detection
29436,test_angry_000728,angry,test,test/angry/PublicTest_58554610.jpg,762af0ac30dc9339cfcf214fc43c41ac01839d61f60f8c3d23fdf1eb64216755,test/angry/PublicTest_58554610.jpg,762af0ac30dc9339cfcf214fc43c41ac01839d61f60f8c3d23fdf1eb64216755,False,mediapipe_no_detection
29493,test_angry_000785,angry,test,test/angry/PublicTest_69123222.jpg,3e6b3343c2f842234b295a9f074036e59dac7a8013b9ad580132ee4b49bc765d,test/angry/PublicTest_69123222.jpg,3e6b3343c2f842234b295a9f074036e59dac7a8013b9ad580132ee4b49bc765d,False,mediapipe_no_detection
29507,test_angry_000799,angry,test,test/angry/PublicTest_71571526.jpg,e28ba71b7c8065681ef4fa9f5335d67da2e915c9871005a35bcf36a6cf992903,test/angry/PublicTest_71571526.jpg,e28ba71b7c8065681ef4fa9f5335d67da2e915c9871005a35bcf36a6cf992903,False,mediapipe_no_detection
29520,test_angry_000812,angry,test,test/angry/PublicTest_74837119.jpg,ed43e7a3ab4f15092922967b8e9a7369ead0b4ab87e0da3100f2026bd4cfe5e2,test/angry/PublicTest_74837119.jpg,ed43e7a3ab4f15092922967b8e9a7369ead0b4ab87e0da3100f2026bd4cfe5e2,False,mediapipe_no_detection
29536,test_angry_000828,angry,test,test/angry/PublicTest_78990391.jpg,0a7ec3787d4846b36b3ef71c89c045211bede96513982edfd102d551099694da,test/angry/PublicTest_78990391.jpg,0a7ec3787d4846b36b3ef71c89c045211bede96513982edfd102d551099694da,False,mediapipe_no_detection
29547,test_angry_000839,angry,test,test/angry/PublicTest_80242801.jpg,cacd66b8c7cec25cb0eba0f1cb39eddc58d0691f08ff2d948819569ac03e5abe,test/angry/PublicTest_80242801.jpg,cacd66b8c7cec25cb0eba0f1cb39eddc58d0691f08ff2d948819569ac03e5abe,False,mediapipe_no_detection
29558,test_angry_000850,angry,test,test/angry/PublicTest_81742978.jpg,6880a2682f31b4d7557648e16b3665cd5055697bea245cc02b6d4ef4a823b49e,test/angry/PublicTest_81742978.jpg,6880a2682f31b4d7557648e16b3665cd5055697bea245cc02b6d4ef4a823b49e,False,mediapipe_no_detection
29578,test_angry_000870,angry,test,test/angry/PublicTest_8608284.jpg,f7c09354f3f20a9405e19a2b43e9114a35a161f816389b6d97a8ee1879121c84,test/angry/PublicTest_8608284.jpg,f7c09354f3f20a9405e19a2b43e9114a35a161f816389b6d97a8ee1879121c84,False,mediapipe_no_detection
29593,test_angry_000885,angry,test,test/angry/PublicTest_88659438.jpg,8d17b0b6ea0edf163b1f0fc619ae9346526771bd45d6a21c37868d25b54f8bbc,test/angry/PublicTest_88659438.jpg,8d17b0b6ea0edf163b1f0fc619ae9346526771bd45d6a21c37868d25b54f8bbc,False,mediapipe_no_detection
29603,test_angry_000895,angry,test,test/angry/PublicTest_90378794.jpg,5f1e74a4929823bc629506ba4c1850e241a41f4b22b60077775e5c7d5d805234,test/angry/PublicTest_90378794.jpg,5f1e74a4929823bc629506ba4c1850e241a41f4b22b60077775e5c7d5d805234,False,mediapipe_no_detection
29618,test_angry_000910,angry,test,test/angry/PublicTest_93558553.jpg,82e77425e18e5e70ba891bba7d0ebf6e27d0c8284b2c1bfb14b59e9612abdac5,test/angry/PublicTest_93558553.jpg,82e77425e18e5e70ba891bba7d0ebf6e27d0c8284b2c1bfb14b59e9612abdac5,False,mediapipe_no_detection
29621,test_angry_000913,angry,test,test/angry/PublicTest_93755857.jpg,672d1f0d6ed6fdec591142844d3ff4173376cf219368d04cc5899cf3fc608dea,test/angry/PublicTest_93755857.jpg,672d1f0d6ed6fdec591142844d3ff4173376cf219368d04cc5899cf3fc608dea,False,mediapipe_no_detection
29623,test_angry_000915,angry,test,test/angry/PublicTest_94047538.jpg,f5651007bfdcaf7cbc7877efa4bdf9493d94ec5a79a626f6b86b137820f8007f,test/angry/PublicTest_94047538.jpg,f5651007bfdcaf7cbc7877efa4bdf9493d94ec5a79a626f6b86b137820f8007f,False,mediapipe_no_detection
29627,test_angry_000919,angry,test,test/angry/PublicTest_94411811.jpg,b9642aef84ea43915c12e32701938467cac19d4b9b09a751fcbfeb4359bd0bea,test/angry/PublicTest_94411811.jpg,b9642aef84ea43915c12e32701938467cac19d4b9b09a751fcbfeb4359bd0bea,False,mediapipe_no_detection
29632,test_angry_000924,angry,test,test/angry/PublicTest_94935984.jpg,efc24ffa3310ea059f4b1b35b367d1aeba940715b23d21cd5a0cbea4049a8b44,test/angry/PublicTest_94935984.jpg,efc24ffa3310ea059f4b1b35b367d1aeba940715b23d21cd5a0cbea4049a8b44,False,mediapipe_no_detection
29650,test_angry_000942,angry,test,test/angry/PublicTest_97098619.jpg,2f69558c74f45338a35b5efa1ddea0a617976db3a8cc23afbc234bb09ff6a67c,test/angry/PublicTest_97098619.jpg,2f69558c74f45338a35b5efa1ddea0a617976db3a8cc23afbc234bb09ff6a67c,False,mediapipe_no_detection
29663,test_angry_000955,angry,test,test/angry/PublicTest_99509833.jpg,8d4bdb21c8c37446b118b9c6916bb264478978f970299295ea5dbffec605ac81,test/angry/PublicTest_99509833.jpg,8d4bdb21c8c37446b118b9c6916bb264478978f970299295ea5dbffec605ac81,False,mediapipe_no_detection
29684,test_disgust_000018,disgust,test,test/disgust/PrivateTest_4407805.jpg,fc6983a085a0366b1b447ec57539ebbdccab01e7a32040da729147b9416fdb2a,test/disgust/PrivateTest_4407805.jpg,fc6983a085a0366b1b447ec57539ebbdccab01e7a32040da729147b9416fdb2a,False,mediapipe_no_detection
29688,test_disgust_000022,disgust,test,test/disgust/PrivateTest_50594067.jpg,11e865b8f995ce18bae34494e9ca93c767ab4f2f9d5bacae4f4c33c50e055af5,test/disgust/PrivateTest_50594067.jpg,11e865b8f995ce18bae34494e9ca93c767ab4f2f9d5bacae4f4c33c50e055af5,False,mediapipe_no_detection
29693,test_disgust_000027,disgust,test,test/disgust/PrivateTest_57834460.jpg,eedd9aea93890baf02322d4ce074905a2e7d19c0a149def8b1b5bc5c459fc54d,test/disgust/PrivateTest_57834460.jpg,eedd9aea93890baf02322d4ce074905a2e7d19c0a149def8b1b5bc5c459fc54d,False,mediapipe_no_detection
29698,test_disgust_000032,disgust,test,test/disgust/PrivateTest_6783917.jpg,6e0199443c15bafebaf781e455ffd15daf3afc5837a03ae990a9bedd252bca29,test/disgust/PrivateTest_6783917.jpg,6e0199443c15bafebaf781e455ffd15daf3afc5837a03ae990a9bedd252bca29,False,mediapipe_no_detection
29711,test_disgust_000045,disgust,test,test/disgust/PrivateTest_87787006.jpg,f9f61bf6f34bf9712c404cca49ca7e836a9104aaa182ab0387bd7789ceaaeee7,test/disgust/PrivateTest_87787006.jpg,f9f61bf6f34bf9712c404cca49ca7e836a9104aaa182ab0387bd7789ceaaeee7,False,mediapipe_no_detection
29714,test_disgust_000048,disgust,test,test/disgust/PrivateTest_90157239.jpg,6091f47621fdf4f8126c3998b6707950e3fa8e91815971c692fc2452557627de,test/disgust/PrivateTest_90157239.jpg,6091f47621fdf4f8126c3998b6707950e3fa8e91815971c692fc2452557627de,False,mediapipe_no_detection
29719,test_disgust_000053,disgust,test,test/disgust/PrivateTest_98799539.jpg,81eab750df54330601b5481f83c94fcd865a8ac15d02bd58cf80efb41ea4e989,test/disgust/PrivateTest_98799539.jpg,81eab750df54330601b5481f83c94fcd865a8ac15d02bd58cf80efb41ea4e989,False,mediapipe_no_detection
29721,test_disgust_000055,disgust,test,test/disgust/PrivateTest_99700775.jpg,4b9fdbb3f7c1856c595c4eac373e1bc55817d9da73290bcf887e626fc0cce2ec,test/disgust/PrivateTest_99700775.jpg,4b9fdbb3f7c1856c595c4eac373e1bc55817d9da73290bcf887e626fc0cce2ec,False,mediapipe_no_detection
29735,test_disgust_000069,disgust,test,test/disgust/PublicTest_32023453.jpg,66efef5ad3b2aa8ea822be20feb6a0b53b49c747a75ab7008263532b4e74f98e,test/disgust/PublicTest_32023453.jpg,66efef5ad3b2aa8ea822be20feb6a0b53b49c747a75ab7008263532b4e74f98e,False,mediapipe_no_detection
29747,test_disgust_000081,disgust,test,test/disgust/PublicTest_56572858.jpg,01a7ed465cfa01f30af4bd8275bacd7fa2ddbe9b9ede9c6c73c83abef4093e0c,test/disgust/PublicTest_56572858.jpg,01a7ed465cfa01f30af4bd8275bacd7fa2ddbe9b9ede9c6c73c83abef4093e0c,False,mediapipe_no_detection
29751,test_disgust_000085,disgust,test,test/disgust/PublicTest_59459424.jpg,6ceb0a6fa649319be2ccf8a19bb9d15fd0b7b350d48e6a66e583c6674e5bf671,test/disgust/PublicTest_59459424.jpg,6ceb0a6fa649319be2ccf8a19bb9d15fd0b7b350d48e6a66e583c6674e5bf671,False,mediapipe_no_detection
29756,test_disgust_000090,disgust,test,test/disgust/PublicTest_70868923.jpg,9a8bc7d286752c553b41a834744cbd1e46211c4fa71d4bedfb316330ff8260e8,test/disgust/PublicTest_70868923.jpg,9a8bc7d286752c553b41a834744cbd1e46211c4fa71d4bedfb316330ff8260e8,False,mediapipe_no_detection
29768,test_disgust_000102,disgust,test,test/disgust/PublicTest_86861373.jpg,0242799fea6a1e2d0de38d85d1afb3c6bf66dd8127fefe2bf83eb79e0f83ab98,test/disgust/PublicTest_86861373.jpg,0242799fea6a1e2d0de38d85d1afb3c6bf66dd8127fefe2bf83eb79e0f83ab98,False,mediapipe_no_detection
29770,test_disgust_000104,disgust,test,test/disgust/PublicTest_89570683.jpg,bec680ad8a37d77430931fdc5efbb332020e43412a5a1e2b7f6ad30506831539,test/disgust/PublicTest_89570683.jpg,bec680ad8a37d77430931fdc5efbb332020e43412a5a1e2b7f6ad30506831539,False,mediapipe_no_detection
29772,test_disgust_000106,disgust,test,test/disgust/PublicTest_96161493.jpg,f8695cac257cfb8e56a029b9a0ea0fe36fed05a45df2933c40f0afc32c1783bc,test/disgust/PublicTest_96161493.jpg,f8695cac257cfb8e56a029b9a0ea0fe36fed05a45df2933c40f0afc32c1783bc,False,mediapipe_no_detection
29780,test_fear_000003,fear,test,test/fear/PrivateTest_10306709.jpg,1bb55fff1e1c93d77d9e65e4f922c704a08cc5334d5276b29d7c1431fcfac7a8,test/fear/PrivateTest_10306709.jpg,1bb55fff1e1c93d77d9e65e4f922c704a08cc5334d5276b29d7c1431fcfac7a8,False,mediapipe_no_detection
29787,test_fear_000010,fear,test,test/fear/PrivateTest_1161501.jpg,cdaa5974d9c359fb961c31dfbe9936b2c4a668b1e91fa9d0c450116b056a9b63,test/fear/PrivateTest_1161501.jpg,cdaa5974d9c359fb961c31dfbe9936b2c4a668b1e91fa9d0c450116b056a9b63,False,mediapipe_no_detection
29806,test_fear_000029,fear,test,test/fear/PrivateTest_14546605.jpg,517480bf63571fabba0ab71129822ac9c0e7e87a56d4c2ca18f843d17325373a,test/fear/PrivateTest_14546605.jpg,517480bf63571fabba0ab71129822ac9c0e7e87a56d4c2ca18f843d17325373a,False,mediapipe_no_detection
29820,test_fear_000043,fear,test,test/fear/PrivateTest_166793.jpg,c28c4d25768fe79c5fd26cb71657de61fd32b134d38c895d1e073300886d52af,test/fear/PrivateTest_166793.jpg,c28c4d25768fe79c5fd26cb71657de61fd32b134d38c895d1e073300886d52af,False,mediapipe_no_detection
29853,test_fear_000076,fear,test,test/fear/PrivateTest_2021545.jpg,f1822152cc135f89a8f085abc0e2f00b646b20da579fff85b607192ec357c70b,test/fear/PrivateTest_2021545.jpg,f1822152cc135f89a8f085abc0e2f00b646b20da579fff85b607192ec357c70b,False,mediapipe_no_detection
29878,test_fear_000101,fear,test,test/fear/PrivateTest_24920316.jpg,9c360d63dcc8194984bd76341365320da5e27211c442bc927e7329383ded7dd6,test/fear/PrivateTest_24920316.jpg,9c360d63dcc8194984bd76341365320da5e27211c442bc927e7329383ded7dd6,False,mediapipe_no_detection
29884,test_fear_000107,fear,test,test/fear/PrivateTest_26224087.jpg,23b272bcfd383082627dc6e53774d8c7759008be949fce59ff3b8c9b49396bf0,test/fear/PrivateTest_26224087.jpg,23b272bcfd383082627dc6e53774d8c7759008be949fce59ff3b8c9b49396bf0,False,mediapipe_no_detection
29896,test_fear_000119,fear,test,test/fear/PrivateTest_29140304.jpg,88c60e44f8cce8124c887d8aa3ce4b45b0a0e0f02765b70faf6dee3d6b3c9527,test/fear/PrivateTest_29140304.jpg,88c60e44f8cce8124c887d8aa3ce4b45b0a0e0f02765b70faf6dee3d6b3c9527,False,mediapipe_no_detection
29909,test_fear_000132,fear,test,test/fear/PrivateTest_31565397.jpg,dc3b9aa9a6f52462ebbdccd1a60592d0f0247dc1b3240e6da951061b8fda211c,test/fear/PrivateTest_31565397.jpg,dc3b9aa9a6f52462ebbdccd1a60592d0f0247dc1b3240e6da951061b8fda211c,False,mediapipe_no_detection
29917,test_fear_000140,fear,test,test/fear/PrivateTest_33156632.jpg,5d1cd1cf2298758ec4f80ae767005bde0f1eaf808a6f45213bfa7ed4a39c1e9b,test/fear/PrivateTest_33156632.jpg,5d1cd1cf2298758ec4f80ae767005bde0f1eaf808a6f45213bfa7ed4a39c1e9b,False,mediapipe_no_detection
29926,test_fear_000149,fear,test,test/fear/PrivateTest_34865736.jpg,45317174be797679518a7d5dcaaff6cb4d9340b10e9eebb5f2c87ae28323846b,test/fear/PrivateTest_34865736.jpg,45317174be797679518a7d5dcaaff6cb4d9340b10e9eebb5f2c87ae28323846b,False,mediapipe_no_detection
29941,test_fear_000164,fear,test,test/fear/PrivateTest_37353875.jpg,389e5bcc5d7d5aa61963ea1ac43b930a6b204a6fb9a07583d5feed8cec2a202a,test/fear/PrivateTest_37353875.jpg,389e5bcc5d7d5aa61963ea1ac43b930a6b204a6fb9a07583d5feed8cec2a202a,False,mediapipe_no_detection
29962,test_fear_000185,fear,test,test/fear/PrivateTest_41280098.jpg,882fe1cb2ee90774970c7c833b5a9bc5c399698b2797c904605f20a04ed9b721,test/fear/PrivateTest_41280098.jpg,882fe1cb2ee90774970c7c833b5a9bc5c399698b2797c904605f20a04ed9b721,False,mediapipe_no_detection
29977,test_fear_000200,fear,test,test/fear/PrivateTest_43044676.jpg,3adc3d1b6c84fad3606494d1f0b6198f57f1296f5fd501c7338ece7597b655ac,test/fear/PrivateTest_43044676.jpg,3adc3d1b6c84fad3606494d1f0b6198f57f1296f5fd501c7338ece7597b655ac,False,mediapipe_no_detection
29985,test_fear_000208,fear,test,test/fear/PrivateTest_43799748.jpg,6d0dfc93885a0391d1a8495a7684cfc1a58d59688f6824b2aa70a2a7c82eef9f,test/fear/PrivateTest_43799748.jpg,6d0dfc93885a0391d1a8495a7684cfc1a58d59688f6824b2aa70a2a7c82eef9f,False,mediapipe_no_detection
29992,test_fear_000215,fear,test,test/fear/PrivateTest_4465801.jpg,b349bcaf71eb2acfd5843a2ade68e6e969fc34425fd1b227ceae38fdd9f7f844,test/fear/PrivateTest_4465801.jpg,b349bcaf71eb2acfd5843a2ade68e6e969fc34425fd1b227ceae38fdd9f7f844,False,mediapipe_no_detection
30005,test_fear_000228,fear,test,test/fear/PrivateTest_46493860.jpg,797704206944db60849a8e0c8f90768a4950137693d2c5ae1da61b1e1b532ce3,test/fear/PrivateTest_46493860.jpg,797704206944db60849a8e0c8f90768a4950137693d2c5ae1da61b1e1b532ce3,False,mediapipe_no_detection
30011,test_fear_000234,fear,test,test/fear/PrivateTest_47221428.jpg,9aa3069a94349be91ed22eda483693ca9d71644533dae9fe6e1f00baa9d0a2d0,test/fear/PrivateTest_47221428.jpg,9aa3069a94349be91ed22eda483693ca9d71644533dae9fe6e1f00baa9d0a2d0,False,mediapipe_no_detection
30013,test_fear_000236,fear,test,test/fear/PrivateTest_47352844.jpg,509b23fcee91ce2b8e9dc68675c83f4cbea40c35b29dffde11ec00b8d53ac1bb,test/fear/PrivateTest_47352844.jpg,509b23fcee91ce2b8e9dc68675c83f4cbea40c35b29dffde11ec00b8d53ac1bb,False,mediapipe_no_detection
30040,test_fear_000263,fear,test,test/fear/PrivateTest_51691475.jpg,f4fa396c4a9272541de6a623991b483957a8042231677f92790733586f3ca318,test/fear/PrivateTest_51691475.jpg,f4fa396c4a9272541de6a623991b483957a8042231677f92790733586f3ca318,False,mediapipe_no_detection
30047,test_fear_000270,fear,test,test/fear/PrivateTest_53302454.jpg,bbe6f2b79394d49d9c73d79432361f465f03ae29149119c71cfd1bfc52873d1b,test/fear/PrivateTest_53302454.jpg,bbe6f2b79394d49d9c73d79432361f465f03ae29149119c71cfd1bfc52873d1b,False,mediapipe_no_detection
30048,test_fear_000271,fear,test,test/fear/PrivateTest_53457002.jpg,3c07698df0f8df437acb2e57c25532cbdd90bf74058512005d6fb512a9872fc9,test/fear/PrivateTest_53457002.jpg,3c07698df0f8df437acb2e57c25532cbdd90bf74058512005d6fb512a9872fc9,False,mediapipe_no_detection
30063,test_fear_000286,fear,test,test/fear/PrivateTest_55759553.jpg,6339a7d70ccffc55e61c028d679c826150f9834647acb70a056f5cfa01df1c33,test/fear/PrivateTest_55759553.jpg,6339a7d70ccffc55e61c028d679c826150f9834647acb70a056f5cfa01df1c33,False,mediapipe_no_detection
30080,test_fear_000303,fear,test,test/fear/PrivateTest_59294605.jpg,b79cc11e022da1ad7a00bbff11c218e52941ea8d7eaa23959535d7920a1aaa25,test/fear/PrivateTest_59294605.jpg,b79cc11e022da1ad7a00bbff11c218e52941ea8d7eaa23959535d7920a1aaa25,False,mediapipe_no_detection
30087,test_fear_000310,fear,test,test/fear/PrivateTest_61257779.jpg,3c359beda03dc66cb5df5229014725bbac85918d0591342e49302777cf1292f2,test/fear/PrivateTest_61257779.jpg,3c359beda03dc66cb5df5229014725bbac85918d0591342e49302777cf1292f2,False,mediapipe_no_detection
30089,test_fear_000312,fear,test,test/fear/PrivateTest_61277100.jpg,3a77b0635a6a9590b55f2e7306c4f753b1295376bee63cdc227ab6c13d212f74,test/fear/PrivateTest_61277100.jpg,3a77b0635a6a9590b55f2e7306c4f753b1295376bee63cdc227ab6c13d212f74,False,mediapipe_no_detection
30095,test_fear_000318,fear,test,test/fear/PrivateTest_62645072.jpg,7e42d12b85318cc05b6b07ff326fec5928a6766d74e7432a7362755f804d33ed,test/fear/PrivateTest_62645072.jpg,7e42d12b85318cc05b6b07ff326fec5928a6766d74e7432a7362755f804d33ed,False,mediapipe_no_detection
30102,test_fear_000325,fear,test,test/fear/PrivateTest_63143189.jpg,7278a3d1782cf3ac7139c6e67e74eb088f428d348c500cce1fa24646cd58a29d,test/fear/PrivateTest_63143189.jpg,7278a3d1782cf3ac7139c6e67e74eb088f428d348c500cce1fa24646cd58a29d,False,mediapipe_no_detection
30109,test_fear_000332,fear,test,test/fear/PrivateTest_64589477.jpg,f9ee2a03dd877947ca37e356e5518da5e890cb09d020b7cbb1ca5c09bf2cbe2f,test/fear/PrivateTest_64589477.jpg,f9ee2a03dd877947ca37e356e5518da5e890cb09d020b7cbb1ca5c09bf2cbe2f,False,mediapipe_no_detection
30119,test_fear_000342,fear,test,test/fear/PrivateTest_65773368.jpg,083e025aba7eeb78318b2f5b8f403600b813ae25f2373e717688e056c9d8d91c,test/fear/PrivateTest_65773368.jpg,083e025aba7eeb78318b2f5b8f403600b813ae25f2373e717688e056c9d8d91c,False,mediapipe_no_detection
30120,test_fear_000343,fear,test,test/fear/PrivateTest_65872116.jpg,a5b4d0ef86eec5ecf57f86efd125266500e2880cf6009bc661e85a934595b1e4,test/fear/PrivateTest_65872116.jpg,a5b4d0ef86eec5ecf57f86efd125266500e2880cf6009bc661e85a934595b1e4,False,mediapipe_no_detection
30125,test_fear_000348,fear,test,test/fear/PrivateTest_66382515.jpg,92a5d66360d5f9062a74595b837bb69bf888eefe5a961d0bd3271e85d6701b04,test/fear/PrivateTest_66382515.jpg,92a5d66360d5f9062a74595b837bb69bf888eefe5a961d0bd3271e85d6701b04,False,mediapipe_no_detection
30132,test_fear_000355,fear,test,test/fear/PrivateTest_67336666.jpg,e2c12d7f5fbf44e66513ee0b369fd219dbcc74dab285817750adb3cf9f4e09ae,test/fear/PrivateTest_67336666.jpg,e2c12d7f5fbf44e66513ee0b369fd219dbcc74dab285817750adb3cf9f4e09ae,False,mediapipe_no_detection
30146,test_fear_000369,fear,test,test/fear/PrivateTest_69693204.jpg,7afc4b0f6f0cd3b1e46a7d4cf66363ac3db141c2b60e6a51e3b15da75d59b5e2,test/fear/PrivateTest_69693204.jpg,7afc4b0f6f0cd3b1e46a7d4cf66363ac3db141c2b60e6a51e3b15da75d59b5e2,False,mediapipe_no_detection
30153,test_fear_000376,fear,test,test/fear/PrivateTest_71924149.jpg,2cdf97a412ca1de3687bda237c023d1281a56ef08f5995ee8663be1720588c6e,test/fear/PrivateTest_71924149.jpg,2cdf97a412ca1de3687bda237c023d1281a56ef08f5995ee8663be1720588c6e,False,mediapipe_no_detection
30162,test_fear_000385,fear,test,test/fear/PrivateTest_74129495.jpg,f908655f0c449eff8bec641f811eb487eb754f54ee3a735d42503e74b9e0463f,test/fear/PrivateTest_74129495.jpg,f908655f0c449eff8bec641f811eb487eb754f54ee3a735d42503e74b9e0463f,False,mediapipe_no_detection
30184,test_fear_000407,fear,test,test/fear/PrivateTest_78093204.jpg,2e9de144586624ea5552a69623dbe24bc9f977e72f293fcf58c4c747a2f350cd,test/fear/PrivateTest_78093204.jpg,2e9de144586624ea5552a69623dbe24bc9f977e72f293fcf58c4c747a2f350cd,False,mediapipe_no_detection
30185,test_fear_000408,fear,test,test/fear/PrivateTest_78097639.jpg,47ba2d9f4bd4710462ab3b10c65358f6b20f6d35ba00decc1413d53d74ee3a17,test/fear/PrivateTest_78097639.jpg,47ba2d9f4bd4710462ab3b10c65358f6b20f6d35ba00decc1413d53d74ee3a17,False,mediapipe_no_detection
30191,test_fear_000414,fear,test,test/fear/PrivateTest_79694110.jpg,4d2301c18c0599d2381264f64c3980e6d307373c0de5a4374c70b45bcae9533c,test/fear/PrivateTest_79694110.jpg,4d2301c18c0599d2381264f64c3980e6d307373c0de5a4374c70b45bcae9533c,False,mediapipe_no_detection
30204,test_fear_000427,fear,test,test/fear/PrivateTest_81677378.jpg,7bb7ccd572b5d67a72fba9aa15b11c167684ad3a7952900c25f4e40bbc870ebd,test/fear/PrivateTest_81677378.jpg,7bb7ccd572b5d67a72fba9aa15b11c167684ad3a7952900c25f4e40bbc870ebd,False,mediapipe_no_detection
30230,test_fear_000453,fear,test,test/fear/PrivateTest_86186503.jpg,2fe602dea65a4680f6abdf5b2fded8aa76eda1a0f1b84d6a7215c951890aa394,test/fear/PrivateTest_86186503.jpg,2fe602dea65a4680f6abdf5b2fded8aa76eda1a0f1b84d6a7215c951890aa394,False,mediapipe_no_detection
30239,test_fear_000462,fear,test,test/fear/PrivateTest_87242310.jpg,eb83e42b6f4df24d910ae290fdd498fa2d3878d38623c74c509fd2d0b9efe8fc,test/fear/PrivateTest_87242310.jpg,eb83e42b6f4df24d910ae290fdd498fa2d3878d38623c74c509fd2d0b9efe8fc,False,mediapipe_no_detection
30247,test_fear_000470,fear,test,test/fear/PrivateTest_88792453.jpg,3eae9525148051b8ed154c6af731170f9206b260a372f38aea79ad5d440a9afe,test/fear/PrivateTest_88792453.jpg,3eae9525148051b8ed154c6af731170f9206b260a372f38aea79ad5d440a9afe,False,mediapipe_no_detection
30250,test_fear_000473,fear,test,test/fear/PrivateTest_89129667.jpg,cc03751f0c715a1732d3842662877c9f4db8438f325a3d2934b5f45a6648924a,test/fear/PrivateTest_89129667.jpg,cc03751f0c715a1732d3842662877c9f4db8438f325a3d2934b5f45a6648924a,False,mediapipe_no_detection
30269,test_fear_000492,fear,test,test/fear/PrivateTest_92907981.jpg,ea16382bfe6b53a6ff5e34baf96e1aac33aeaceb001f082c94fb2a1a8d2557b1,test/fear/PrivateTest_92907981.jpg,ea16382bfe6b53a6ff5e34baf96e1aac33aeaceb001f082c94fb2a1a8d2557b1,False,mediapipe_no_detection
30274,test_fear_000497,fear,test,test/fear/PrivateTest_94871864.jpg,df5b8056bfe65670f2015d83a8185d90f6476e3aeee1178c4e22bf2a258c5b73,test/fear/PrivateTest_94871864.jpg,df5b8056bfe65670f2015d83a8185d90f6476e3aeee1178c4e22bf2a258c5b73,False,mediapipe_no_detection
30303,test_fear_000526,fear,test,test/fear/PrivateTest_99353987.jpg,033e3176e5a3e4eafcd2241a665baa84d7ab6d86e5d594cb3c7d76f4555eaffa,test/fear/PrivateTest_99353987.jpg,033e3176e5a3e4eafcd2241a665baa84d7ab6d86e5d594cb3c7d76f4555eaffa,False,mediapipe_no_detection
30304,test_fear_000527,fear,test,test/fear/PrivateTest_99482222.jpg,39892f51d34264e4feb7ca7498b7a4f5ab57dcc56e2e47924ee0bbcc3d76c691,test/fear/PrivateTest_99482222.jpg,39892f51d34264e4feb7ca7498b7a4f5ab57dcc56e2e47924ee0bbcc3d76c691,False,mediapipe_no_detection
30308,test_fear_000531,fear,test,test/fear/PublicTest_10640936.jpg,a6d192edb3e1f88a4791749c7837314147db03b138bc6a72222886cd72a9c3ac,test/fear/PublicTest_10640936.jpg,a6d192edb3e1f88a4791749c7837314147db03b138bc6a72222886cd72a9c3ac,False,mediapipe_no_detection
30326,test_fear_000549,fear,test,test/fear/PublicTest_12576341.jpg,c185338315b9cb75220457781ebc93ec1de0f30bf63bc35bddb4ef5dc0fdab13,test/fear/PublicTest_12576341.jpg,c185338315b9cb75220457781ebc93ec1de0f30bf63bc35bddb4ef5dc0fdab13,False,mediapipe_no_detection
30344,test_fear_000567,fear,test,test/fear/PublicTest_15622568.jpg,f5dfc5a0d964c675cf19645e499d3aba39c435f8d127e2868f45c3c5375649fb,test/fear/PublicTest_15622568.jpg,f5dfc5a0d964c675cf19645e499d3aba39c435f8d127e2868f45c3c5375649fb,False,mediapipe_no_detection
30381,test_fear_000604,fear,test,test/fear/PublicTest_22003953.jpg,fa6d63cab58cc8e5877bfdb40310f6aefd04cc216b9a8848cb0eba8ed4d1d3ee,test/fear/PublicTest_22003953.jpg,fa6d63cab58cc8e5877bfdb40310f6aefd04cc216b9a8848cb0eba8ed4d1d3ee,False,mediapipe_no_detection
30389,test_fear_000612,fear,test,test/fear/PublicTest_24421678.jpg,6722f36f325c80772f7fb7596ef029f98ad69de6e43c65949a20c595b1e2cfec,test/fear/PublicTest_24421678.jpg,6722f36f325c80772f7fb7596ef029f98ad69de6e43c65949a20c595b1e2cfec,False,mediapipe_no_detection
30393,test_fear_000616,fear,test,test/fear/PublicTest_2473254.jpg,b0e94385720c555e226fb469f80bd7727c358d2dec4789acc4926a6a801fe56c,test/fear/PublicTest_2473254.jpg,b0e94385720c555e226fb469f80bd7727c358d2dec4789acc4926a6a801fe56c,False,mediapipe_no_detection
30395,test_fear_000618,fear,test,test/fear/PublicTest_24866713.jpg,4b74fa868e6872c16093d7e4010a6df5ca23c3edebf7717eab6165033c2d815f,test/fear/PublicTest_24866713.jpg,4b74fa868e6872c16093d7e4010a6df5ca23c3edebf7717eab6165033c2d815f,False,mediapipe_no_detection
30419,test_fear_000642,fear,test,test/fear/PublicTest_30139396.jpg,84df4e2823c8987560a4e91c4120ed4f3a9edf014a8ea86655df3ed50219b852,test/fear/PublicTest_30139396.jpg,84df4e2823c8987560a4e91c4120ed4f3a9edf014a8ea86655df3ed50219b852,False,mediapipe_no_detection
30425,test_fear_000648,fear,test,test/fear/PublicTest_3129291.jpg,b627deaa8acb0c4380483ab9e50297c99b9d47d43d03e7431497f872a5f6d793,test/fear/PublicTest_3129291.jpg,b627deaa8acb0c4380483ab9e50297c99b9d47d43d03e7431497f872a5f6d793,False,mediapipe_no_detection
30445,test_fear_000668,fear,test,test/fear/PublicTest_36087891.jpg,2d448a1a0c8cdeb6e72e7bd04dd21b64f0bad625cb1022175e1e972100485f35,test/fear/PublicTest_36087891.jpg,2d448a1a0c8cdeb6e72e7bd04dd21b64f0bad625cb1022175e1e972100485f35,False,mediapipe_no_detection
30451,test_fear_000674,fear,test,test/fear/PublicTest_38533374.jpg,75ce82689fc71b6e3037c11add82fa209428e0da904cd52130e822660ba1cd56,test/fear/PublicTest_38533374.jpg,75ce82689fc71b6e3037c11add82fa209428e0da904cd52130e822660ba1cd56,False,mediapipe_no_detection
30457,test_fear_000680,fear,test,test/fear/PublicTest_39114922.jpg,35521794d22ecba72b22ed99738040aaa0a3d410fc5acc78aa5531c2c4263a47,test/fear/PublicTest_39114922.jpg,35521794d22ecba72b22ed99738040aaa0a3d410fc5acc78aa5531c2c4263a47,False,mediapipe_no_detection
30498,test_fear_000721,fear,test,test/fear/PublicTest_4600014.jpg,9e4b62ef594c2d5697f2384a0ed7685f48a3bc98801c9e6af6f9dbc41018078f,test/fear/PublicTest_4600014.jpg,9e4b62ef594c2d5697f2384a0ed7685f48a3bc98801c9e6af6f9dbc41018078f,False,mediapipe_no_detection
30505,test_fear_000728,fear,test,test/fear/PublicTest_47273940.jpg,1c4ba0fed7653da930fb18fd127b735fd2c31badae426de388e450c9969098e7,test/fear/PublicTest_47273940.jpg,1c4ba0fed7653da930fb18fd127b735fd2c31badae426de388e450c9969098e7,False,mediapipe_no_detection
30512,test_fear_000735,fear,test,test/fear/PublicTest_48109397.jpg,9b7b048f42304b398a2351c500bc81bc83845706324773f5077f95c810d50935,test/fear/PublicTest_48109397.jpg,9b7b048f42304b398a2351c500bc81bc83845706324773f5077f95c810d50935,False,mediapipe_no_detection
30516,test_fear_000739,fear,test,test/fear/PublicTest_48705256.jpg,17a7481e8d216ad16fcb0029e8570fcf229d9a804d509b64dee2d1d52c84ac85,test/fear/PublicTest_48705256.jpg,17a7481e8d216ad16fcb0029e8570fcf229d9a804d509b64dee2d1d52c84ac85,False,mediapipe_no_detection
30526,test_fear_000749,fear,test,test/fear/PublicTest_50181562.jpg,c07422bc80a5eeccbb4f7a0c7bdf6ab0da4a014c5e59d03140244a10d18bea4d,test/fear/PublicTest_50181562.jpg,c07422bc80a5eeccbb4f7a0c7bdf6ab0da4a014c5e59d03140244a10d18bea4d,False,mediapipe_no_detection
30528,test_fear_000751,fear,test,test/fear/PublicTest_50859184.jpg,dd83c291ed53edeb95ea793ec61d0b7733cfd53c9c3b298d8fb8fd8461e70f09,test/fear/PublicTest_50859184.jpg,dd83c291ed53edeb95ea793ec61d0b7733cfd53c9c3b298d8fb8fd8461e70f09,False,mediapipe_no_detection
30556,test_fear_000779,fear,test,test/fear/PublicTest_55887974.jpg,4fe253afdd13553fee6fa86923916276b78afacba447d43702f4c555cee572a9,test/fear/PublicTest_55887974.jpg,4fe253afdd13553fee6fa86923916276b78afacba447d43702f4c555cee572a9,False,mediapipe_no_detection
30561,test_fear_000784,fear,test,test/fear/PublicTest_57465563.jpg,ab534c215324879fb4ac9131c6a04f92b2d90de8a647bf4c36ab474e630dd9f2,test/fear/PublicTest_57465563.jpg,ab534c215324879fb4ac9131c6a04f92b2d90de8a647bf4c36ab474e630dd9f2,False,mediapipe_no_detection
30573,test_fear_000796,fear,test,test/fear/PublicTest_58756471.jpg,3140f51d83b4fec02c26502b20f6a17dff5a68e2632a0c28b09fba091f757795,test/fear/PublicTest_58756471.jpg,3140f51d83b4fec02c26502b20f6a17dff5a68e2632a0c28b09fba091f757795,False,mediapipe_no_detection
30583,test_fear_000806,fear,test,test/fear/PublicTest_60105774.jpg,8f06406b4d65e158ab26bf858c283e3e9476bcc3900ed60df728c3114f8c427c,test/fear/PublicTest_60105774.jpg,8f06406b4d65e158ab26bf858c283e3e9476bcc3900ed60df728c3114f8c427c,False,mediapipe_no_detection
30585,test_fear_000808,fear,test,test/fear/PublicTest_60181461.jpg,d42d437653269d63450199d45c91c012b1c87071e67b4602c793ed580a13fe33,test/fear/PublicTest_60181461.jpg,d42d437653269d63450199d45c91c012b1c87071e67b4602c793ed580a13fe33,False,mediapipe_no_detection
30602,test_fear_000825,fear,test,test/fear/PublicTest_62110858.jpg,00f8b2263980d0af6598fda477f71ebfdab6c058772342bdb599d2844f24c715,test/fear/PublicTest_62110858.jpg,00f8b2263980d0af6598fda477f71ebfdab6c058772342bdb599d2844f24c715,False,mediapipe_no_detection
30614,test_fear_000837,fear,test,test/fear/PublicTest_65145260.jpg,e2e5f49a31a730bcab0891b1a22184d210c6965851e2d5b4ab305098562f41ce,test/fear/PublicTest_65145260.jpg,e2e5f49a31a730bcab0891b1a22184d210c6965851e2d5b4ab305098562f41ce,False,mediapipe_no_detection
30636,test_fear_000859,fear,test,test/fear/PublicTest_69428968.jpg,36ddfb0cb0455acbe758584976ee4282aa285a7aab0fadd10c760642715b5d6d,test/fear/PublicTest_69428968.jpg,36ddfb0cb0455acbe758584976ee4282aa285a7aab0fadd10c760642715b5d6d,False,mediapipe_no_detection
30646,test_fear_000869,fear,test,test/fear/PublicTest_72433846.jpg,bcc5df7c8a1084c7fd24424e8adbc0f6e23d7a6dbdfcd082a606aa5699126d44,test/fear/PublicTest_72433846.jpg,bcc5df7c8a1084c7fd24424e8adbc0f6e23d7a6dbdfcd082a606aa5699126d44,False,mediapipe_no_detection
30654,test_fear_000877,fear,test,test/fear/PublicTest_73757922.jpg,9656edd5cd9e8fb20495ab07555e7f82fcc56151cb28012a60db441389e72432,test/fear/PublicTest_73757922.jpg,9656edd5cd9e8fb20495ab07555e7f82fcc56151cb28012a60db441389e72432,False,mediapipe_no_detection
30655,test_fear_000878,fear,test,test/fear/PublicTest_73792151.jpg,a0fcc118a6261d36931c02a812753d8580b676beeb29b6946268ef2ce7bbf2bb,test/fear/PublicTest_73792151.jpg,a0fcc118a6261d36931c02a812753d8580b676beeb29b6946268ef2ce7bbf2bb,False,mediapipe_no_detection
30700,test_fear_000923,fear,test,test/fear/PublicTest_81588344.jpg,a12a1b4c413b65824d30935313d5f09e80f31ec0a039d8f798bd57a2508c8804,test/fear/PublicTest_81588344.jpg,a12a1b4c413b65824d30935313d5f09e80f31ec0a039d8f798bd57a2508c8804,False,mediapipe_no_detection
30707,test_fear_000930,fear,test,test/fear/PublicTest_82552414.jpg,50a3265c04431749a48af78b6d64bb622fc834b41024e4c704aa1a76966693e0,test/fear/PublicTest_82552414.jpg,50a3265c04431749a48af78b6d64bb622fc834b41024e4c704aa1a76966693e0,False,mediapipe_no_detection
30726,test_fear_000949,fear,test,test/fear/PublicTest_86120099.jpg,e27acdf25ddf69af83cd6ad781616a62eff36fbc92c85bd2b05d12ddcc186a00,test/fear/PublicTest_86120099.jpg,e27acdf25ddf69af83cd6ad781616a62eff36fbc92c85bd2b05d12ddcc186a00,False,mediapipe_no_detection
30729,test_fear_000952,fear,test,test/fear/PublicTest_86245007.jpg,829c4e0886810a453fed839a00f2fe834d803cd0bd78139fc18a37a35acd1d7a,test/fear/PublicTest_86245007.jpg,829c4e0886810a453fed839a00f2fe834d803cd0bd78139fc18a37a35acd1d7a,False,mediapipe_no_detection
30754,test_fear_000977,fear,test,test/fear/PublicTest_91839163.jpg,0e5cde1cdc5e373d3ab1b217f07f818083a990d0b35efbcd60e76f2976294a1b,test/fear/PublicTest_91839163.jpg,0e5cde1cdc5e373d3ab1b217f07f818083a990d0b35efbcd60e76f2976294a1b,False,mediapipe_no_detection
30849,test_happy_000048,happy,test,test/happy/PrivateTest_15967470.jpg,cdfc3bc2fb927d58ffe1b4b0f398a85439c9b0ad04b7f5538ebd1018f90fb30e,test/happy/PrivateTest_15967470.jpg,cdfc3bc2fb927d58ffe1b4b0f398a85439c9b0ad04b7f5538ebd1018f90fb30e,False,mediapipe_no_detection
30944,test_happy_000143,happy,test,test/happy/PrivateTest_27353025.jpg,4e5b9df6f1d3d63a2d5c29503b2fdc81c6290b3400b1b7f096fdf57b0434da4e,test/happy/PrivateTest_27353025.jpg,4e5b9df6f1d3d63a2d5c29503b2fdc81c6290b3400b1b7f096fdf57b0434da4e,False,mediapipe_no_detection
30953,test_happy_000152,happy,test,test/happy/PrivateTest_28122366.jpg,539db2a678bcd1dffe22dbbe34099a436b24a8b90a8b2ca85e4262c0775b2fbc,test/happy/PrivateTest_28122366.jpg,539db2a678bcd1dffe22dbbe34099a436b24a8b90a8b2ca85e4262c0775b2fbc,False,mediapipe_no_detection
30991,test_happy_000190,happy,test,test/happy/PrivateTest_32718461.jpg,b4e00562bff732c048f6107e164000e8c36e275806ff33565786039624b2a279,test/happy/PrivateTest_32718461.jpg,b4e00562bff732c048f6107e164000e8c36e275806ff33565786039624b2a279,False,mediapipe_no_detection
30993,test_happy_000192,happy,test,test/happy/PrivateTest_32948055.jpg,b1dd6c85608453978c1f03c16f780e51e3c20d039246a3929b9db49114570b0d,test/happy/PrivateTest_32948055.jpg,b1dd6c85608453978c1f03c16f780e51e3c20d039246a3929b9db49114570b0d,False,mediapipe_no_detection
31035,test_happy_000234,happy,test,test/happy/PrivateTest_36217716.jpg,20a396329c464fa5f548453632c0b7729b9c46bb451f325ded3fc352e7e1ff5a,test/happy/PrivateTest_36217716.jpg,20a396329c464fa5f548453632c0b7729b9c46bb451f325ded3fc352e7e1ff5a,False,mediapipe_no_detection
31045,test_happy_000244,happy,test,test/happy/PrivateTest_36816441.jpg,4e54b62cf169d5c5652b89c97de4b99ae0a7c14507fba27274ee73f3d203a592,test/happy/PrivateTest_36816441.jpg,4e54b62cf169d5c5652b89c97de4b99ae0a7c14507fba27274ee73f3d203a592,False,mediapipe_no_detection
31051,test_happy_000250,happy,test,test/happy/PrivateTest_3783569.jpg,7da5e308afb3742c4c3553b42999f13a16d91eddb6e051788d42c8fe586ca28d,test/happy/PrivateTest_3783569.jpg,7da5e308afb3742c4c3553b42999f13a16d91eddb6e051788d42c8fe586ca28d,False,mediapipe_no_detection
31102,test_happy_000301,happy,test,test/happy/PrivateTest_43113610.jpg,2de0e10e8dfce330f7f51a595e3c09a79002869ecdfb1e57c242bd4f89e2bf46,test/happy/PrivateTest_43113610.jpg,2de0e10e8dfce330f7f51a595e3c09a79002869ecdfb1e57c242bd4f89e2bf46,False,mediapipe_no_detection
31121,test_happy_000320,happy,test,test/happy/PrivateTest_44648662.jpg,fc38c8746ba674be710e314c34a659f096d06aaf469b96864afdc4cccbc50fb5,test/happy/PrivateTest_44648662.jpg,fc38c8746ba674be710e314c34a659f096d06aaf469b96864afdc4cccbc50fb5,False,mediapipe_no_detection
31133,test_happy_000332,happy,test,test/happy/PrivateTest_45910002.jpg,fec99e8a889a1a0c756fed096b53cee282bf181dac9e172f0d1f6c30515af896,test/happy/PrivateTest_45910002.jpg,fec99e8a889a1a0c756fed096b53cee282bf181dac9e172f0d1f6c30515af896,False,mediapipe_no_detection
31212,test_happy_000411,happy,test,test/happy/PrivateTest_53681643.jpg,9f73da9ef2c0ec67071a7489c0ee545dbc7fc1c5837a55b80d2e9bc1957e2029,test/happy/PrivateTest_53681643.jpg,9f73da9ef2c0ec67071a7489c0ee545dbc7fc1c5837a55b80d2e9bc1957e2029,False,mediapipe_no_detection
31232,test_happy_000431,happy,test,test/happy/PrivateTest_55512604.jpg,d39652f1babcf130cf20b849ec85876e36ba2041e235944394f200caf16742fd,test/happy/PrivateTest_55512604.jpg,d39652f1babcf130cf20b849ec85876e36ba2041e235944394f200caf16742fd,False,mediapipe_no_detection
31241,test_happy_000440,happy,test,test/happy/PrivateTest_56630556.jpg,b580a5a6d388cbb52ce92f0b3ff5f5da4707192e1fac6074df754fdc876f06fb,test/happy/PrivateTest_56630556.jpg,b580a5a6d388cbb52ce92f0b3ff5f5da4707192e1fac6074df754fdc876f06fb,False,mediapipe_no_detection
31243,test_happy_000442,happy,test,test/happy/PrivateTest_57066855.jpg,d5018e9c8fb8b5751b911cb91ce7537913ba3901fa294a8c34dea1c5890d8ad0,test/happy/PrivateTest_57066855.jpg,d5018e9c8fb8b5751b911cb91ce7537913ba3901fa294a8c34dea1c5890d8ad0,False,mediapipe_no_detection
31258,test_happy_000457,happy,test,test/happy/PrivateTest_58355446.jpg,f2a0fdcdcc732acdfe8ddd056bb0ecd697ac43a8633c6c5590901b3a83487a3a,test/happy/PrivateTest_58355446.jpg,f2a0fdcdcc732acdfe8ddd056bb0ecd697ac43a8633c6c5590901b3a83487a3a,False,mediapipe_no_detection
31293,test_happy_000492,happy,test,test/happy/PrivateTest_61352712.jpg,334c57e338138ef2c41f7cc1a4fdff5de8793764df276b09cccef3ecff46d863,test/happy/PrivateTest_61352712.jpg,334c57e338138ef2c41f7cc1a4fdff5de8793764df276b09cccef3ecff46d863,False,mediapipe_no_detection
31296,test_happy_000495,happy,test,test/happy/PrivateTest_61499973.jpg,81359f5d553812e6cc94a8c23fa1f1e46b0cec3665d2b668a948e4218045407a,test/happy/PrivateTest_61499973.jpg,81359f5d553812e6cc94a8c23fa1f1e46b0cec3665d2b668a948e4218045407a,False,mediapipe_no_detection
31311,test_happy_000510,happy,test,test/happy/PrivateTest_62709406.jpg,847f9c0454c4af2717dfe06c32b7af3b14c29766380de7d2f9478b4592963988,test/happy/PrivateTest_62709406.jpg,847f9c0454c4af2717dfe06c32b7af3b14c29766380de7d2f9478b4592963988,False,mediapipe_no_detection
31397,test_happy_000596,happy,test,test/happy/PrivateTest_70810444.jpg,0e6880ef48696240f585b2d511ca1381ab78a4c3212e42cb2e16c0f68f452d21,test/happy/PrivateTest_70810444.jpg,0e6880ef48696240f585b2d511ca1381ab78a4c3212e42cb2e16c0f68f452d21,False,mediapipe_no_detection
31414,test_happy_000613,happy,test,test/happy/PrivateTest_73219906.jpg,1a4e07b3645f166e407bbae4c4c5feb9f14668001978f2259639bdf81c94b9bd,test/happy/PrivateTest_73219906.jpg,1a4e07b3645f166e407bbae4c4c5feb9f14668001978f2259639bdf81c94b9bd,False,mediapipe_no_detection
31417,test_happy_000616,happy,test,test/happy/PrivateTest_73482952.jpg,dab9289a9bc101732ca33e7b7a280908272cbbadf6cb45f2b40afcb672615287,test/happy/PrivateTest_73482952.jpg,dab9289a9bc101732ca33e7b7a280908272cbbadf6cb45f2b40afcb672615287,False,mediapipe_no_detection
31426,test_happy_000625,happy,test,test/happy/PrivateTest_74293567.jpg,29508fad84c392b427ff2dd5121cc41dbe92eb046489c2b77646f24294189277,test/happy/PrivateTest_74293567.jpg,29508fad84c392b427ff2dd5121cc41dbe92eb046489c2b77646f24294189277,False,mediapipe_no_detection
31446,test_happy_000645,happy,test,test/happy/PrivateTest_75977204.jpg,b6f9d3e54414e81c21af2fb841d749f370769daa56a6d13b4aaf745b55f7660e,test/happy/PrivateTest_75977204.jpg,b6f9d3e54414e81c21af2fb841d749f370769daa56a6d13b4aaf745b55f7660e,False,mediapipe_no_detection
31486,test_happy_000685,happy,test,test/happy/PrivateTest_8036657.jpg,a16bc1a91acad27f69e8671668543238d7bc1460fa851955e3896083d431dcff,test/happy/PrivateTest_8036657.jpg,a16bc1a91acad27f69e8671668543238d7bc1460fa851955e3896083d431dcff,False,mediapipe_no_detection
31512,test_happy_000711,happy,test,test/happy/PrivateTest_82392713.jpg,90606ff8f265f01a1bb7c5479ee50c33c0d59903a5b57dc7bf5c7d39e5b89eb6,test/happy/PrivateTest_82392713.jpg,90606ff8f265f01a1bb7c5479ee50c33c0d59903a5b57dc7bf5c7d39e5b89eb6,False,mediapipe_no_detection
31527,test_happy_000726,happy,test,test/happy/PrivateTest_84124278.jpg,8271ee9705b6acf9461083655992491b7e55c600ca031101731b7a6896698d8a,test/happy/PrivateTest_84124278.jpg,8271ee9705b6acf9461083655992491b7e55c600ca031101731b7a6896698d8a,False,mediapipe_no_detection
31551,test_happy_000750,happy,test,test/happy/PrivateTest_86947675.jpg,1bf852a24024f5e873fb2a22bcb7811a780bfa7e721624dab148b387e8bc286d,test/happy/PrivateTest_86947675.jpg,1bf852a24024f5e873fb2a22bcb7811a780bfa7e721624dab148b387e8bc286d,False,mediapipe_no_detection
31571,test_happy_000770,happy,test,test/happy/PrivateTest_88165373.jpg,72178e3f75b5c8f3a49c17e444642c03e5451bee3b82c3332bacff6dced5e46d,test/happy/PrivateTest_88165373.jpg,72178e3f75b5c8f3a49c17e444642c03e5451bee3b82c3332bacff6dced5e46d,False,mediapipe_no_detection
31598,test_happy_000797,happy,test,test/happy/PrivateTest_90595495.jpg,a9ff005db07162880a7ee13e4c6ffe624486e24f35c850a50a5a3c09ac6eecef,test/happy/PrivateTest_90595495.jpg,a9ff005db07162880a7ee13e4c6ffe624486e24f35c850a50a5a3c09ac6eecef,False,mediapipe_no_detection
31607,test_happy_000806,happy,test,test/happy/PrivateTest_92171408.jpg,47f0b746967a77d44298fe7c368a49d8fe64f056288f1e37f8d42e082fb5c1f8,test/happy/PrivateTest_92171408.jpg,47f0b746967a77d44298fe7c368a49d8fe64f056288f1e37f8d42e082fb5c1f8,False,mediapipe_no_detection
31611,test_happy_000810,happy,test,test/happy/PrivateTest_92490072.jpg,fdcc511f89e37d8e678202d7246157a958fdca688a67994b0d061c93420fbd86,test/happy/PrivateTest_92490072.jpg,fdcc511f89e37d8e678202d7246157a958fdca688a67994b0d061c93420fbd86,False,mediapipe_no_detection
31666,test_happy_000865,happy,test,test/happy/PrivateTest_98023411.jpg,ccd7df70aab29763b7fc4feb06652cf10c05d37f883ddb096499123343cdd29e,test/happy/PrivateTest_98023411.jpg,ccd7df70aab29763b7fc4feb06652cf10c05d37f883ddb096499123343cdd29e,False,mediapipe_no_detection
31677,test_happy_000876,happy,test,test/happy/PrivateTest_99691745.jpg,f123a2d800236f531fd5230c057155b55999a06da5475930f72f89ce084e51a1,test/happy/PrivateTest_99691745.jpg,f123a2d800236f531fd5230c057155b55999a06da5475930f72f89ce084e51a1,False,mediapipe_no_detection
31789,test_happy_000988,happy,test,test/happy/PublicTest_21080954.jpg,3d09447da630d2d2c4aaa089f80baeeea57793279ebbd14ba360727d9b5270b7,test/happy/PublicTest_21080954.jpg,3d09447da630d2d2c4aaa089f80baeeea57793279ebbd14ba360727d9b5270b7,False,mediapipe_no_detection
31794,test_happy_000993,happy,test,test/happy/PublicTest_21832858.jpg,2e0c6079ec18523418bba3aad2bce839ff6d5f49ba4951cf81c9a0a72a4937c1,test/happy/PublicTest_21832858.jpg,2e0c6079ec18523418bba3aad2bce839ff6d5f49ba4951cf81c9a0a72a4937c1,False,mediapipe_no_detection
31836,test_happy_001035,happy,test,test/happy/PublicTest_25718007.jpg,5d3babe4b0f7f17f1225dbb9e9bd5aaff2077732b60a59cd5c1d18998deddf7c,test/happy/PublicTest_25718007.jpg,5d3babe4b0f7f17f1225dbb9e9bd5aaff2077732b60a59cd5c1d18998deddf7c,False,mediapipe_no_detection
31853,test_happy_001052,happy,test,test/happy/PublicTest_27009464.jpg,36ba41893ca0ae0970ff1f72398f3f3e91574424196ab437662da28a0c9237c5,test/happy/PublicTest_27009464.jpg,36ba41893ca0ae0970ff1f72398f3f3e91574424196ab437662da28a0c9237c5,False,mediapipe_no_detection
31896,test_happy_001095,happy,test,test/happy/PublicTest_30360811.jpg,e9c6f6d74e49cd2bceeef8e944af489d89eaf549ab73332dfc93bbc8be53f849,test/happy/PublicTest_30360811.jpg,e9c6f6d74e49cd2bceeef8e944af489d89eaf549ab73332dfc93bbc8be53f849,False,mediapipe_no_detection
31924,test_happy_001123,happy,test,test/happy/PublicTest_3299093.jpg,ca98806f98ae5a141610a993b4908bf555337c540a00293b91457cb912962c25,test/happy/PublicTest_3299093.jpg,ca98806f98ae5a141610a993b4908bf555337c540a00293b91457cb912962c25,False,mediapipe_no_detection
31990,test_happy_001189,happy,test,test/happy/PublicTest_40705304.jpg,147b13f89bb9621e7ebf3b35f2f2bfedc9a82363b2d6af7a1de198a87013032b,test/happy/PublicTest_40705304.jpg,147b13f89bb9621e7ebf3b35f2f2bfedc9a82363b2d6af7a1de198a87013032b,False,mediapipe_no_detection
32134,test_happy_001333,happy,test,test/happy/PublicTest_55178437.jpg,bb3648db3684dc8996c4915e35a916ff8e6e5d3ef7e652cff6d0d7fc598dd276,test/happy/PublicTest_55178437.jpg,bb3648db3684dc8996c4915e35a916ff8e6e5d3ef7e652cff6d0d7fc598dd276,False,mediapipe_no_detection
32139,test_happy_001338,happy,test,test/happy/PublicTest_55596965.jpg,3ac4ea022f8be829d42311e7d4018f9a26ff62631458f2ff8ac0f5cd16c4e7c8,test/happy/PublicTest_55596965.jpg,3ac4ea022f8be829d42311e7d4018f9a26ff62631458f2ff8ac0f5cd16c4e7c8,False,mediapipe_no_detection
32173,test_happy_001372,happy,test,test/happy/PublicTest_58440067.jpg,7d07cb01f53f5408535d81aeedbcccd1f91738c675faec768b839f2ad0f27da3,test/happy/PublicTest_58440067.jpg,7d07cb01f53f5408535d81aeedbcccd1f91738c675faec768b839f2ad0f27da3,False,mediapipe_no_detection
32187,test_happy_001386,happy,test,test/happy/PublicTest_59955381.jpg,cede9e77f2abb37f602ba158a34a136ce4cb754243cd59cc47650670eeeea487,test/happy/PublicTest_59955381.jpg,cede9e77f2abb37f602ba158a34a136ce4cb754243cd59cc47650670eeeea487,False,mediapipe_no_detection
32210,test_happy_001409,happy,test,test/happy/PublicTest_62130282.jpg,0c8867eb4f98e47650080f51e03e60fece41aff97049d4e190bfb04359b41675,test/happy/PublicTest_62130282.jpg,0c8867eb4f98e47650080f51e03e60fece41aff97049d4e190bfb04359b41675,False,mediapipe_no_detection
32214,test_happy_001413,happy,test,test/happy/PublicTest_62369620.jpg,c6ccf16e3a3e3cbb69b9c5bab83ca551175792057f532cac383dfad55f8994dd,test/happy/PublicTest_62369620.jpg,c6ccf16e3a3e3cbb69b9c5bab83ca551175792057f532cac383dfad55f8994dd,False,mediapipe_no_detection
32273,test_happy_001472,happy,test,test/happy/PublicTest_70696031.jpg,c3e32080f511e1da952ed3f8df50648e9cf549a7bfdbf92e98e45a0f4372aa25,test/happy/PublicTest_70696031.jpg,c3e32080f511e1da952ed3f8df50648e9cf549a7bfdbf92e98e45a0f4372aa25,False,mediapipe_no_detection
32321,test_happy_001520,happy,test,test/happy/PublicTest_75188569.jpg,5556795ba557d113b2051154a29b58e23c41ad18aee8eb74631efc22ab150819,test/happy/PublicTest_75188569.jpg,5556795ba557d113b2051154a29b58e23c41ad18aee8eb74631efc22ab150819,False,mediapipe_no_detection
32397,test_happy_001596,happy,test,test/happy/PublicTest_82650885.jpg,812f4b8ddc948ee1c8cf9f13dc19dda2f704544e1524ab8c7ae439db09ae6597,test/happy/PublicTest_82650885.jpg,812f4b8ddc948ee1c8cf9f13dc19dda2f704544e1524ab8c7ae439db09ae6597,False,mediapipe_no_detection
32401,test_happy_001600,happy,test,test/happy/PublicTest_8281675.jpg,2eb895347dd26caef136412b797cce5f469c1345c881904a131a4bfb08750ec1,test/happy/PublicTest_8281675.jpg,2eb895347dd26caef136412b797cce5f469c1345c881904a131a4bfb08750ec1,False,mediapipe_no_detection
32404,test_happy_001603,happy,test,test/happy/PublicTest_82925571.jpg,8124bc88feceb120a9024440003f11c253d592dda33e443af07fa5bd3853a667,test/happy/PublicTest_82925571.jpg,8124bc88feceb120a9024440003f11c253d592dda33e443af07fa5bd3853a667,False,mediapipe_no_detection
32406,test_happy_001605,happy,test,test/happy/PublicTest_82996944.jpg,bdbe93c63d2531cf5551fd5deb44063307b7b21320eb701833bb615aaf767aee,test/happy/PublicTest_82996944.jpg,bdbe93c63d2531cf5551fd5deb44063307b7b21320eb701833bb615aaf767aee,False,mediapipe_no_detection
32426,test_happy_001625,happy,test,test/happy/PublicTest_8451615.jpg,004fbeef1bc41dde948c3f4ca5803bcdf3fe4479d1017aaa127fd2640165f003,test/happy/PublicTest_8451615.jpg,004fbeef1bc41dde948c3f4ca5803bcdf3fe4479d1017aaa127fd2640165f003,False,mediapipe_no_detection
32436,test_happy_001635,happy,test,test/happy/PublicTest_858686.jpg,e4d45409294708aa76de9c0576d49b37a58ffd2c0aaaaafdf940b99dd10838fd,test/happy/PublicTest_858686.jpg,e4d45409294708aa76de9c0576d49b37a58ffd2c0aaaaafdf940b99dd10838fd,False,mediapipe_no_detection
32466,test_happy_001665,happy,test,test/happy/PublicTest_89481334.jpg,f6f0b7fbc881919b606910d535584881351ac555eebc764f4a574b5d571b6827,test/happy/PublicTest_89481334.jpg,f6f0b7fbc881919b606910d535584881351ac555eebc764f4a574b5d571b6827,False,mediapipe_no_detection
32468,test_happy_001667,happy,test,test/happy/PublicTest_89522352.jpg,a654913481412b21a126da0f4952dddaf8950d19ee53aecc81dd58f09b8cbbef,test/happy/PublicTest_89522352.jpg,a654913481412b21a126da0f4952dddaf8950d19ee53aecc81dd58f09b8cbbef,False,mediapipe_no_detection
32544,test_happy_001743,happy,test,test/happy/PublicTest_97150877.jpg,c746ed2e30a9bfc3b2c2bd267bf617014657ba483f93a6789653600923f8ec6b,test/happy/PublicTest_97150877.jpg,c746ed2e30a9bfc3b2c2bd267bf617014657ba483f93a6789653600923f8ec6b,False,mediapipe_no_detection
32547,test_happy_001746,happy,test,test/happy/PublicTest_97297069.jpg,1f9b6b747e59ac9a9712576865455ae156a8050d7092ee3f3f6d3d47de3001d1,test/happy/PublicTest_97297069.jpg,1f9b6b747e59ac9a9712576865455ae156a8050d7092ee3f3f6d3d47de3001d1,False,mediapipe_no_detection
32554,test_happy_001753,happy,test,test/happy/PublicTest_9795756.jpg,ed31a3ec958159c8351ef752b2ed6b3868c9e33eca1acc05605dedc992bf35d9,test/happy/PublicTest_9795756.jpg,ed31a3ec958159c8351ef752b2ed6b3868c9e33eca1acc05605dedc992bf35d9,False,mediapipe_no_detection
32588,test_neutral_000013,neutral,test,test/neutral/PrivateTest_12208844.jpg,55a3b5e5fc2873eea363ace8f2fb41de8149153c7b01f1a1a2e2f2b05d789fed,test/neutral/PrivateTest_12208844.jpg,55a3b5e5fc2873eea363ace8f2fb41de8149153c7b01f1a1a2e2f2b05d789fed,False,mediapipe_no_detection
32601,test_neutral_000026,neutral,test,test/neutral/PrivateTest_15353271.jpg,41cb769173e922397dff6d72b502b2fb11c671991831e07ecd0508071ecd4e76,test/neutral/PrivateTest_15353271.jpg,41cb769173e922397dff6d72b502b2fb11c671991831e07ecd0508071ecd4e76,False,mediapipe_no_detection
32613,test_neutral_000038,neutral,test,test/neutral/PrivateTest_17071390.jpg,47550b7e0a74edd7a53b00eb98f11db922ee5ed76a61e5ad83e64a2c61cdc659,test/neutral/PrivateTest_17071390.jpg,47550b7e0a74edd7a53b00eb98f11db922ee5ed76a61e5ad83e64a2c61cdc659,False,mediapipe_no_detection
32617,test_neutral_000042,neutral,test,test/neutral/PrivateTest_18187501.jpg,57ea777cec15315dc6f86d4733b86061f6a494eaee5238629dbf959c647a6023,test/neutral/PrivateTest_18187501.jpg,57ea777cec15315dc6f86d4733b86061f6a494eaee5238629dbf959c647a6023,False,mediapipe_no_detection
32623,test_neutral_000048,neutral,test,test/neutral/PrivateTest_1844176.jpg,99752d2d0cb2013b853a5c86fd62d1dbd1a196b295d817a9871c04fbe349fa6d,test/neutral/PrivateTest_1844176.jpg,99752d2d0cb2013b853a5c86fd62d1dbd1a196b295d817a9871c04fbe349fa6d,False,mediapipe_no_detection
32627,test_neutral_000052,neutral,test,test/neutral/PrivateTest_18968304.jpg,7551e64975fc9d2b2bcdaba0d1be088cf80ade7cf626a6aec2e5029852826c90,test/neutral/PrivateTest_18968304.jpg,7551e64975fc9d2b2bcdaba0d1be088cf80ade7cf626a6aec2e5029852826c90,False,mediapipe_no_detection
32637,test_neutral_000062,neutral,test,test/neutral/PrivateTest_20061276.jpg,7b4e4f9d3cdee01b4b5837db6537ee4b0a6810ab33b574600e6bd3d46a4b1a24,test/neutral/PrivateTest_20061276.jpg,7b4e4f9d3cdee01b4b5837db6537ee4b0a6810ab33b574600e6bd3d46a4b1a24,False,mediapipe_no_detection
32656,test_neutral_000081,neutral,test,test/neutral/PrivateTest_21587712.jpg,7ab70cc08372871f5b96b6306fe2bd0f5679b5a3469736627e41179434d483cb,test/neutral/PrivateTest_21587712.jpg,7ab70cc08372871f5b96b6306fe2bd0f5679b5a3469736627e41179434d483cb,False,mediapipe_no_detection
32681,test_neutral_000106,neutral,test,test/neutral/PrivateTest_24612063.jpg,c8d6686be96316068f1b470d39fdbeeb284908ff34c01b467b6b1877a2228f1b,test/neutral/PrivateTest_24612063.jpg,c8d6686be96316068f1b470d39fdbeeb284908ff34c01b467b6b1877a2228f1b,False,mediapipe_no_detection
32703,test_neutral_000128,neutral,test,test/neutral/PrivateTest_2921450.jpg,02e15cdb4c1b4562ca785e495fd93dad3b518938f7bde4a9aee64f4a1e258ebd,test/neutral/PrivateTest_2921450.jpg,02e15cdb4c1b4562ca785e495fd93dad3b518938f7bde4a9aee64f4a1e258ebd,False,mediapipe_no_detection
32716,test_neutral_000141,neutral,test,test/neutral/PrivateTest_30720718.jpg,a4961364cfc553d58e7842295324cb0da7c7e0eeab3c9416a2d0b79076f42335,test/neutral/PrivateTest_30720718.jpg,a4961364cfc553d58e7842295324cb0da7c7e0eeab3c9416a2d0b79076f42335,False,mediapipe_no_detection
32720,test_neutral_000145,neutral,test,test/neutral/PrivateTest_31203746.jpg,bd526eac475efc104aefbcdd63cf371207ffc93ca43ac5338e455f804ccda1db,test/neutral/PrivateTest_31203746.jpg,bd526eac475efc104aefbcdd63cf371207ffc93ca43ac5338e455f804ccda1db,False,mediapipe_no_detection
32753,test_neutral_000178,neutral,test,test/neutral/PrivateTest_35490031.jpg,8fe6a6f8592cc99fe448a516304b493af8a0ab6a7239a1d5936de199bd9d4cc9,test/neutral/PrivateTest_35490031.jpg,8fe6a6f8592cc99fe448a516304b493af8a0ab6a7239a1d5936de199bd9d4cc9,False,mediapipe_no_detection
32779,test_neutral_000204,neutral,test,test/neutral/PrivateTest_39719128.jpg,3a5105de85ca3264247153fce7d9ddeebbbce747f7c222266ac5fc212da872ad,test/neutral/PrivateTest_39719128.jpg,3a5105de85ca3264247153fce7d9ddeebbbce747f7c222266ac5fc212da872ad,False,mediapipe_no_detection
32802,test_neutral_000227,neutral,test,test/neutral/PrivateTest_44344193.jpg,a471794e0a1b45c3d2075ef8ef610a14639a6b21a7af183f7f9a81480e8ad031,test/neutral/PrivateTest_44344193.jpg,a471794e0a1b45c3d2075ef8ef610a14639a6b21a7af183f7f9a81480e8ad031,False,mediapipe_no_detection
32826,test_neutral_000251,neutral,test,test/neutral/PrivateTest_48186321.jpg,f5b28850d396ee74c262538c8495d1a8b46daada3724c3bbef346854a0c07114,test/neutral/PrivateTest_48186321.jpg,f5b28850d396ee74c262538c8495d1a8b46daada3724c3bbef346854a0c07114,False,mediapipe_no_detection
32894,test_neutral_000319,neutral,test,test/neutral/PrivateTest_57076415.jpg,e532caab7d0734a7f58e4acf765e5bc2e0e4b022dd308fd471050b0ee7c774e1,test/neutral/PrivateTest_57076415.jpg,e532caab7d0734a7f58e4acf765e5bc2e0e4b022dd308fd471050b0ee7c774e1,False,mediapipe_no_detection
32928,test_neutral_000353,neutral,test,test/neutral/PrivateTest_62221086.jpg,edccb82e6c17352ceabdaf82a4c6da10a263ae2e3eb93fb6c8c2dfe36829a15d,test/neutral/PrivateTest_62221086.jpg,edccb82e6c17352ceabdaf82a4c6da10a263ae2e3eb93fb6c8c2dfe36829a15d,False,mediapipe_no_detection
32959,test_neutral_000384,neutral,test,test/neutral/PrivateTest_66441948.jpg,3989013668bfaf16ad9711a653a2e7e5d94e9a961bfbdde7a4295bde42a7a90b,test/neutral/PrivateTest_66441948.jpg,3989013668bfaf16ad9711a653a2e7e5d94e9a961bfbdde7a4295bde42a7a90b,False,mediapipe_no_detection
32969,test_neutral_000394,neutral,test,test/neutral/PrivateTest_68065916.jpg,2670ed90fac1a3f6f2a2c5bd0d8c10012a12e254d3a2347a731ea27b327478ee,test/neutral/PrivateTest_68065916.jpg,2670ed90fac1a3f6f2a2c5bd0d8c10012a12e254d3a2347a731ea27b327478ee,False,mediapipe_no_detection
32995,test_neutral_000420,neutral,test,test/neutral/PrivateTest_71340120.jpg,92d8f2471e8657ac93678b6102e563dbb524352788f38d41fc49f02eac7cfa23,test/neutral/PrivateTest_71340120.jpg,92d8f2471e8657ac93678b6102e563dbb524352788f38d41fc49f02eac7cfa23,False,mediapipe_no_detection
33158,test_neutral_000583,neutral,test,test/neutral/PrivateTest_95199363.jpg,41208f0916771632d331d06ae7a82114f86f44dbc8f6101538f46a57a5c0dfe3,test/neutral/PrivateTest_95199363.jpg,41208f0916771632d331d06ae7a82114f86f44dbc8f6101538f46a57a5c0dfe3,False,mediapipe_no_detection
33195,test_neutral_000620,neutral,test,test/neutral/PrivateTest_9952944.jpg,93e1c560eb8fb43892c28644863e4e9869a853ed3602809ed836d875c40bfe17,test/neutral/PrivateTest_9952944.jpg,93e1c560eb8fb43892c28644863e4e9869a853ed3602809ed836d875c40bfe17,False,mediapipe_no_detection
33237,test_neutral_000662,neutral,test,test/neutral/PublicTest_14191068.jpg,d3a978335e872325972aec890a7af93d6265e19145e3ae41f44747b98726c6a4,test/neutral/PublicTest_14191068.jpg,d3a978335e872325972aec890a7af93d6265e19145e3ae41f44747b98726c6a4,False,mediapipe_no_detection
33250,test_neutral_000675,neutral,test,test/neutral/PublicTest_15550175.jpg,a94c8205f9977bc19a4027dbbbfa485fc1c0c6cd8a5ac11db421aed78f0b8fac,test/neutral/PublicTest_15550175.jpg,a94c8205f9977bc19a4027dbbbfa485fc1c0c6cd8a5ac11db421aed78f0b8fac,False,mediapipe_no_detection
33303,test_neutral_000728,neutral,test,test/neutral/PublicTest_24268857.jpg,c1ee361a0a094a2a86afbb7d959a46bb5f2efa9eee610f62a64754f61d1487e4,test/neutral/PublicTest_24268857.jpg,c1ee361a0a094a2a86afbb7d959a46bb5f2efa9eee610f62a64754f61d1487e4,False,mediapipe_no_detection
33324,test_neutral_000749,neutral,test,test/neutral/PublicTest_28380934.jpg,94a0fab20287fffbb00b21914f27a045eb1383369f20ababd6375afa3d2c0949,test/neutral/PublicTest_28380934.jpg,94a0fab20287fffbb00b21914f27a045eb1383369f20ababd6375afa3d2c0949,False,mediapipe_no_detection
33407,test_neutral_000832,neutral,test,test/neutral/PublicTest_41463579.jpg,f364c22073f3f0850b604d710268e1763850ab6ddd3c5855c66f3d3b2d2a3069,test/neutral/PublicTest_41463579.jpg,f364c22073f3f0850b604d710268e1763850ab6ddd3c5855c66f3d3b2d2a3069,False,mediapipe_no_detection
33433,test_neutral_000858,neutral,test,test/neutral/PublicTest_45279125.jpg,459d175c586cd8a4da79b70b682a1462586666449bd387139d8599a0acdd55e6,test/neutral/PublicTest_45279125.jpg,459d175c586cd8a4da79b70b682a1462586666449bd387139d8599a0acdd55e6,False,mediapipe_no_detection
33478,test_neutral_000903,neutral,test,test/neutral/PublicTest_52256375.jpg,6af1306c762f5578ca1971fbebdfd4f87647ba60fb0ecfbd8648fd4a442f9215,test/neutral/PublicTest_52256375.jpg,6af1306c762f5578ca1971fbebdfd4f87647ba60fb0ecfbd8648fd4a442f9215,False,mediapipe_no_detection
33493,test_neutral_000918,neutral,test,test/neutral/PublicTest_55005596.jpg,f096ef70ca1116356a6b1339057e8c7c43e6762b542e3851b64969cb88b5eb06,test/neutral/PublicTest_55005596.jpg,f096ef70ca1116356a6b1339057e8c7c43e6762b542e3851b64969cb88b5eb06,False,mediapipe_no_detection
33533,test_neutral_000958,neutral,test,test/neutral/PublicTest_61313241.jpg,ea4f234730df9bc85e92a95ba134f02decca37458bbbc70ca1de807be7119dba,test/neutral/PublicTest_61313241.jpg,ea4f234730df9bc85e92a95ba134f02decca37458bbbc70ca1de807be7119dba,False,mediapipe_no_detection
33550,test_neutral_000975,neutral,test,test/neutral/PublicTest_65256004.jpg,7d1d746188c639e2fe7e99c71ea08e3d7d2d2932139cd2c76b6ca2d54e9a6aea,test/neutral/PublicTest_65256004.jpg,7d1d746188c639e2fe7e99c71ea08e3d7d2d2932139cd2c76b6ca2d54e9a6aea,False,mediapipe_no_detection
33573,test_neutral_000998,neutral,test,test/neutral/PublicTest_69342366.jpg,bd316b1087b7b37f044be5105521990606bd4c5e1829b2bcedaa73db96e4be15,test/neutral/PublicTest_69342366.jpg,bd316b1087b7b37f044be5105521990606bd4c5e1829b2bcedaa73db96e4be15,False,mediapipe_no_detection
33586,test_neutral_001011,neutral,test,test/neutral/PublicTest_7027162.jpg,9bbf3f64d4f0ecb3bd5e1860efc728d6e00cb1b6e14839508e55231e1496ec2a,test/neutral/PublicTest_7027162.jpg,9bbf3f64d4f0ecb3bd5e1860efc728d6e00cb1b6e14839508e55231e1496ec2a,False,mediapipe_no_detection
33624,test_neutral_001049,neutral,test,test/neutral/PublicTest_75223347.jpg,71a7f7777125a2a9a9f615de09fe797dd1735f83704fe9c73cf1b2302f3b84c6,test/neutral/PublicTest_75223347.jpg,71a7f7777125a2a9a9f615de09fe797dd1735f83704fe9c73cf1b2302f3b84c6,False,mediapipe_no_detection
33736,test_neutral_001161,neutral,test,test/neutral/PublicTest_91056764.jpg,389642fc7ea8420c1d27f78c4bb61cb9d9612f1938726c3c002bbde6eca058a6,test/neutral/PublicTest_91056764.jpg,389642fc7ea8420c1d27f78c4bb61cb9d9612f1938726c3c002bbde6eca058a6,False,mediapipe_no_detection
33777,test_neutral_001202,neutral,test,test/neutral/PublicTest_95575433.jpg,b5af33a6ead43721dd7d755542fc29719b04f411ce06eacdd0d8a0199b843f92,test/neutral/PublicTest_95575433.jpg,b5af33a6ead43721dd7d755542fc29719b04f411ce06eacdd0d8a0199b843f92,False,mediapipe_no_detection
33800,test_neutral_001225,neutral,test,test/neutral/PublicTest_98518810.jpg,35307123d1e2f47e1a882e806c0347d255a72ff837c3d1db4f9dbf9f93969e67,test/neutral/PublicTest_98518810.jpg,35307123d1e2f47e1a882e806c0347d255a72ff837c3d1db4f9dbf9f93969e67,False,mediapipe_no_detection
33807,test_neutral_001232,neutral,test,test/neutral/PublicTest_99491200.jpg,644aab07b856afcdd23b5dc4d01f73ec96c0dc5a2d5345b02323a31096e81b59,test/neutral/PublicTest_99491200.jpg,644aab07b856afcdd23b5dc4d01f73ec96c0dc5a2d5345b02323a31096e81b59,False,mediapipe_no_detection
33820,test_sad_000012,sad,test,test/sad/PrivateTest_11715431.jpg,8c1ba6ba7989466e7d2fda8c83ca144dbd6283ee04cb32072bee7d969ec43766,test/sad/PrivateTest_11715431.jpg,8c1ba6ba7989466e7d2fda8c83ca144dbd6283ee04cb32072bee7d969ec43766,False,mediapipe_no_detection
33830,test_sad_000022,sad,test,test/sad/PrivateTest_12667445.jpg,a16ba291667b06238c0bf5c0dea751e31a35f4886f09e89abee0ff1773833990,test/sad/PrivateTest_12667445.jpg,a16ba291667b06238c0bf5c0dea751e31a35f4886f09e89abee0ff1773833990,False,mediapipe_no_detection
33833,test_sad_000025,sad,test,test/sad/PrivateTest_1313210.jpg,af9e06410e4a29780bd3374510a4ecffe10768a106807f5961dbf9613c3d6b49,test/sad/PrivateTest_1313210.jpg,af9e06410e4a29780bd3374510a4ecffe10768a106807f5961dbf9613c3d6b49,False,mediapipe_no_detection
33856,test_sad_000048,sad,test,test/sad/PrivateTest_15886483.jpg,00d0ec6aededb6bfa99f6e7a601c31232e244881404b018600875cda2b151e86,test/sad/PrivateTest_15886483.jpg,00d0ec6aededb6bfa99f6e7a601c31232e244881404b018600875cda2b151e86,False,mediapipe_no_detection
33864,test_sad_000056,sad,test,test/sad/PrivateTest_17770169.jpg,f8a1f41c73f5907114122303bdb64897e6729cf7716034f00ed1711908b2374b,test/sad/PrivateTest_17770169.jpg,f8a1f41c73f5907114122303bdb64897e6729cf7716034f00ed1711908b2374b,False,mediapipe_no_detection
33871,test_sad_000063,sad,test,test/sad/PrivateTest_1942677.jpg,3159c44e173a8c373f941342f6ab2de66dc287cd271be4cfb9b37c0ff18c1156,test/sad/PrivateTest_1942677.jpg,3159c44e173a8c373f941342f6ab2de66dc287cd271be4cfb9b37c0ff18c1156,False,mediapipe_no_detection
33879,test_sad_000071,sad,test,test/sad/PrivateTest_21379308.jpg,3041edc12f24a4c18c2271aa488bb56062b0c96d4b140898063a1bb008c8c24a,test/sad/PrivateTest_21379308.jpg,3041edc12f24a4c18c2271aa488bb56062b0c96d4b140898063a1bb008c8c24a,False,mediapipe_no_detection
33895,test_sad_000087,sad,test,test/sad/PrivateTest_23248169.jpg,e720d67c74421157b2aaafc755e67da927c94efe41a24547bff31abf9368549d,test/sad/PrivateTest_23248169.jpg,e720d67c74421157b2aaafc755e67da927c94efe41a24547bff31abf9368549d,False,mediapipe_no_detection
33921,test_sad_000113,sad,test,test/sad/PrivateTest_27121750.jpg,b76b269654895db80920c8b8e84c4f7d2802ece863829c2e6ad70afac276baad,test/sad/PrivateTest_27121750.jpg,b76b269654895db80920c8b8e84c4f7d2802ece863829c2e6ad70afac276baad,False,mediapipe_no_detection
33971,test_sad_000163,sad,test,test/sad/PrivateTest_33408688.jpg,8d967d7e9479b6ce73c04babb528c017227b0252d841a4d8dc065dbe9408a0cb,test/sad/PrivateTest_33408688.jpg,8d967d7e9479b6ce73c04babb528c017227b0252d841a4d8dc065dbe9408a0cb,False,mediapipe_no_detection
33976,test_sad_000168,sad,test,test/sad/PrivateTest_33936354.jpg,7df4d84aa6c634302f3d79627210f285bd99737a1e190fbc95f31df93f95c975,test/sad/PrivateTest_33936354.jpg,7df4d84aa6c634302f3d79627210f285bd99737a1e190fbc95f31df93f95c975,False,mediapipe_no_detection
33987,test_sad_000179,sad,test,test/sad/PrivateTest_35208467.jpg,650bb8446a48f203f1f295797eaf630b52396b9cb0f749e03eceb5c7d5ad6329,test/sad/PrivateTest_35208467.jpg,650bb8446a48f203f1f295797eaf630b52396b9cb0f749e03eceb5c7d5ad6329,False,mediapipe_no_detection
33992,test_sad_000184,sad,test,test/sad/PrivateTest_3594279.jpg,49f7aa115ea15df14256b7b2d5138d3103eed9f9c1e7f9ae401c35854baf9e7e,test/sad/PrivateTest_3594279.jpg,49f7aa115ea15df14256b7b2d5138d3103eed9f9c1e7f9ae401c35854baf9e7e,False,mediapipe_no_detection
33999,test_sad_000191,sad,test,test/sad/PrivateTest_36815398.jpg,605b101a3332c0362e48e9d881e26310817fd5c923521bcdc930aebca8a0efeb,test/sad/PrivateTest_36815398.jpg,605b101a3332c0362e48e9d881e26310817fd5c923521bcdc930aebca8a0efeb,False,mediapipe_no_detection
34003,test_sad_000195,sad,test,test/sad/PrivateTest_37073410.jpg,d0f2213fee1d53bc79c65af1f7530d367ebdf555ca61203866a4010cc87bbee4,test/sad/PrivateTest_37073410.jpg,d0f2213fee1d53bc79c65af1f7530d367ebdf555ca61203866a4010cc87bbee4,False,mediapipe_no_detection
34004,test_sad_000196,sad,test,test/sad/PrivateTest_37093219.jpg,f3fbec8a86eb5516a7d41822e4c7edd49bb66dd5d3d79ca7e13a27797ff3e567,test/sad/PrivateTest_37093219.jpg,f3fbec8a86eb5516a7d41822e4c7edd49bb66dd5d3d79ca7e13a27797ff3e567,False,mediapipe_no_detection
34008,test_sad_000200,sad,test,test/sad/PrivateTest_37840020.jpg,153af7f8a724e4b39cb948ad230f7dcd016d5a26030c20efa309c0664fd14455,test/sad/PrivateTest_37840020.jpg,153af7f8a724e4b39cb948ad230f7dcd016d5a26030c20efa309c0664fd14455,False,mediapipe_no_detection
34015,test_sad_000207,sad,test,test/sad/PrivateTest_38870366.jpg,93da0ad0718fcbfb62a908061b3d65c653f025dbf14833b91ff0a79b146fd1cd,test/sad/PrivateTest_38870366.jpg,93da0ad0718fcbfb62a908061b3d65c653f025dbf14833b91ff0a79b146fd1cd,False,mediapipe_no_detection
34022,test_sad_000214,sad,test,test/sad/PrivateTest_39876925.jpg,fb1bce138a36c1d8d47639eb8dc866181ab80be7caa7bd84ab8ddeb10538ebdb,test/sad/PrivateTest_39876925.jpg,fb1bce138a36c1d8d47639eb8dc866181ab80be7caa7bd84ab8ddeb10538ebdb,False,mediapipe_no_detection
34031,test_sad_000223,sad,test,test/sad/PrivateTest_42478205.jpg,6726b8849914108997ceca86717c17c5d5f9088125d513c0621f594078b3657f,test/sad/PrivateTest_42478205.jpg,6726b8849914108997ceca86717c17c5d5f9088125d513c0621f594078b3657f,False,mediapipe_no_detection
34061,test_sad_000253,sad,test,test/sad/PrivateTest_47186743.jpg,011b0f44643c52fe5e7925898eff76c3dcb771daef2f2422fa10010d19c6204d,test/sad/PrivateTest_47186743.jpg,011b0f44643c52fe5e7925898eff76c3dcb771daef2f2422fa10010d19c6204d,False,mediapipe_no_detection
34075,test_sad_000267,sad,test,test/sad/PrivateTest_50248274.jpg,fb03233a2d968ca8a89f1990e35a61ab8c3ba778bff27a03421ade0fc33fa7ee,test/sad/PrivateTest_50248274.jpg,fb03233a2d968ca8a89f1990e35a61ab8c3ba778bff27a03421ade0fc33fa7ee,False,mediapipe_no_detection
34077,test_sad_000269,sad,test,test/sad/PrivateTest_50560966.jpg,3c75a30afc1122951f7461a1d0fa5be1854cfd52c8271a6e4e552394ae643415,test/sad/PrivateTest_50560966.jpg,3c75a30afc1122951f7461a1d0fa5be1854cfd52c8271a6e4e552394ae643415,False,mediapipe_no_detection
34078,test_sad_000270,sad,test,test/sad/PrivateTest_5060451.jpg,05773fbef30823756a4ee7e416140ec057e42051f0fed1bcc4dc964389a1a05f,test/sad/PrivateTest_5060451.jpg,05773fbef30823756a4ee7e416140ec057e42051f0fed1bcc4dc964389a1a05f,False,mediapipe_no_detection
34082,test_sad_000274,sad,test,test/sad/PrivateTest_51679046.jpg,59c1137f65b52ab4556664c9190e3991a3057c5629360d49cd3fe0d090346267,test/sad/PrivateTest_51679046.jpg,59c1137f65b52ab4556664c9190e3991a3057c5629360d49cd3fe0d090346267,False,mediapipe_no_detection
34085,test_sad_000277,sad,test,test/sad/PrivateTest_51930291.jpg,2f082596edf15e7646b0f4fdd524969fb47baa953aed3dc7bf58e76ec88b04d1,test/sad/PrivateTest_51930291.jpg,2f082596edf15e7646b0f4fdd524969fb47baa953aed3dc7bf58e76ec88b04d1,False,mediapipe_no_detection
34102,test_sad_000294,sad,test,test/sad/PrivateTest_53534458.jpg,e1ead99415e22bc9063030ee8d719c4991a1594deba9a8242ccc36d480ee442b,test/sad/PrivateTest_53534458.jpg,e1ead99415e22bc9063030ee8d719c4991a1594deba9a8242ccc36d480ee442b,False,mediapipe_no_detection
34106,test_sad_000298,sad,test,test/sad/PrivateTest_54121246.jpg,536f1593d8a2a28b51a0ac975aded7560bafb65b4f9f005d739575365ec6267d,test/sad/PrivateTest_54121246.jpg,536f1593d8a2a28b51a0ac975aded7560bafb65b4f9f005d739575365ec6267d,False,mediapipe_no_detection
34108,test_sad_000300,sad,test,test/sad/PrivateTest_54736675.jpg,a0582529adc4b87cc3e9365dbefa7d6810da70bda6140a66b36b03451337451b,test/sad/PrivateTest_54736675.jpg,a0582529adc4b87cc3e9365dbefa7d6810da70bda6140a66b36b03451337451b,False,mediapipe_no_detection
34117,test_sad_000309,sad,test,test/sad/PrivateTest_55776357.jpg,41ff1bd9ac81e903fdaaec45b07dc8d902f0650e9d9311fbc7355c8272608f87,test/sad/PrivateTest_55776357.jpg,41ff1bd9ac81e903fdaaec45b07dc8d902f0650e9d9311fbc7355c8272608f87,False,mediapipe_no_detection
34123,test_sad_000315,sad,test,test/sad/PrivateTest_56728980.jpg,633af17a1d305ac8b444ae6b472e7a10bd374dc32038d47287f8eaa00f0e12ca,test/sad/PrivateTest_56728980.jpg,633af17a1d305ac8b444ae6b472e7a10bd374dc32038d47287f8eaa00f0e12ca,False,mediapipe_no_detection
34131,test_sad_000323,sad,test,test/sad/PrivateTest_57624251.jpg,f055ea68aa95370245d2ec4a8761f095a45cbad09d294cb71db6c7970c720118,test/sad/PrivateTest_57624251.jpg,f055ea68aa95370245d2ec4a8761f095a45cbad09d294cb71db6c7970c720118,False,mediapipe_no_detection
34152,test_sad_000344,sad,test,test/sad/PrivateTest_60802329.jpg,5826b7742ecc3e3bca7ca6de41e19073ee3e426bf9052ea7f1d2fc4e9f5d5392,test/sad/PrivateTest_60802329.jpg,5826b7742ecc3e3bca7ca6de41e19073ee3e426bf9052ea7f1d2fc4e9f5d5392,False,mediapipe_no_detection
34159,test_sad_000351,sad,test,test/sad/PrivateTest_61575369.jpg,52157550319e20aa932bcf12bc7832f4afa1bb9d539060763b8207724e60da0d,test/sad/PrivateTest_61575369.jpg,52157550319e20aa932bcf12bc7832f4afa1bb9d539060763b8207724e60da0d,False,mediapipe_no_detection
34167,test_sad_000359,sad,test,test/sad/PrivateTest_63060469.jpg,50bf2ef78ac3278be548f77ce37968d68a9e445c001861bc9119477517e9787b,test/sad/PrivateTest_63060469.jpg,50bf2ef78ac3278be548f77ce37968d68a9e445c001861bc9119477517e9787b,False,mediapipe_no_detection
34170,test_sad_000362,sad,test,test/sad/PrivateTest_63836308.jpg,09230a01e50f6d65227053b7d5e6ac441dfba87f466e423c47b948fb4f2166f3,test/sad/PrivateTest_63836308.jpg,09230a01e50f6d65227053b7d5e6ac441dfba87f466e423c47b948fb4f2166f3,False,mediapipe_no_detection
34179,test_sad_000371,sad,test,test/sad/PrivateTest_65546158.jpg,7d5bf68417eed3a84469b9c6f6038e431e101dda967bdb2549e1b7917c148fa6,test/sad/PrivateTest_65546158.jpg,7d5bf68417eed3a84469b9c6f6038e431e101dda967bdb2549e1b7917c148fa6,False,mediapipe_no_detection
34182,test_sad_000374,sad,test,test/sad/PrivateTest_65897797.jpg,e48ca9c9ffd00cfdef2dd3af85c562aa1fc1cf951d2b6eeb4ddf8346f01cb956,test/sad/PrivateTest_65897797.jpg,e48ca9c9ffd00cfdef2dd3af85c562aa1fc1cf951d2b6eeb4ddf8346f01cb956,False,mediapipe_no_detection
34206,test_sad_000398,sad,test,test/sad/PrivateTest_69698407.jpg,26c74fdba1953debcc5cc6aca3835c27e57a7162946d842d2c253ba85867c08e,test/sad/PrivateTest_69698407.jpg,26c74fdba1953debcc5cc6aca3835c27e57a7162946d842d2c253ba85867c08e,False,mediapipe_no_detection
34208,test_sad_000400,sad,test,test/sad/PrivateTest_69890745.jpg,23d7a11f96fc46a872e51ceb11ad0ae4d725c77a9d7804f20c56c0c9bc755c79,test/sad/PrivateTest_69890745.jpg,23d7a11f96fc46a872e51ceb11ad0ae4d725c77a9d7804f20c56c0c9bc755c79,False,mediapipe_no_detection
34210,test_sad_000402,sad,test,test/sad/PrivateTest_70227023.jpg,0b57c83446bdfff4c78d9fa04df94950c0d96ea54010faf24c620b04d1868316,test/sad/PrivateTest_70227023.jpg,0b57c83446bdfff4c78d9fa04df94950c0d96ea54010faf24c620b04d1868316,False,mediapipe_no_detection
34218,test_sad_000410,sad,test,test/sad/PrivateTest_70820178.jpg,3540be8f5f632e608712c39cf8f3a54329de89b0c25e4b6337a204c862621b9c,test/sad/PrivateTest_70820178.jpg,3540be8f5f632e608712c39cf8f3a54329de89b0c25e4b6337a204c862621b9c,False,mediapipe_no_detection
34228,test_sad_000420,sad,test,test/sad/PrivateTest_72478106.jpg,706b0448ca885d0fd7b120d07e5d09335b01a51676e54b89d9aceafe53690731,test/sad/PrivateTest_72478106.jpg,706b0448ca885d0fd7b120d07e5d09335b01a51676e54b89d9aceafe53690731,False,mediapipe_no_detection
34250,test_sad_000442,sad,test,test/sad/PrivateTest_75239677.jpg,b6b55563152e447fd9699eead8439254021f618c1fc8d813d24bf8ce6084789d,test/sad/PrivateTest_75239677.jpg,b6b55563152e447fd9699eead8439254021f618c1fc8d813d24bf8ce6084789d,False,mediapipe_no_detection
34261,test_sad_000453,sad,test,test/sad/PrivateTest_77136127.jpg,79f780062a56c52e98334d799e22438662a53e2d5429382e273f899cd7c0470c,test/sad/PrivateTest_77136127.jpg,79f780062a56c52e98334d799e22438662a53e2d5429382e273f899cd7c0470c,False,mediapipe_no_detection
34270,test_sad_000462,sad,test,test/sad/PrivateTest_78354100.jpg,a8aefbd842d17552a298bae2f69fefd18098c90c752f0f40ee6efe5902d5ea41,test/sad/PrivateTest_78354100.jpg,a8aefbd842d17552a298bae2f69fefd18098c90c752f0f40ee6efe5902d5ea41,False,mediapipe_no_detection
34272,test_sad_000464,sad,test,test/sad/PrivateTest_7839088.jpg,98bf7bc469e181c45a7819da2e7f496c254a99de0970a11fc8191544e6ba5c01,test/sad/PrivateTest_7839088.jpg,98bf7bc469e181c45a7819da2e7f496c254a99de0970a11fc8191544e6ba5c01,False,mediapipe_no_detection
34286,test_sad_000478,sad,test,test/sad/PrivateTest_79979511.jpg,db7b42f103bffb086f016ef80c22b73ba181ec4d1aadd85489c09d83800c9087,test/sad/PrivateTest_79979511.jpg,db7b42f103bffb086f016ef80c22b73ba181ec4d1aadd85489c09d83800c9087,False,mediapipe_no_detection
34290,test_sad_000482,sad,test,test/sad/PrivateTest_80346458.jpg,3e1e7d61bb468bbc45f7b18948b94bc4f2f83079e40c3c6c887c4f11f7632be9,test/sad/PrivateTest_80346458.jpg,3e1e7d61bb468bbc45f7b18948b94bc4f2f83079e40c3c6c887c4f11f7632be9,False,mediapipe_no_detection
34304,test_sad_000496,sad,test,test/sad/PrivateTest_82792706.jpg,9c349775e5c39c4d4b7b9a3f63625cfa44286141f5d3155bdbe910da7285a81b,test/sad/PrivateTest_82792706.jpg,9c349775e5c39c4d4b7b9a3f63625cfa44286141f5d3155bdbe910da7285a81b,False,mediapipe_no_detection
34315,test_sad_000507,sad,test,test/sad/PrivateTest_85001134.jpg,2318c5501f11b1bb6f14783458761c519bd60673f5a33bcebd85996ab505a834,test/sad/PrivateTest_85001134.jpg,2318c5501f11b1bb6f14783458761c519bd60673f5a33bcebd85996ab505a834,False,mediapipe_no_detection
34327,test_sad_000519,sad,test,test/sad/PrivateTest_87564945.jpg,30b67c79818b92222ee493c8082a14790dbd5daa543b3c48d4754e0a1dcd0463,test/sad/PrivateTest_87564945.jpg,30b67c79818b92222ee493c8082a14790dbd5daa543b3c48d4754e0a1dcd0463,False,mediapipe_no_detection
34328,test_sad_000520,sad,test,test/sad/PrivateTest_87734061.jpg,1312f99631db5be9e956e7e597a0a318db932f37c20cee5417cee20d212dedfd,test/sad/PrivateTest_87734061.jpg,1312f99631db5be9e956e7e597a0a318db932f37c20cee5417cee20d212dedfd,False,mediapipe_no_detection
34347,test_sad_000539,sad,test,test/sad/PrivateTest_90571997.jpg,1e473871e4c52dd3014d4e93cc8d7242ebe8cbeba3f52a92d8a7ebbc30041a2e,test/sad/PrivateTest_90571997.jpg,1e473871e4c52dd3014d4e93cc8d7242ebe8cbeba3f52a92d8a7ebbc30041a2e,False,mediapipe_no_detection
34353,test_sad_000545,sad,test,test/sad/PrivateTest_92008041.jpg,ee3511e8a7070538350dcf0b6df2c44b6fd54b155a2976432cf9ae5eb4df8d23,test/sad/PrivateTest_92008041.jpg,ee3511e8a7070538350dcf0b6df2c44b6fd54b155a2976432cf9ae5eb4df8d23,False,mediapipe_no_detection
34377,test_sad_000569,sad,test,test/sad/PrivateTest_94749295.jpg,cb93f39304920568dc4e452a6511f8123242b14b25f30372cb86af0b113f6c9a,test/sad/PrivateTest_94749295.jpg,cb93f39304920568dc4e452a6511f8123242b14b25f30372cb86af0b113f6c9a,False,mediapipe_no_detection
34379,test_sad_000571,sad,test,test/sad/PrivateTest_95590815.jpg,407378d312c3aad7435d9e0a987abe1814a2d63a4d90362127acd0946c5617af,test/sad/PrivateTest_95590815.jpg,407378d312c3aad7435d9e0a987abe1814a2d63a4d90362127acd0946c5617af,False,mediapipe_no_detection
34411,test_sad_000603,sad,test,test/sad/PublicTest_11691697.jpg,695243cf68e2b2c068c13f95288984dfed03765690df3f7151a8530adb268fa1,test/sad/PublicTest_11691697.jpg,695243cf68e2b2c068c13f95288984dfed03765690df3f7151a8530adb268fa1,False,mediapipe_no_detection
34415,test_sad_000607,sad,test,test/sad/PublicTest_12632735.jpg,fe8393a286d9d0ba11d01d02282c58ab31ff3df69f0265e85204a774ccaebfca,test/sad/PublicTest_12632735.jpg,fe8393a286d9d0ba11d01d02282c58ab31ff3df69f0265e85204a774ccaebfca,False,mediapipe_no_detection
34420,test_sad_000612,sad,test,test/sad/PublicTest_13416655.jpg,c8e7a77bae2c4a65c4067409d4a0b4c26f155c515e960fff0b33bbe72bc64d91,test/sad/PublicTest_13416655.jpg,c8e7a77bae2c4a65c4067409d4a0b4c26f155c515e960fff0b33bbe72bc64d91,False,mediapipe_no_detection
34433,test_sad_000625,sad,test,test/sad/PublicTest_15348300.jpg,f7ea5b1d32cbcff62d4c3d99e28d5961ff6204ad8669cfa056c04195a64c5477,test/sad/PublicTest_15348300.jpg,f7ea5b1d32cbcff62d4c3d99e28d5961ff6204ad8669cfa056c04195a64c5477,False,mediapipe_no_detection
34434,test_sad_000626,sad,test,test/sad/PublicTest_15372592.jpg,e38f8989c5fe5ca1cebd73141a3ffc01fc4bdd1e51ca71755e00ee63ebd2de56,test/sad/PublicTest_15372592.jpg,e38f8989c5fe5ca1cebd73141a3ffc01fc4bdd1e51ca71755e00ee63ebd2de56,False,mediapipe_no_detection
34438,test_sad_000630,sad,test,test/sad/PublicTest_16035970.jpg,0fa362826246cc7ecc0cc3f54cc152cd3dfbb9d69236bef960fc2dbbc89106e3,test/sad/PublicTest_16035970.jpg,0fa362826246cc7ecc0cc3f54cc152cd3dfbb9d69236bef960fc2dbbc89106e3,False,mediapipe_no_detection
34461,test_sad_000653,sad,test,test/sad/PublicTest_19663674.jpg,e5ac6be75bafa3161376a80253973125c9c819d1ecf46f8a49126510967e1d9b,test/sad/PublicTest_19663674.jpg,e5ac6be75bafa3161376a80253973125c9c819d1ecf46f8a49126510967e1d9b,False,mediapipe_no_detection
34468,test_sad_000660,sad,test,test/sad/PublicTest_20922566.jpg,91d5bdc7116de6fbb325c67a66fe346a3d4aee498ad6bcc26b6a4ab5731d0d0c,test/sad/PublicTest_20922566.jpg,91d5bdc7116de6fbb325c67a66fe346a3d4aee498ad6bcc26b6a4ab5731d0d0c,False,mediapipe_no_detection
34473,test_sad_000665,sad,test,test/sad/PublicTest_21312852.jpg,da450b34d91579855dde98f0064cc8b93777e72fcddd79f26d03b1367884a7bf,test/sad/PublicTest_21312852.jpg,da450b34d91579855dde98f0064cc8b93777e72fcddd79f26d03b1367884a7bf,False,mediapipe_no_detection
34479,test_sad_000671,sad,test,test/sad/PublicTest_22093964.jpg,64edd9899d98b4c2c44597e453cf5a73f8f49b7af200e6fb3755caf2a9ebb4a3,test/sad/PublicTest_22093964.jpg,64edd9899d98b4c2c44597e453cf5a73f8f49b7af200e6fb3755caf2a9ebb4a3,False,mediapipe_no_detection
34485,test_sad_000677,sad,test,test/sad/PublicTest_22944375.jpg,8a94b5c4447fdd7136120b49b63f70ae39dcd4f62df7463a70eef6d19771088d,test/sad/PublicTest_22944375.jpg,8a94b5c4447fdd7136120b49b63f70ae39dcd4f62df7463a70eef6d19771088d,False,mediapipe_no_detection
34486,test_sad_000678,sad,test,test/sad/PublicTest_22967870.jpg,ff3eff2e01dafb813ff39751c1e7fd7c2f4c6f7470309fe883bd05cc4bc4673e,test/sad/PublicTest_22967870.jpg,ff3eff2e01dafb813ff39751c1e7fd7c2f4c6f7470309fe883bd05cc4bc4673e,False,mediapipe_no_detection
34498,test_sad_000690,sad,test,test/sad/PublicTest_2430252.jpg,251dbef2c186f2f3e6ee399ae4a09b317842680cbec9930943a562988a03a96a,test/sad/PublicTest_2430252.jpg,251dbef2c186f2f3e6ee399ae4a09b317842680cbec9930943a562988a03a96a,False,mediapipe_no_detection
34530,test_sad_000722,sad,test,test/sad/PublicTest_28691129.jpg,f0afb90ecf5be9f7dff6f238c0eaf8bc7c3b631f441f5391f490c84d54691859,test/sad/PublicTest_28691129.jpg,f0afb90ecf5be9f7dff6f238c0eaf8bc7c3b631f441f5391f490c84d54691859,False,mediapipe_no_detection
34549,test_sad_000741,sad,test,test/sad/PublicTest_30579707.jpg,1ef625d6cbf5a2d578eecf3236e16b907ae9e3137cd8dc560c93c09f37c4f8d6,test/sad/PublicTest_30579707.jpg,1ef625d6cbf5a2d578eecf3236e16b907ae9e3137cd8dc560c93c09f37c4f8d6,False,mediapipe_no_detection
34552,test_sad_000744,sad,test,test/sad/PublicTest_30799574.jpg,97f70656989d23c3a408ab22511dbd7104cf87a0a906d9de1a0e44556947a6da,test/sad/PublicTest_30799574.jpg,97f70656989d23c3a408ab22511dbd7104cf87a0a906d9de1a0e44556947a6da,False,mediapipe_no_detection
34562,test_sad_000754,sad,test,test/sad/PublicTest_32322308.jpg,117b6c1eb9e39ab791eb1b106c3bca3b827c94710954a46af08c56ce20ca1555,test/sad/PublicTest_32322308.jpg,117b6c1eb9e39ab791eb1b106c3bca3b827c94710954a46af08c56ce20ca1555,False,mediapipe_no_detection
34569,test_sad_000761,sad,test,test/sad/PublicTest_33237183.jpg,a0384405eb9afa73e505e8594455220be36f433a122bd52b22ca2924e016e51b,test/sad/PublicTest_33237183.jpg,a0384405eb9afa73e505e8594455220be36f433a122bd52b22ca2924e016e51b,False,mediapipe_no_detection
34591,test_sad_000783,sad,test,test/sad/PublicTest_36454160.jpg,0ff5e17d331adea56a78412d990e69c9fc2213bd4e038957259edb0466360c3f,test/sad/PublicTest_36454160.jpg,0ff5e17d331adea56a78412d990e69c9fc2213bd4e038957259edb0466360c3f,False,mediapipe_no_detection
34606,test_sad_000798,sad,test,test/sad/PublicTest_37735455.jpg,4d84c422b6a3352602f0cca379e959605c9757370d47d9e77d716c1270388e9b,test/sad/PublicTest_37735455.jpg,4d84c422b6a3352602f0cca379e959605c9757370d47d9e77d716c1270388e9b,False,mediapipe_no_detection
34609,test_sad_000801,sad,test,test/sad/PublicTest_3833581.jpg,38a3533a0f14414701c69f32cd83ef785debb5810e41740533bb6cea7105c60d,test/sad/PublicTest_3833581.jpg,38a3533a0f14414701c69f32cd83ef785debb5810e41740533bb6cea7105c60d,False,mediapipe_no_detection
34613,test_sad_000805,sad,test,test/sad/PublicTest_38870662.jpg,2b53682ccce494e54c3e686fbfbdadcd585b5719a22f1cfcbf561b4a256a8d37,test/sad/PublicTest_38870662.jpg,2b53682ccce494e54c3e686fbfbdadcd585b5719a22f1cfcbf561b4a256a8d37,False,mediapipe_no_detection
34620,test_sad_000812,sad,test,test/sad/PublicTest_39817717.jpg,3a670d05e8a0eab953add194501f3700067bc4b76112a8b2285ef5caf87cba31,test/sad/PublicTest_39817717.jpg,3a670d05e8a0eab953add194501f3700067bc4b76112a8b2285ef5caf87cba31,False,mediapipe_no_detection
34627,test_sad_000819,sad,test,test/sad/PublicTest_40543993.jpg,6b88c05544dee147589bc29549d8c879ccacd40e8c2b397ca9e3dcde8a47c7a7,test/sad/PublicTest_40543993.jpg,6b88c05544dee147589bc29549d8c879ccacd40e8c2b397ca9e3dcde8a47c7a7,False,mediapipe_no_detection
34629,test_sad_000821,sad,test,test/sad/PublicTest_40637892.jpg,0e733e5cb46023d3163820e4eac0d0d93185546fd2eaa84153c503511965ceed,test/sad/PublicTest_40637892.jpg,0e733e5cb46023d3163820e4eac0d0d93185546fd2eaa84153c503511965ceed,False,mediapipe_no_detection
34662,test_sad_000854,sad,test,test/sad/PublicTest_46006300.jpg,99c9839d9481e3ccd2676d9be300397dde6383499ffe461a826b1666871d6566,test/sad/PublicTest_46006300.jpg,99c9839d9481e3ccd2676d9be300397dde6383499ffe461a826b1666871d6566,False,mediapipe_no_detection
34684,test_sad_000876,sad,test,test/sad/PublicTest_49194442.jpg,2ea6e6c3d04c4ce94c98427132f37b90994ab3f82772a509ffb54cb6b4dada82,test/sad/PublicTest_49194442.jpg,2ea6e6c3d04c4ce94c98427132f37b90994ab3f82772a509ffb54cb6b4dada82,False,mediapipe_no_detection
34689,test_sad_000881,sad,test,test/sad/PublicTest_49946426.jpg,590199bc5f8bca67412b45223046340eeed06427d1045cadc71052e3f1637c42,test/sad/PublicTest_49946426.jpg,590199bc5f8bca67412b45223046340eeed06427d1045cadc71052e3f1637c42,False,mediapipe_no_detection
34725,test_sad_000917,sad,test,test/sad/PublicTest_53807292.jpg,19acb228360a224e378edcb731c8855c4bb94332df8f39deafea7fbd4efa1cc4,test/sad/PublicTest_53807292.jpg,19acb228360a224e378edcb731c8855c4bb94332df8f39deafea7fbd4efa1cc4,False,mediapipe_no_detection
34738,test_sad_000930,sad,test,test/sad/PublicTest_55333410.jpg,108199014817dca248465209676f8e2341e74bddeb88c380de416192b7bb1ea7,test/sad/PublicTest_55333410.jpg,108199014817dca248465209676f8e2341e74bddeb88c380de416192b7bb1ea7,False,mediapipe_no_detection
34741,test_sad_000933,sad,test,test/sad/PublicTest_55865085.jpg,2ecfb9bb52a6de99259d5453e02fc3cc0bf878abca122faf013a9b0ab830011b,test/sad/PublicTest_55865085.jpg,2ecfb9bb52a6de99259d5453e02fc3cc0bf878abca122faf013a9b0ab830011b,False,mediapipe_no_detection
34751,test_sad_000943,sad,test,test/sad/PublicTest_5691968.jpg,371a27e55ff9302767cd1f49060b7864e6a37a2be3a940e76077aec5702b72be,test/sad/PublicTest_5691968.jpg,371a27e55ff9302767cd1f49060b7864e6a37a2be3a940e76077aec5702b72be,False,mediapipe_no_detection
34752,test_sad_000944,sad,test,test/sad/PublicTest_5757614.jpg,49f3d359e7e547d242b1a83a8e1def7c39124b9d4085a9539d593f819ed44cd8,test/sad/PublicTest_5757614.jpg,49f3d359e7e547d242b1a83a8e1def7c39124b9d4085a9539d593f819ed44cd8,False,mediapipe_no_detection
34765,test_sad_000957,sad,test,test/sad/PublicTest_59509827.jpg,c9b6d851983683a7bf2da7ded451d8158f5375bdec584b229e342fbdc3fc81cb,test/sad/PublicTest_59509827.jpg,c9b6d851983683a7bf2da7ded451d8158f5375bdec584b229e342fbdc3fc81cb,False,mediapipe_no_detection
34774,test_sad_000966,sad,test,test/sad/PublicTest_60783446.jpg,798da3c65348bc4ac642e282e6d9cd39e22ebb083efa10678fc9c46b98900306,test/sad/PublicTest_60783446.jpg,798da3c65348bc4ac642e282e6d9cd39e22ebb083efa10678fc9c46b98900306,False,mediapipe_no_detection
34777,test_sad_000969,sad,test,test/sad/PublicTest_6137385.jpg,793e6a2be6d2f5a7b4393f81af7daedd2d9340c18e96a51b70fbeffb4603fe7d,test/sad/PublicTest_6137385.jpg,793e6a2be6d2f5a7b4393f81af7daedd2d9340c18e96a51b70fbeffb4603fe7d,False,mediapipe_no_detection
34785,test_sad_000977,sad,test,test/sad/PublicTest_61990960.jpg,91c671efd2cfe06181ee8232119816a7e4cd880dc790a320d50bdc41470f9986,test/sad/PublicTest_61990960.jpg,91c671efd2cfe06181ee8232119816a7e4cd880dc790a320d50bdc41470f9986,False,mediapipe_no_detection
34790,test_sad_000982,sad,test,test/sad/PublicTest_62517424.jpg,ef6eae914d603d05fef23baa32f95d45aaab8086355d6f9c25b26a37fd94af4c,test/sad/PublicTest_62517424.jpg,ef6eae914d603d05fef23baa32f95d45aaab8086355d6f9c25b26a37fd94af4c,False,mediapipe_no_detection
34793,test_sad_000985,sad,test,test/sad/PublicTest_62757931.jpg,5513727bcb2f192c4e2fd3e3ce31af4372d3ba350854143cddce7eacde06ebee,test/sad/PublicTest_62757931.jpg,5513727bcb2f192c4e2fd3e3ce31af4372d3ba350854143cddce7eacde06ebee,False,mediapipe_no_detection
34799,test_sad_000991,sad,test,test/sad/PublicTest_64746852.jpg,c5451238bd2f31c1d2250cbfb6213940618e2e5260bf785ae246813c52680630,test/sad/PublicTest_64746852.jpg,c5451238bd2f31c1d2250cbfb6213940618e2e5260bf785ae246813c52680630,False,mediapipe_no_detection
34826,test_sad_001018,sad,test,test/sad/PublicTest_69107577.jpg,74f5088f256d954f53946850b868c620e2a33a3c77580881b2cf3854eabfa718,test/sad/PublicTest_69107577.jpg,74f5088f256d954f53946850b868c620e2a33a3c77580881b2cf3854eabfa718,False,mediapipe_no_detection
34831,test_sad_001023,sad,test,test/sad/PublicTest_69589440.jpg,b41f2732f365330cd9343a693fd01be2bab57660b3869199292d70bc313a29df,test/sad/PublicTest_69589440.jpg,b41f2732f365330cd9343a693fd01be2bab57660b3869199292d70bc313a29df,False,mediapipe_no_detection
34840,test_sad_001032,sad,test,test/sad/PublicTest_70551961.jpg,a70229644977a905b9e09d3f4f9f69f483b9f341587f9313986e7e7710ea6be2,test/sad/PublicTest_70551961.jpg,a70229644977a905b9e09d3f4f9f69f483b9f341587f9313986e7e7710ea6be2,False,mediapipe_no_detection
34858,test_sad_001050,sad,test,test/sad/PublicTest_73890577.jpg,0a5f6a412eeebfbe7601e7083ebf860c787b1fac93af26b6cb1fd71620e83464,test/sad/PublicTest_73890577.jpg,0a5f6a412eeebfbe7601e7083ebf860c787b1fac93af26b6cb1fd71620e83464,False,mediapipe_no_detection
34865,test_sad_001057,sad,test,test/sad/PublicTest_75602005.jpg,c1fec4701489687ab76e5d83086b7ea00d5d335377a7d711235b623bbdf72849,test/sad/PublicTest_75602005.jpg,c1fec4701489687ab76e5d83086b7ea00d5d335377a7d711235b623bbdf72849,False,mediapipe_no_detection
34872,test_sad_001064,sad,test,test/sad/PublicTest_76577305.jpg,479627814931576702ad0c4d2b5e7ff353349ecbf33cf920e96f45568ef8a5ca,test/sad/PublicTest_76577305.jpg,479627814931576702ad0c4d2b5e7ff353349ecbf33cf920e96f45568ef8a5ca,False,mediapipe_no_detection
34880,test_sad_001072,sad,test,test/sad/PublicTest_77089775.jpg,372ee63bd3b9d3221228f46054e29cce612ad598cc585a72c76dfe414c569761,test/sad/PublicTest_77089775.jpg,372ee63bd3b9d3221228f46054e29cce612ad598cc585a72c76dfe414c569761,False,mediapipe_no_detection
34897,test_sad_001089,sad,test,test/sad/PublicTest_8012914.jpg,7f74ec586ba67262def3daff7c3ee180261edc36a70a98d35074c55c792707b5,test/sad/PublicTest_8012914.jpg,7f74ec586ba67262def3daff7c3ee180261edc36a70a98d35074c55c792707b5,False,mediapipe_no_detection
34903,test_sad_001095,sad,test,test/sad/PublicTest_81022074.jpg,1f83a1e83a0c9166364e1e723fc9ef3a2d530fad7b56da094a729c6dc0bf7b28,test/sad/PublicTest_81022074.jpg,1f83a1e83a0c9166364e1e723fc9ef3a2d530fad7b56da094a729c6dc0bf7b28,False,mediapipe_no_detection
34911,test_sad_001103,sad,test,test/sad/PublicTest_823879.jpg,6203889801b9e6f6eb79b30803d567710eace1190614147189c940e2e74f5f0d,test/sad/PublicTest_823879.jpg,6203889801b9e6f6eb79b30803d567710eace1190614147189c940e2e74f5f0d,False,mediapipe_no_detection
34917,test_sad_001109,sad,test,test/sad/PublicTest_83014731.jpg,ea966bb38fba00b7cc32a98c6c8dd5158b5f7f7c875d9661e70021b123cef054,test/sad/PublicTest_83014731.jpg,ea966bb38fba00b7cc32a98c6c8dd5158b5f7f7c875d9661e70021b123cef054,False,mediapipe_no_detection
34928,test_sad_001120,sad,test,test/sad/PublicTest_84089466.jpg,e3c86c321b227417f70a934b3fff9a47bdac3b00c54219c529eb2ce6f6e143af,test/sad/PublicTest_84089466.jpg,e3c86c321b227417f70a934b3fff9a47bdac3b00c54219c529eb2ce6f6e143af,False,mediapipe_no_detection
34932,test_sad_001124,sad,test,test/sad/PublicTest_84406215.jpg,3096c37b5b022d6f5108c2939e69bf484527e641c75b2e9cf3babf25548f2f04,test/sad/PublicTest_84406215.jpg,3096c37b5b022d6f5108c2939e69bf484527e641c75b2e9cf3babf25548f2f04,False,mediapipe_no_detection
34937,test_sad_001129,sad,test,test/sad/PublicTest_85476276.jpg,bb97d1a52e0f8055be1aec391e7edacc996c1c8418a56832c4624f8279ba9154,test/sad/PublicTest_85476276.jpg,bb97d1a52e0f8055be1aec391e7edacc996c1c8418a56832c4624f8279ba9154,False,mediapipe_no_detection
34942,test_sad_001134,sad,test,test/sad/PublicTest_86100904.jpg,b5dd95128e42da640598a1e1423a0c6e437d1b29448496e187a74c4b3e512170,test/sad/PublicTest_86100904.jpg,b5dd95128e42da640598a1e1423a0c6e437d1b29448496e187a74c4b3e512170,False,mediapipe_no_detection
34956,test_sad_001148,sad,test,test/sad/PublicTest_87833009.jpg,3f7a03c6ac5fb2d780183cd538c9722ab754255105f6a1a1d0a5ea27a0d4d9a7,test/sad/PublicTest_87833009.jpg,3f7a03c6ac5fb2d780183cd538c9722ab754255105f6a1a1d0a5ea27a0d4d9a7,False,mediapipe_no_detection
34962,test_sad_001154,sad,test,test/sad/PublicTest_88885149.jpg,1ad639997d5813e524e1a5ddac791e835d5dd3235881b21235f0011b93249893,test/sad/PublicTest_88885149.jpg,1ad639997d5813e524e1a5ddac791e835d5dd3235881b21235f0011b93249893,False,mediapipe_no_detection
34972,test_sad_001164,sad,test,test/sad/PublicTest_89937847.jpg,042db4df1bdc9d1fd767e310da2c96f2ea3e51c93ad6d4101b1fa8b562d1077e,test/sad/PublicTest_89937847.jpg,042db4df1bdc9d1fd767e310da2c96f2ea3e51c93ad6d4101b1fa8b562d1077e,False,mediapipe_no_detection
34982,test_sad_001174,sad,test,test/sad/PublicTest_90947429.jpg,6475279c2336caf01fca296ee938045d26f85c27a03a80f23b5b8b701bba9ed6,test/sad/PublicTest_90947429.jpg,6475279c2336caf01fca296ee938045d26f85c27a03a80f23b5b8b701bba9ed6,False,mediapipe_no_detection
34988,test_sad_001180,sad,test,test/sad/PublicTest_91356883.jpg,ef97e4aa5d8614362f9e47c80f45dcb67fa75bc3a065cbf32bb079a0a7258aae,test/sad/PublicTest_91356883.jpg,ef97e4aa5d8614362f9e47c80f45dcb67fa75bc3a065cbf32bb079a0a7258aae,False,mediapipe_no_detection
34992,test_sad_001184,sad,test,test/sad/PublicTest_91585163.jpg,f56783f08e5007eb4b855a596686a8d8f5b364b34d8b8173b0b62ac7a17515da,test/sad/PublicTest_91585163.jpg,f56783f08e5007eb4b855a596686a8d8f5b364b34d8b8173b0b62ac7a17515da,False,mediapipe_no_detection
34998,test_sad_001190,sad,test,test/sad/PublicTest_93102383.jpg,d1a2aefa68a82ec89edeaba2bf58bb98898bccbdc0929c4d4b814ff34ae20763,test/sad/PublicTest_93102383.jpg,d1a2aefa68a82ec89edeaba2bf58bb98898bccbdc0929c4d4b814ff34ae20763,False,mediapipe_no_detection
35002,test_sad_001194,sad,test,test/sad/PublicTest_93381782.jpg,12a2ac2c8cd92060db71d94263a09fe36115afb2b456fc56d67f7ca2be402226,test/sad/PublicTest_93381782.jpg,12a2ac2c8cd92060db71d94263a09fe36115afb2b456fc56d67f7ca2be402226,False,mediapipe_no_detection
35013,test_sad_001205,sad,test,test/sad/PublicTest_95058441.jpg,879c2d748891c3cfdbacf5b57cd2c42f7e88c8f6602856a2a726708fe24cfa29,test/sad/PublicTest_95058441.jpg,879c2d748891c3cfdbacf5b57cd2c42f7e88c8f6602856a2a726708fe24cfa29,False,mediapipe_no_detection
35024,test_sad_001216,sad,test,test/sad/PublicTest_96594744.jpg,523fa033f849b366d843967b4df561884eb9a28cdb346378cff99886c6460994,test/sad/PublicTest_96594744.jpg,523fa033f849b366d843967b4df561884eb9a28cdb346378cff99886c6460994,False,mediapipe_no_detection
35030,test_sad_001222,sad,test,test/sad/PublicTest_97293623.jpg,54318c3e5211dc81d95c7a1f201581cf89c30c624f9dbb5b8a35964e06cd3aec,test/sad/PublicTest_97293623.jpg,54318c3e5211dc81d95c7a1f201581cf89c30c624f9dbb5b8a35964e06cd3aec,False,mediapipe_no_detection
35037,test_sad_001229,sad,test,test/sad/PublicTest_97841068.jpg,da86989d582f53b736075a4917701ecc8c6de8cb6ffe1bf93fd8f5a92265fa42,test/sad/PublicTest_97841068.jpg,da86989d582f53b736075a4917701ecc8c6de8cb6ffe1bf93fd8f5a92265fa42,False,mediapipe_no_detection
35045,test_sad_001237,sad,test,test/sad/PublicTest_99116679.jpg,bec50e48c77612ca662f63e1082510232207a0937820c8761df2ff6d11282a18,test/sad/PublicTest_99116679.jpg,bec50e48c77612ca662f63e1082510232207a0937820c8761df2ff6d11282a18,False,mediapipe_no_detection
35051,test_sad_001243,sad,test,test/sad/PublicTest_99654006.jpg,2b8d92ec1de8793ea06e9f01d7f252e9e71dd9d22a2ffb3ba8c6ff31aacc1b30,test/sad/PublicTest_99654006.jpg,2b8d92ec1de8793ea06e9f01d7f252e9e71dd9d22a2ffb3ba8c6ff31aacc1b30,False,mediapipe_no_detection
35061,test_surprise_000006,surprise,test,test/surprise/PrivateTest_1076980.jpg,a2e4a51516d9c1b710039a1fb39029234e34de014f1177765efa9356a7e564c1,test/surprise/PrivateTest_1076980.jpg,a2e4a51516d9c1b710039a1fb39029234e34de014f1177765efa9356a7e564c1,False,mediapipe_no_detection
35080,test_surprise_000025,surprise,test,test/surprise/PrivateTest_13992260.jpg,0145a76461b11c03a005812ac3e0998c922d838dfcb7772eb777bc70f570d789,test/surprise/PrivateTest_13992260.jpg,0145a76461b11c03a005812ac3e0998c922d838dfcb7772eb777bc70f570d789,False,mediapipe_no_detection
35126,test_surprise_000071,surprise,test,test/surprise/PrivateTest_22781960.jpg,8f5121bcdb77e087639662ceda7f2b6dd45d7cd9a0d083841f93fe35bf56f72c,test/surprise/PrivateTest_22781960.jpg,8f5121bcdb77e087639662ceda7f2b6dd45d7cd9a0d083841f93fe35bf56f72c,False,mediapipe_no_detection
35131,test_surprise_000076,surprise,test,test/surprise/PrivateTest_23371947.jpg,58c42dba10164c863bc08ddfdf9ef751c0cf76f7b50d775434e314264930ba64,test/surprise/PrivateTest_23371947.jpg,58c42dba10164c863bc08ddfdf9ef751c0cf76f7b50d775434e314264930ba64,False,mediapipe_no_detection
35133,test_surprise_000078,surprise,test,test/surprise/PrivateTest_23514058.jpg,80825bd15ff1ae3582f9a9095f4d2acd4881a7e99f8c6e8818846f2775ecfb0e,test/surprise/PrivateTest_23514058.jpg,80825bd15ff1ae3582f9a9095f4d2acd4881a7e99f8c6e8818846f2775ecfb0e,False,mediapipe_no_detection
35167,test_surprise_000112,surprise,test,test/surprise/PrivateTest_31798685.jpg,83ac1a6bb836f4974355d25af3e17888a7c70ba7c1fc6f4143d509fc2526ab10,test/surprise/PrivateTest_31798685.jpg,83ac1a6bb836f4974355d25af3e17888a7c70ba7c1fc6f4143d509fc2526ab10,False,mediapipe_no_detection
35208,test_surprise_000153,surprise,test,test/surprise/PrivateTest_41450476.jpg,0ca96c59eb239caccdd048bce6ea9f5c226b67894326794ac2e884e5c0a3c9d9,test/surprise/PrivateTest_41450476.jpg,0ca96c59eb239caccdd048bce6ea9f5c226b67894326794ac2e884e5c0a3c9d9,False,mediapipe_no_detection
35235,test_surprise_000180,surprise,test,test/surprise/PrivateTest_47189201.jpg,c856a394895c724d39c4ed5d10b8f3ad5b3bf4deb24ab1d60c31526810c8880b,test/surprise/PrivateTest_47189201.jpg,c856a394895c724d39c4ed5d10b8f3ad5b3bf4deb24ab1d60c31526810c8880b,False,mediapipe_no_detection
35246,test_surprise_000191,surprise,test,test/surprise/PrivateTest_49102178.jpg,cea8069d05338e45bb619667ba34fe5ba87111d80a3f82b1676d5f06d79ae857,test/surprise/PrivateTest_49102178.jpg,cea8069d05338e45bb619667ba34fe5ba87111d80a3f82b1676d5f06d79ae857,False,mediapipe_no_detection
35253,test_surprise_000198,surprise,test,test/surprise/PrivateTest_51011425.jpg,dfcd5f95f3caa51c99bfe257010c0dcc0705f2478c774836adfdfe14b1b4a7ae,test/surprise/PrivateTest_51011425.jpg,dfcd5f95f3caa51c99bfe257010c0dcc0705f2478c774836adfdfe14b1b4a7ae,False,mediapipe_no_detection
35301,test_surprise_000246,surprise,test,test/surprise/PrivateTest_61359508.jpg,cc2c6f3c40a29895257616ac78ba485fa27a9a011db2fcb058b89a88d05dbb93,test/surprise/PrivateTest_61359508.jpg,cc2c6f3c40a29895257616ac78ba485fa27a9a011db2fcb058b89a88d05dbb93,False,mediapipe_no_detection
35311,test_surprise_000256,surprise,test,test/surprise/PrivateTest_63477934.jpg,d6861d4dd56bdde3ff99360bc73c93f71ebfef48d2ce895cbcbdcfba4ca75435,test/surprise/PrivateTest_63477934.jpg,d6861d4dd56bdde3ff99360bc73c93f71ebfef48d2ce895cbcbdcfba4ca75435,False,mediapipe_no_detection
35404,test_surprise_000349,surprise,test,test/surprise/PrivateTest_8256849.jpg,cf0b81933c6275d8e561ea638fb58621a973de3b34ba639378abb44001f9b5af,test/surprise/PrivateTest_8256849.jpg,cf0b81933c6275d8e561ea638fb58621a973de3b34ba639378abb44001f9b5af,False,mediapipe_no_detection
35450,test_surprise_000395,surprise,test,test/surprise/PrivateTest_95778572.jpg,2bcdd81efa4c26d9514fde90452a450c7b88905493d8ad04223dd55de5b228f7,test/surprise/PrivateTest_95778572.jpg,2bcdd81efa4c26d9514fde90452a450c7b88905493d8ad04223dd55de5b228f7,False,mediapipe_no_detection
35480,test_surprise_000425,surprise,test,test/surprise/PublicTest_12795179.jpg,fbe241f10826c75ab2f1425fbc75d2530f52cfdd4cbfcb2ad0fef6746db178fb,test/surprise/PublicTest_12795179.jpg,fbe241f10826c75ab2f1425fbc75d2530f52cfdd4cbfcb2ad0fef6746db178fb,False,mediapipe_no_detection
35495,test_surprise_000440,surprise,test,test/surprise/PublicTest_1597600.jpg,51fbcad0710a581c0d03226f8a4589b2d83b561b8da0968e369f57589e26cf87,test/surprise/PublicTest_1597600.jpg,51fbcad0710a581c0d03226f8a4589b2d83b561b8da0968e369f57589e26cf87,False,mediapipe_no_detection
35511,test_surprise_000456,surprise,test,test/surprise/PublicTest_18350292.jpg,508e4bab11ec8cefcc9eb10ef622a60a51a6c94fee4e340c96669181c3f013f9,test/surprise/PublicTest_18350292.jpg,508e4bab11ec8cefcc9eb10ef622a60a51a6c94fee4e340c96669181c3f013f9,False,mediapipe_no_detection
35521,test_surprise_000466,surprise,test,test/surprise/PublicTest_20248242.jpg,b9c5e1a718410c77a7663ff63e2c6b54f576d9b3f63b4e4066c75cb4456a3273,test/surprise/PublicTest_20248242.jpg,b9c5e1a718410c77a7663ff63e2c6b54f576d9b3f63b4e4066c75cb4456a3273,False,mediapipe_no_detection
35549,test_surprise_000494,surprise,test,test/surprise/PublicTest_27272456.jpg,d0569f8022f170cd4c965ec12843f9397936c170a84b49c4efdd9eb98727223a,test/surprise/PublicTest_27272456.jpg,d0569f8022f170cd4c965ec12843f9397936c170a84b49c4efdd9eb98727223a,False,mediapipe_no_detection
35564,test_surprise_000509,surprise,test,test/surprise/PublicTest_30987122.jpg,f8d76ef4d35f4c903b5d53ea05a256809d74124a0b8111bd3697f35ef643d68b,test/surprise/PublicTest_30987122.jpg,f8d76ef4d35f4c903b5d53ea05a256809d74124a0b8111bd3697f35ef643d68b,False,mediapipe_no_detection
35565,test_surprise_000510,surprise,test,test/surprise/PublicTest_31004145.jpg,697fd688704ab928b5fb55e66343ae0975c70d90a29f258110b0c41081f57182,test/surprise/PublicTest_31004145.jpg,697fd688704ab928b5fb55e66343ae0975c70d90a29f258110b0c41081f57182,False,mediapipe_no_detection
35566,test_surprise_000511,surprise,test,test/surprise/PublicTest_31171869.jpg,7371d502b576307531ee0afb215e1c546a7318a825b05a128da8f7c3243731f1,test/surprise/PublicTest_31171869.jpg,7371d502b576307531ee0afb215e1c546a7318a825b05a128da8f7c3243731f1,False,mediapipe_no_detection
35568,test_surprise_000513,surprise,test,test/surprise/PublicTest_31705635.jpg,45085b5df32e11267bf2fef2cdb8c4d06afceae8cb10d155e45b05628fe1c701,test/surprise/PublicTest_31705635.jpg,45085b5df32e11267bf2fef2cdb8c4d06afceae8cb10d155e45b05628fe1c701,False,mediapipe_no_detection
35573,test_surprise_000518,surprise,test,test/surprise/PublicTest_33947662.jpg,753a2242d24856b73a5c613fcecde0c3b81d96d3f9cf6dd715fd8611af1662fb,test/surprise/PublicTest_33947662.jpg,753a2242d24856b73a5c613fcecde0c3b81d96d3f9cf6dd715fd8611af1662fb,False,mediapipe_no_detection
35667,test_surprise_000612,surprise,test,test/surprise/PublicTest_50922918.jpg,012607f60714cf08aa7368a1888108af54510f139eb334e8b6a3e42769c65d70,test/surprise/PublicTest_50922918.jpg,012607f60714cf08aa7368a1888108af54510f139eb334e8b6a3e42769c65d70,False,mediapipe_no_detection
35678,test_surprise_000623,surprise,test,test/surprise/PublicTest_52359086.jpg,0e63a1fe9f6de37d7d27dffd7c1a19a42e379a02fb393f509bc9df0486e1f90c,test/surprise/PublicTest_52359086.jpg,0e63a1fe9f6de37d7d27dffd7c1a19a42e379a02fb393f509bc9df0486e1f90c,False,mediapipe_no_detection
35686,test_surprise_000631,surprise,test,test/surprise/PublicTest_53795000.jpg,c7d2fdd7e55d20ec3b935c33f90841515a15d0d4ffadc7fda27a0133d374c024,test/surprise/PublicTest_53795000.jpg,c7d2fdd7e55d20ec3b935c33f90841515a15d0d4ffadc7fda27a0133d374c024,False,mediapipe_no_detection
35776,test_surprise_000721,surprise,test,test/surprise/PublicTest_72725289.jpg,bc93c31bd37d28b548ff2718550f6ae339a0cf64798c7441681fea894555a015,test/surprise/PublicTest_72725289.jpg,bc93c31bd37d28b548ff2718550f6ae339a0cf64798c7441681fea894555a015,False,mediapipe_no_detection
