sample_id,class_name,relative_path,manifest_sha256,computed_sha256,sha256_match,image_width,image_height,bbox_x1,bbox_y1,bbox_x2,bbox_y2,inference_success,num_keypoints,finite_keypoints,finite_rate,in_bounds_keypoints,in_bounds_rate,score_threshold,visible_keypoints,visible_rate,score_min,score_p10,score_mean,score_median,score_p90,score_max,inference_ms,overlay_path,error_type,error_message
angry_001,angry,angry/Training_69562893.jpg,1a1babb285cad01d5437b95bba7826a13d083654122146623f2ba59b38a1242e,1a1babb285cad01d5437b95bba7826a13d083654122146623f2ba59b38a1242e,True,48,48,0.0,0.0,47.0,47.0,True,106,106,1.0,106,1.0,0.2,106,1.0,0.25214552879333496,0.39871397614479065,0.5665580630302429,0.5667951703071594,0.7144875228404999,0.8463760614395142,104.39359999872977,overlays\angry_001.png,,
angry_002,angry,angry/Training_20445632.jpg,5839d23673bbd32b859f31fbeead6c2d4c258faa6e8b086f5640602e7a453e67,5839d23673bbd32b859f31fbeead6c2d4c258faa6e8b086f5640602e7a453e67,True,48,48,0.0,0.0,47.0,47.0,True,106,106,1.0,106,1.0,0.2,106,1.0,0.3648947477340698,0.42996490001678467,0.672161340713501,0.6425771713256836,0.9456006586551666,0.9885931015014648,109.19730000023264,overlays\angry_002.png,,
angry_003,angry,angry/Training_12604769.jpg,05ae396016b0dd5627e6eaecc8d8b7b3571db86ece16b4c58396ea741897503a,05ae396016b0dd5627e6eaecc8d8b7b3571db86ece16b4c58396ea741897503a,True,48,48,0.0,0.0,47.0,47.0,True,106,106,1.0,106,1.0,0.2,106,1.0,0.4297407865524292,0.521740049123764,0.7220403552055359,0.6928762793540955,0.9667945206165314,1.1122488975524902,108.90170000129729,overlays\angry_003.png,,
angry_004,angry,angry/Training_79059604.jpg,a3a0c81ed84d402aec9d37df1cb4baac93d61d738f964ef140c0bdb0402798fc,a3a0c81ed84d402aec9d37df1cb4baac93d61d738f964ef140c0bdb0402798fc,True,48,48,0.0,0.0,47.0,47.0,True,106,106,1.0,106,1.0,0.2,106,1.0,0.5740809440612793,0.6571044921875,0.7945166826248169,0.7866539359092712,0.9346422255039215,1.021979808807373,104.09010000148555,overlays\angry_004.png,,
angry_005,angry,angry/Training_35447240.jpg,6cbd7c0ec7e1920a8f83c2947c646f204e8e28c1e04f20d50e92353a2c9985d4,6cbd7c0ec7e1920a8f83c2947c646f204e8e28c1e04f20d50e92353a2c9985d4,True,48,48,0.0,0.0,47.0,47.0,True,106,106,1.0,106,1.0,0.2,106,1.0,0.4444076418876648,0.5311765968799591,0.7067007422447205,0.6957296133041382,0.923265665769577,0.9843658208847046,105.09610000008252,overlays\angry_005.png,,
angry_006,angry,angry/Training_32583157.jpg,b98d793c2740367e8de81e5d5596f344215cb61219306605cde326fa7a0ca4bc,b98d793c2740367e8de81e5d5596f344215cb61219306605cde326fa7a0ca4bc,True,48,48,0.0,0.0,47.0,47.0,True,106,106,1.0,106,1.0,0.2,106,1.0,0.5033753514289856,0.5903863310813904,0.7538015842437744,0.7577856183052063,0.9043307602405548,0.9876668453216553,106.22759999750997,overlays\angry_006.png,,
angry_007,angry,angry/Training_30549878.jpg,5e089a6db4bb060b94c2b746c393ab61e0a0b22f04290781705154ac854d8ddc,5e089a6db4bb060b94c2b746c393ab61e0a0b22f04290781705154ac854d8ddc,True,48,48,0.0,0.0,47.0,47.0,True,106,106,1.0,106,1.0,0.2,106,1.0,0.5237026214599609,0.6084194779396057,0.7404455542564392,0.7456812858581543,0.8620866537094116,0.9393478631973267,99.12100000292412,overlays\angry_007.png,,
angry_008,angry,angry/Training_23065708.jpg,b3c5d885833a4ffc9c15024577b7147276ea056d40617a527f1c82b36942f429,b3c5d885833a4ffc9c15024577b7147276ea056d40617a527f1c82b36942f429,True,48,48,0.0,0.0,47.0,47.0,True,106,106,1.0,106,1.0,0.2,106,1.0,0.6025233268737793,0.6543242633342743,0.799122154712677,0.7885921001434326,0.9720008671283722,1.037721872329712,102.07199999786098,overlays\angry_008.png,,
angry_009,angry,angry/Training_7865887.jpg,bf380f91472cbd2b06b621523c541d8cc4a8ec5fe930ed24b58c1be3b18f1fe9,bf380f91472cbd2b06b621523c541d8cc4a8ec5fe930ed24b58c1be3b18f1fe9,True,48,48,0.0,0.0,47.0,47.0,True,106,106,1.0,102,0.9622641509433962,0.2,106,1.0,0.5391200184822083,0.6000937223434448,0.6873761415481567,0.6735665202140808,0.8038946986198425,0.8549900054931641,126.54210000255262,overlays\angry_009.png,,
angry_010,angry,angry/Training_19595003.jpg,cfb50fc30e59307b2e9a406179f325067117be993e37b07f34cae0adebf08d9c,cfb50fc30e59307b2e9a406179f325067117be993e37b07f34cae0adebf08d9c,True,48,48,0.0,0.0,47.0,47.0,True,106,106,1.0,101,0.9528301886792453,0.2,106,1.0,0.3574717342853546,0.4832466244697571,0.6834440231323242,0.6487781405448914,0.916785478591919,0.9727616310119629,108.31269999835058,overlays\angry_010.png,,
angry_011,angry,angry/Training_72939025.jpg,33541ee71d63d5395cd67defab891e53328f9679a5807d733bdf298886535d60,33541ee71d63d5395cd67defab891e53328f9679a5807d733bdf298886535d60,True,48,48,0.0,0.0,47.0,47.0,True,106,106,1.0,98,0.9245283018867925,0.2,106,1.0,0.36348092555999756,0.4377831369638443,0.6195551156997681,0.6138432621955872,0.808020830154419,0.8905632495880127,102.22960000101011,overlays\angry_011.png,,
angry_012,angry,angry/Training_78937516.jpg,c064471201858c6fc4d15513906fbb67026d59a9d6461b5e48945c4472dbf1f6,c064471201858c6fc4d15513906fbb67026d59a9d6461b5e48945c4472dbf1f6,True,48,48,0.0,0.0,47.0,47.0,True,106,106,1.0,106,1.0,0.2,106,1.0,0.5299451351165771,0.5862243175506592,0.7514318823814392,0.7337133884429932,0.9216326177120209,0.9877057075500488,97.75420000005397,overlays\angry_012.png,,
angry_013,angry,angry/Training_93157085.jpg,f86c56e98e02ce568b37ef830aa0e1e72dbeaea6e3a70ff87066da1ca54c262c,f86c56e98e02ce568b37ef830aa0e1e72dbeaea6e3a70ff87066da1ca54c262c,True,48,48,0.0,0.0,47.0,47.0,True,106,106,1.0,97,0.9150943396226415,0.2,106,1.0,0.3337783217430115,0.39342427253723145,0.6005943417549133,0.6002854108810425,0.8459689021110535,0.9205124974250793,99.47430000102031,overlays\angry_013.png,,
angry_014,angry,angry/Training_60412371.jpg,fbd264842f18a08455c0d9daafbc5d93ba43afdd3f6ecee53e6a7d68fa5f7fa9,fbd264842f18a08455c0d9daafbc5d93ba43afdd3f6ecee53e6a7d68fa5f7fa9,True,48,48,0.0,0.0,47.0,47.0,True,106,106,1.0,69,0.6509433962264151,0.2,104,0.9811320754716981,0.19466423988342285,0.3737708479166031,0.5111750364303589,0.4802037477493286,0.7417570352554321,0.8438423871994019,100.05680000176653,overlays\angry_014.png,,
angry_015,angry,angry/Training_18460889.jpg,52fc36197bf26ce05c038d02261de6fc28b9f604a85f64f5eee631165122bd83,52fc36197bf26ce05c038d02261de6fc28b9f604a85f64f5eee631165122bd83,True,48,48,0.0,0.0,47.0,47.0,True,106,106,1.0,92,0.8679245283018868,0.2,106,1.0,0.25653088092803955,0.3895503580570221,0.6314000487327576,0.6127936840057373,0.8975030481815338,1.0275657176971436,101.0586999982479,overlays\angry_015.png,,
angry_016,angry,angry/Training_65004742.jpg,220af1794a253f11d0183fde5db5341a9519e1b08abd05e1387262217a4052b6,220af1794a253f11d0183fde5db5341a9519e1b08abd05e1387262217a4052b6,True,48,48,0.0,0.0,47.0,47.0,True,106,106,1.0,89,0.839622641509434,0.2,106,1.0,0.5221956372261047,0.6258748471736908,0.789376974105835,0.8097805976867676,0.9147323071956635,0.9933006763458252,100.57070000038948,overlays\angry_016.png,,
angry_017,angry,angry/Training_48839677.jpg,c073703ccad2077a6b918629d2e901fe9f649b366890af75412e1979661b2748,c073703ccad2077a6b918629d2e901fe9f649b366890af75412e1979661b2748,True,48,48,0.0,0.0,47.0,47.0,True,106,106,1.0,81,0.7641509433962265,0.2,106,1.0,0.4211309850215912,0.5003493577241898,0.705094039440155,0.7394049167633057,0.8477892577648163,0.9241987466812134,102.85020000083023,overlays\angry_017.png,,
angry_018,angry,angry/Training_13521344.jpg,03c9792a9e1189159ae753decaa00b88e225c78691e013dae4963fbc2e128c2f,03c9792a9e1189159ae753decaa00b88e225c78691e013dae4963fbc2e128c2f,True,48,48,0.0,0.0,47.0,47.0,True,106,106,1.0,106,1.0,0.2,106,1.0,0.5378701686859131,0.6545992493629456,0.7550125122070312,0.7270828485488892,0.8670423924922943,0.9312472343444824,101.02849999748287,overlays\angry_018.png,,
angry_019,angry,angry/Training_13196511.jpg,cfad1fc131ea9ec53efb02ef36b43fce24a60e1ee328abe98fa77f9e06afdca3,cfad1fc131ea9ec53efb02ef36b43fce24a60e1ee328abe98fa77f9e06afdca3,True,48,48,0.0,0.0,47.0,47.0,True,106,106,1.0,95,0.8962264150943396,0.2,105,0.9905660377358491,0.19370216131210327,0.3478540629148483,0.5412130355834961,0.5418941974639893,0.7326629757881165,0.8136309385299683,104.71850000249106,overlays\angry_019.png,,
angry_020,angry,angry/Training_18894040.jpg,e13cdc92e42ae5675903eccaeed7f9fcd8f3e397ba6a3ddd37b832730ab4ce21,e13cdc92e42ae5675903eccaeed7f9fcd8f3e397ba6a3ddd37b832730ab4ce21,True,48,48,0.0,0.0,47.0,47.0,True,106,106,1.0,97,0.9150943396226415,0.2,106,1.0,0.45077699422836304,0.5200912356376648,0.6536307334899902,0.6330095529556274,0.807414323091507,0.922762393951416,103.90289999850211,overlays\angry_020.png,,
angry_021,angry,angry/Training_30148518.jpg,9458edfc61c6292fef0fc7931f80ef7e477e91ba3c05c93b187adc24ace970de,9458edfc61c6292fef0fc7931f80ef7e477e91ba3c05c93b187adc24ace970de,True,48,48,0.0,0.0,47.0,47.0,True,106,106,1.0,72,0.6792452830188679,0.2,106,1.0,0.35345757007598877,0.48256243765354156,0.6177486181259155,0.6342833042144775,0.7546035647392273,0.8121799826622009,104.92879999947036,overlays\angry_021.png,,
angry_022,angry,angry/Training_3161929.jpg,c7380331f2e10bb441131f930e8a2526392ae0a6845461bd19578c43c1e19c38,c7380331f2e10bb441131f930e8a2526392ae0a6845461bd19578c43c1e19c38,True,48,48,0.0,0.0,47.0,47.0,True,106,106,1.0,95,0.8962264150943396,0.2,106,1.0,0.41835352778434753,0.4978298842906952,0.6402179598808289,0.641432523727417,0.8308261036872864,0.8802293539047241,102.3538000008557,overlays\angry_022.png,,
angry_023,angry,angry/Training_56643016.jpg,2ff1df5aa29366d5250132f718697266d637c6f3566678037101887613d78154,2ff1df5aa29366d5250132f718697266d637c6f3566678037101887613d78154,True,48,48,0.0,0.0,47.0,47.0,True,106,106,1.0,97,0.9150943396226415,0.2,106,1.0,0.24572549760341644,0.38497085869312286,0.6050071120262146,0.6096347570419312,0.8234133124351501,0.9068885445594788,101.32570000132546,overlays\angry_023.png,,
angry_024,angry,angry/Training_65912489.jpg,37d0a0ce06f1c3e6d59bd74a7b22f4015c5952033f00e2e3185b5062b5478e88,37d0a0ce06f1c3e6d59bd74a7b22f4015c5952033f00e2e3185b5062b5478e88,True,48,48,0.0,0.0,47.0,47.0,True,106,106,1.0,98,0.9245283018867925,0.2,106,1.0,0.3682713210582733,0.4318019151687622,0.6247968077659607,0.6153525114059448,0.8230211734771729,0.9030215740203857,98.93560000273283,overlays\angry_024.png,,
angry_025,angry,angry/Training_12776681.jpg,db32a7cc85c28bccb6b76d907bb537ccd1c6bae9a622a79427faf433440b1b32,db32a7cc85c28bccb6b76d907bb537ccd1c6bae9a622a79427faf433440b1b32,True,48,48,0.0,0.0,47.0,47.0,True,106,106,1.0,98,0.9245283018867925,0.2,106,1.0,0.32438844442367554,0.4034554064273834,0.6392806172370911,0.6287158727645874,0.879963219165802,1.006812572479248,98.28819999893312,overlays\angry_025.png,,
angry_026,angry,angry/Training_62427202.jpg,9503b21d6ec06437fb0d8f7e2ae97ed8bf07d27f5194da9e6335d72d9581e85f,9503b21d6ec06437fb0d8f7e2ae97ed8bf07d27f5194da9e6335d72d9581e85f,True,48,48,0.0,0.0,47.0,47.0,True,106,106,1.0,102,0.9622641509433962,0.2,106,1.0,0.5060969591140747,0.5491370558738708,0.7169069051742554,0.7229300141334534,0.8976997137069702,0.9627712965011597,103.4362999998848,overlays\angry_026.png,,
angry_027,angry,angry/Training_28275568.jpg,068c11ea7d96a1e3407e914e0702aa3efdc472691dd0135ca7f99958ef733410,068c11ea7d96a1e3407e914e0702aa3efdc472691dd0135ca7f99958ef733410,True,48,48,0.0,0.0,47.0,47.0,True,106,106,1.0,100,0.9433962264150944,0.2,106,1.0,0.21328860521316528,0.388449564576149,0.5588490962982178,0.5764822363853455,0.6948537826538086,0.7552006244659424,122.8166999972018,overlays\angry_027.png,,
angry_028,angry,angry/Training_76878533.jpg,8c4907a43c971e372391f3e54cfb3851fcb9cd934a0e8b89e05b647e4f8e72b7,8c4907a43c971e372391f3e54cfb3851fcb9cd934a0e8b89e05b647e4f8e72b7,True,48,48,0.0,0.0,47.0,47.0,True,106,106,1.0,93,0.8773584905660378,0.2,106,1.0,0.5688790082931519,0.6136542558670044,0.7318601012229919,0.7169807553291321,0.8894237875938416,0.9640306830406189,101.95150000072317,overlays\angry_028.png,,
angry_029,angry,angry/Training_70583545.jpg,237d6d4f1eb263de9e2bc3f87528520b6b1dc6fa4c77037d51845f1a0e678e4c,237d6d4f1eb263de9e2bc3f87528520b6b1dc6fa4c77037d51845f1a0e678e4c,True,48,48,0.0,0.0,47.0,47.0,True,106,106,1.0,106,1.0,0.2,106,1.0,0.5424110889434814,0.575640082359314,0.6839155554771423,0.6716270446777344,0.7772148549556732,0.9056448340415955,100.66960000040126,overlays\angry_029.png,,
angry_030,angry,angry/Training_75201127.jpg,d5d53285050042a7060eb92b7850608c237099e0abfed849629dfac554e9983a,d5d53285050042a7060eb92b7850608c237099e0abfed849629dfac554e9983a,True,48,48,0.0,0.0,47.0,47.0,True,106,106,1.0,102,0.9622641509433962,0.2,106,1.0,0.37388914823532104,0.46830886602401733,0.6918883323669434,0.6703958511352539,0.9350553452968597,0.9852771759033203,106.45029999795952,overlays\angry_030.png,,
angry_031,angry,angry/Training_60381974.jpg,a0b692d437badcbd05fb977d3d2a63f0bf56a55d27b432e36bf05ab4b9b3aec6,a0b692d437badcbd05fb977d3d2a63f0bf56a55d27b432e36bf05ab4b9b3aec6,True,48,48,0.0,0.0,47.0,47.0,True,106,106,1.0,101,0.9528301886792453,0.2,106,1.0,0.42060449719429016,0.4695335030555725,0.5606422424316406,0.5611135363578796,0.6562268733978271,0.7485833764076233,107.90000000270084,overlays\angry_031.png,,
angry_032,angry,angry/Training_48608241.jpg,5e58857dac2a4d90d279489e5209b98fa18cccbf59de1c56f8a51fbf09459299,5e58857dac2a4d90d279489e5209b98fa18cccbf59de1c56f8a51fbf09459299,True,48,48,0.0,0.0,47.0,47.0,True,106,106,1.0,102,0.9622641509433962,0.2,98,0.9245283018867925,0.1027693897485733,0.2877485454082489,0.510081946849823,0.5843455195426941,0.719568520784378,0.7842228412628174,98.89259999908973,overlays\angry_032.png,,
angry_033,angry,angry/Training_30292119.jpg,16112807e1e8915be9ce1c31190afc8ef8f1b82dc3bce62de7da5f8efb348a8c,16112807e1e8915be9ce1c31190afc8ef8f1b82dc3bce62de7da5f8efb348a8c,True,48,48,0.0,0.0,47.0,47.0,True,106,106,1.0,103,0.9716981132075472,0.2,106,1.0,0.4467035233974457,0.5693582892417908,0.7499850392341614,0.7151069045066833,0.9656732380390167,0.99715256690979,106.10250000172528,overlays\angry_033.png,,
angry_034,angry,angry/Training_51453848.jpg,fbeee19e2def3d14c39c4e94c5b68b7c514babe4d3696a5dd3b04fb7d4fcff6f,fbeee19e2def3d14c39c4e94c5b68b7c514babe4d3696a5dd3b04fb7d4fcff6f,True,48,48,0.0,0.0,47.0,47.0,True,106,106,1.0,97,0.9150943396226415,0.2,106,1.0,0.4768378734588623,0.5718133747577667,0.6980347633361816,0.7228250503540039,0.7876282930374146,0.8239037990570068,104.41319999881671,overlays\angry_034.png,,
angry_035,angry,angry/Training_64909824.jpg,dc29d3ca229d4fc951716f746e0f0fa6bf1a4503a828ebd1ec6ad15ff91bce27,dc29d3ca229d4fc951716f746e0f0fa6bf1a4503a828ebd1ec6ad15ff91bce27,True,48,48,0.0,0.0,47.0,47.0,True,106,106,1.0,101,0.9528301886792453,0.2,106,1.0,0.3806050717830658,0.45737597346305847,0.615117609500885,0.605538010597229,0.8383960127830505,0.9178186655044556,101.055200000701,overlays\angry_035.png,,
angry_036,angry,angry/Training_35701263.jpg,e9da6297f6fa290cf4cbb25975e98af135a2f5d11b0367cad5b68121f5076491,e9da6297f6fa290cf4cbb25975e98af135a2f5d11b0367cad5b68121f5076491,True,48,48,0.0,0.0,47.0,47.0,True,106,106,1.0,102,0.9622641509433962,0.2,106,1.0,0.36313146352767944,0.44003723561763763,0.6379855871200562,0.6337833404541016,0.8911450803279877,0.9658836126327515,103.091900000436,overlays\angry_036.png,,
angry_037,angry,angry/Training_84932821.jpg,4040b829ccd2320d47d71ebfdf5b50d8facb546e6dac109076a4f9896980f7ee,4040b829ccd2320d47d71ebfdf5b50d8facb546e6dac109076a4f9896980f7ee,True,48,48,0.0,0.0,47.0,47.0,True,106,106,1.0,106,1.0,0.2,106,1.0,0.48121869564056396,0.6841528713703156,0.8366216421127319,0.8666139841079712,0.9501147270202637,0.9899156093597412,105.61850000158302,overlays\angry_037.png,,
angry_038,angry,angry/Training_9070993.jpg,0efa93cc4d97f5550190ccf850e9bf5bbf7db56d1a4281bfb14aefbdb6b3e781,0efa93cc4d97f5550190ccf850e9bf5bbf7db56d1a4281bfb14aefbdb6b3e781,True,48,48,0.0,0.0,47.0,47.0,True,106,106,1.0,102,0.9622641509433962,0.2,106,1.0,0.4720039665699005,0.5506931841373444,0.7278268337249756,0.7553818821907043,0.8870174884796143,0.9392768740653992,106.0935999994399,overlays\angry_038.png,,
angry_039,angry,angry/Training_10899258.jpg,611f86a9167dd8a50ee96c74729d76384258d7d447d3b7a96da9fcec72256530,611f86a9167dd8a50ee96c74729d76384258d7d447d3b7a96da9fcec72256530,True,48,48,0.0,0.0,47.0,47.0,True,106,106,1.0,106,1.0,0.2,106,1.0,0.4443398416042328,0.5133785605430603,0.6614141464233398,0.6576327681541443,0.8035898804664612,0.8814780712127686,99.70530000282452,overlays\angry_039.png,,
angry_040,angry,angry/Training_80694454.jpg,ecf57f003263b49a0f52b51a8cfe4f443c43e9223ba482343411e8dab6b3b587,ecf57f003263b49a0f52b51a8cfe4f443c43e9223ba482343411e8dab6b3b587,True,48,48,0.0,0.0,47.0,47.0,True,106,106,1.0,100,0.9433962264150944,0.2,106,1.0,0.3733283281326294,0.42616452276706696,0.6771575808525085,0.6421327590942383,0.9510993361473083,0.998070240020752,103.40290000021923,overlays\angry_040.png,,
angry_041,angry,angry/Training_84625038.jpg,a069bfa063e00ecef1b590902f7b3de05f3b26ae8f854157c10a7ab04acbd48d,a069bfa063e00ecef1b590902f7b3de05f3b26ae8f854157c10a7ab04acbd48d,True,48,48,0.0,0.0,47.0,47.0,True,106,106,1.0,99,0.9339622641509434,0.2,106,1.0,0.30829107761383057,0.39388230443000793,0.5798636674880981,0.5877354145050049,0.7745166420936584,0.8376332521438599,114.37039999873377,overlays\angry_041.png,,
angry_042,angry,angry/Training_24890384.jpg,5354c2fbdcbeea505818adc4711e6fe1d9a524a898f54bcac6017df216c99b98,5354c2fbdcbeea505818adc4711e6fe1d9a524a898f54bcac6017df216c99b98,True,48,48,0.0,0.0,47.0,47.0,True,106,106,1.0,100,0.9433962264150944,0.2,106,1.0,0.5208719968795776,0.5631359219551086,0.6692425012588501,0.666122555732727,0.7877184748649597,0.8881920576095581,113.58970000219415,overlays\angry_042.png,,
angry_043,angry,angry/Training_7489923.jpg,5444ac025f5ffbcdefb01cadd012636ed95e83df80e17f3434d3893b61ceafee,5444ac025f5ffbcdefb01cadd012636ed95e83df80e17f3434d3893b61ceafee,True,48,48,0.0,0.0,47.0,47.0,True,106,106,1.0,87,0.8207547169811321,0.2,106,1.0,0.3741595149040222,0.524535745382309,0.7208254337310791,0.748335063457489,0.847597748041153,0.9009159207344055,113.78049999984796,overlays\angry_043.png,,
angry_044,angry,angry/Training_48906234.jpg,a216b8637604e78131d80822848228557e3ed8e57db2156a637c91586ceda29b,a216b8637604e78131d80822848228557e3ed8e57db2156a637c91586ceda29b,True,48,48,0.0,0.0,47.0,47.0,True,106,106,1.0,102,0.9622641509433962,0.2,106,1.0,0.38912227749824524,0.4936814606189728,0.7006533741950989,0.6797770261764526,0.9614841341972351,1.041981816291809,131.15000000107102,overlays\angry_044.png,,
angry_045,angry,angry/Training_40747741.jpg,fca348cb63e83f5eaef283ea25fc6c3d156d5432b827b60b1ff9f1d3160f45ec,fca348cb63e83f5eaef283ea25fc6c3d156d5432b827b60b1ff9f1d3160f45ec,True,48,48,0.0,0.0,47.0,47.0,True,106,106,1.0,101,0.9528301886792453,0.2,106,1.0,0.3434053063392639,0.46278828382492065,0.6457290649414062,0.6183377504348755,0.9101730585098267,0.9598462581634521,99.95559999879333,overlays\angry_045.png,,
angry_046,angry,angry/Training_35695824.jpg,afcfd6db27ffc24c9f7667be6a7ac4e3305114ed086326efaf7da3c5dbd98054,afcfd6db27ffc24c9f7667be6a7ac4e3305114ed086326efaf7da3c5dbd98054,True,48,48,0.0,0.0,47.0,47.0,True,106,106,1.0,105,0.9905660377358491,0.2,106,1.0,0.39974743127822876,0.49639688432216644,0.717936635017395,0.6930829286575317,0.9667668342590332,1.0735344886779785,111.72649999934947,overlays\angry_046.png,,
angry_047,angry,angry/Training_24511742.jpg,d5c76b1e809242720e3c473f7e511503c1953a61687a670618a6a82679ea31b2,d5c76b1e809242720e3c473f7e511503c1953a61687a670618a6a82679ea31b2,True,48,48,0.0,0.0,47.0,47.0,True,106,106,1.0,88,0.8301886792452831,0.2,106,1.0,0.32480955123901367,0.4959224909543991,0.6809347867965698,0.6751857399940491,0.8959062099456787,0.9732851982116699,109.25389999829349,overlays\angry_047.png,,
angry_048,angry,angry/Training_29711189.jpg,d2897f0eb26bda656bebd735daf8c093fc3d6f29299c0e1d4517e7a6453fd54d,d2897f0eb26bda656bebd735daf8c093fc3d6f29299c0e1d4517e7a6453fd54d,True,48,48,0.0,0.0,47.0,47.0,True,106,106,1.0,99,0.9339622641509434,0.2,106,1.0,0.4067613482475281,0.5113300085067749,0.6793808937072754,0.6977221965789795,0.7890693843364716,0.9352089166641235,106.34439999921597,overlays\angry_048.png,,
angry_049,angry,angry/Training_98547173.jpg,334064ada54f6a47fef8126ebebb90a07ccfe555ce0ed2b396f3889a76a4a52e,334064ada54f6a47fef8126ebebb90a07ccfe555ce0ed2b396f3889a76a4a52e,True,48,48,0.0,0.0,47.0,47.0,True,106,106,1.0,106,1.0,0.2,106,1.0,0.4978724718093872,0.5606243908405304,0.700072169303894,0.6715127229690552,0.8830528855323792,0.9442656636238098,99.26610000184155,overlays\angry_049.png,,
angry_050,angry,angry/Training_80974557.jpg,cb93cd062fbff67f551780b68ca20cedf8d5659d1717097f12ceb3c8629047ef,cb93cd062fbff67f551780b68ca20cedf8d5659d1717097f12ceb3c8629047ef,True,48,48,0.0,0.0,47.0,47.0,True,106,106,1.0,106,1.0,0.2,106,1.0,0.4672510623931885,0.5950018167495728,0.7190600633621216,0.7084840536117554,0.8799585402011871,0.970782458782196,98.22470000290195,overlays\angry_050.png,,
disgust_001,disgust,disgust/Training_49158638.jpg,8a6039e513d00fff41aa22f564b16f354500d74fa902ec53dc0f99adfeee3ae3,8a6039e513d00fff41aa22f564b16f354500d74fa902ec53dc0f99adfeee3ae3,True,48,48,0.0,0.0,47.0,47.0,True,106,106,1.0,89,0.839622641509434,0.2,106,1.0,0.5348409414291382,0.5696271657943726,0.6907134056091309,0.6828452348709106,0.8495288491249084,0.9250003099441528,99.56179999790038,overlays\disgust_001.png,,
disgust_002,disgust,disgust/Training_20847777.jpg,27ecb6a984b9182c35117d49de0e77e404edb0c05b46797b4abf9cf213b27b7a,27ecb6a984b9182c35117d49de0e77e404edb0c05b46797b4abf9cf213b27b7a,True,48,48,0.0,0.0,47.0,47.0,True,106,106,1.0,95,0.8962264150943396,0.2,106,1.0,0.39427605271339417,0.4986897259950638,0.6465502381324768,0.6332697868347168,0.8410578072071075,0.896094560623169,98.71570000177599,overlays\disgust_002.png,,
disgust_003,disgust,disgust/Training_19915172.jpg,38af3ba40e631d4d4f6379d0f517c92dcfaa5c2c239dbb512649e21a4f3e2711,38af3ba40e631d4d4f6379d0f517c92dcfaa5c2c239dbb512649e21a4f3e2711,True,48,48,0.0,0.0,47.0,47.0,True,106,106,1.0,103,0.9716981132075472,0.2,106,1.0,0.41405272483825684,0.47845104336738586,0.6679217219352722,0.6426717042922974,0.8916862607002258,0.9612257480621338,106.3728999979503,overlays\disgust_003.png,,
disgust_004,disgust,disgust/Training_53960771.jpg,5f2cb571339100c625ea9239c198a869c7caab9413bbbe213b0a30f8fed11ac8,5f2cb571339100c625ea9239c198a869c7caab9413bbbe213b0a30f8fed11ac8,True,48,48,0.0,0.0,47.0,47.0,True,106,106,1.0,93,0.8773584905660378,0.2,106,1.0,0.5622135400772095,0.618900328874588,0.7276012301445007,0.7315327525138855,0.8172664642333984,0.9157474040985107,104.49619999781135,overlays\disgust_004.png,,
disgust_005,disgust,disgust/Training_2036746.jpg,887f574670c1a6c705699867d7ac63ccf7fc5bb477a45a61760894fbc3fb39aa,887f574670c1a6c705699867d7ac63ccf7fc5bb477a45a61760894fbc3fb39aa,True,48,48,0.0,0.0,47.0,47.0,True,106,106,1.0,94,0.8867924528301887,0.2,106,1.0,0.41353100538253784,0.4769861698150635,0.6702499985694885,0.6482337117195129,0.9057232141494751,0.9546471834182739,107.28799999924377,overlays\disgust_005.png,,
disgust_006,disgust,disgust/Training_52126443.jpg,558b837b4d086aa477ac2fc652659e76aaee4b0e3844a8c8c316aadf730f8a8f,558b837b4d086aa477ac2fc652659e76aaee4b0e3844a8c8c316aadf730f8a8f,True,48,48,0.0,0.0,47.0,47.0,True,106,106,1.0,95,0.8962264150943396,0.2,106,1.0,0.31997865438461304,0.38602082431316376,0.6068748831748962,0.586442232131958,0.8590050041675568,0.9686646461486816,106.15899999902467,overlays\disgust_006.png,,
disgust_007,disgust,disgust/Training_9948239.jpg,f1de5b3ca255021aa6f2cc756bd4ae3fd4d5e2241004ff566c222647786a0996,f1de5b3ca255021aa6f2cc756bd4ae3fd4d5e2241004ff566c222647786a0996,True,48,48,0.0,0.0,47.0,47.0,True,106,106,1.0,95,0.8962264150943396,0.2,106,1.0,0.2897346615791321,0.3960043340921402,0.6077779531478882,0.6030240058898926,0.8504916727542877,0.9422204494476318,101.95949999979348,overlays\disgust_007.png,,
disgust_008,disgust,disgust/Training_50925427.jpg,f64ef00facafc7ec4203495a33c4b4d094e64346a0d5014a35cd79231ba042b3,f64ef00facafc7ec4203495a33c4b4d094e64346a0d5014a35cd79231ba042b3,True,48,48,0.0,0.0,47.0,47.0,True,106,106,1.0,98,0.9245283018867925,0.2,106,1.0,0.28048422932624817,0.37010833621025085,0.6254865527153015,0.6102465987205505,0.8918490409851074,1.00799560546875,105.75299999982235,overlays\disgust_008.png,,
disgust_009,disgust,disgust/Training_76279247.jpg,a8d1e104ab9357d080a586da31d009b1baff1a7d5cb500b49cf715d210bfdca4,a8d1e104ab9357d080a586da31d009b1baff1a7d5cb500b49cf715d210bfdca4,True,48,48,0.0,0.0,47.0,47.0,True,106,106,1.0,96,0.9056603773584906,0.2,106,1.0,0.3603992760181427,0.44053517282009125,0.6474098563194275,0.616654634475708,0.8965896368026733,0.9828836917877197,98.25629999977536,overlays\disgust_009.png,,
disgust_010,disgust,disgust/Training_39831964.jpg,d1062b436912a8c89e2037e19da3b93f0c7ee49d90767a23bdaf67d5c365999a,d1062b436912a8c89e2037e19da3b93f0c7ee49d90767a23bdaf67d5c365999a,True,48,48,0.0,0.0,47.0,47.0,True,106,106,1.0,87,0.8207547169811321,0.2,106,1.0,0.4278396964073181,0.47733430564403534,0.602110743522644,0.5827285051345825,0.7827273607254028,0.8149194121360779,120.02009999923757,overlays\disgust_010.png,,
disgust_011,disgust,disgust/Training_96356478.jpg,976cb0c537e7bcc424134abb7035d503dd8ad4f0ee18d0672f22b727b712a498,976cb0c537e7bcc424134abb7035d503dd8ad4f0ee18d0672f22b727b712a498,True,48,48,0.0,0.0,47.0,47.0,True,106,106,1.0,99,0.9339622641509434,0.2,106,1.0,0.3784095346927643,0.4664573669433594,0.6432525515556335,0.6280139088630676,0.8910892307758331,0.9401596784591675,100.35570000036387,overlays\disgust_011.png,,
disgust_012,disgust,disgust/Training_14049546.jpg,fe0732aa8c457060678bb87a9551c3dc8aeb565c4c45ece7a5f72ccd4378a153,fe0732aa8c457060678bb87a9551c3dc8aeb565c4c45ece7a5f72ccd4378a153,True,48,48,0.0,0.0,47.0,47.0,True,106,106,1.0,86,0.8113207547169812,0.2,106,1.0,0.29414764046669006,0.4210924506187439,0.560792863368988,0.546140730381012,0.7059762477874756,0.7886619567871094,105.14360000161105,overlays\disgust_012.png,,
disgust_013,disgust,disgust/Training_87032685.jpg,8491b40934bff848050addcda9637e90b6342054227afc41e85726c84210abb0,8491b40934bff848050addcda9637e90b6342054227afc41e85726c84210abb0,True,48,48,0.0,0.0,47.0,47.0,True,106,106,1.0,95,0.8962264150943396,0.2,106,1.0,0.3424452245235443,0.40327930450439453,0.6122353076934814,0.5830301642417908,0.8776926398277283,0.947283148765564,113.97760000181734,overlays\disgust_013.png,,
disgust_014,disgust,disgust/Training_61291772.jpg,ff5d503caabd02caec530a2eb7e23b4ce7eeb84760c7760a5b82c31969eb437e,ff5d503caabd02caec530a2eb7e23b4ce7eeb84760c7760a5b82c31969eb437e,True,48,48,0.0,0.0,47.0,47.0,True,106,106,1.0,80,0.7547169811320755,0.2,106,1.0,0.4314264953136444,0.5221026837825775,0.6921616792678833,0.7052494883537292,0.8375602662563324,0.8998353481292725,101.95360000216169,overlays\disgust_014.png,,
disgust_015,disgust,disgust/Training_68677948.jpg,c1de35dec83cba05f0668c5934a2f1e2e0f8ec93aa916b0867ac586f30371354,c1de35dec83cba05f0668c5934a2f1e2e0f8ec93aa916b0867ac586f30371354,True,48,48,0.0,0.0,47.0,47.0,True,106,106,1.0,85,0.8018867924528302,0.2,106,1.0,0.25207483768463135,0.33118361234664917,0.5039839744567871,0.48987627029418945,0.6978126466274261,0.7437838315963745,101.10599999825354,overlays\disgust_015.png,,
disgust_016,disgust,disgust/Training_24592307.jpg,cd41c34e373c959d634c06e531016ed417c510750ada67758888873217834781,cd41c34e373c959d634c06e531016ed417c510750ada67758888873217834781,True,48,48,0.0,0.0,47.0,47.0,True,106,106,1.0,99,0.9339622641509434,0.2,106,1.0,0.48261046409606934,0.5456175804138184,0.681291401386261,0.6736956834793091,0.8476321399211884,0.9524921774864197,109.86459999912768,overlays\disgust_016.png,,
disgust_017,disgust,disgust/Training_5395043.jpg,597bbb2c2015fc48c7ea92a88d8add907b22594fa5fcb515506510f382a594c2,597bbb2c2015fc48c7ea92a88d8add907b22594fa5fcb515506510f382a594c2,True,48,48,0.0,0.0,47.0,47.0,True,106,106,1.0,99,0.9339622641509434,0.2,106,1.0,0.3467983305454254,0.4759114533662796,0.6588129997253418,0.630984902381897,0.9255759119987488,0.9922741651535034,101.78630000154953,overlays\disgust_017.png,,
disgust_018,disgust,disgust/Training_18375779.jpg,f73b12d19de74767b0db5a94fa2317bbdd37b71a08aa5509c3de2e67ee8518aa,f73b12d19de74767b0db5a94fa2317bbdd37b71a08aa5509c3de2e67ee8518aa,True,48,48,0.0,0.0,47.0,47.0,True,106,106,1.0,99,0.9339622641509434,0.2,106,1.0,0.32579439878463745,0.4467392563819885,0.625983715057373,0.6385856866836548,0.8137480318546295,0.8957143425941467,103.53860000032,overlays\disgust_018.png,,
disgust_019,disgust,disgust/Training_70479209.jpg,7f6b64d5a19ea9e97abb3c7704e8d48e3a9d3db1376f6d68f44b43c20f54ac85,7f6b64d5a19ea9e97abb3c7704e8d48e3a9d3db1376f6d68f44b43c20f54ac85,True,48,48,0.0,0.0,47.0,47.0,True,106,106,1.0,71,0.6698113207547169,0.2,106,1.0,0.20972181856632233,0.3244301974773407,0.5053390860557556,0.47919315099716187,0.7397677302360535,0.8016113042831421,107.96549999940908,overlays\disgust_019.png,,
disgust_020,disgust,disgust/Training_43728047.jpg,5a585fb4c83beebf43fc8f6895f7f1dc291641790960bca29124fa2bf23a01b5,5a585fb4c83beebf43fc8f6895f7f1dc291641790960bca29124fa2bf23a01b5,True,48,48,0.0,0.0,47.0,47.0,True,106,106,1.0,90,0.8490566037735849,0.2,106,1.0,0.39804354310035706,0.4589441865682602,0.6113969087600708,0.5810725688934326,0.8028775751590729,0.8623014688491821,107.56590000164579,overlays\disgust_020.png,,
disgust_021,disgust,disgust/Training_98010375.jpg,3407de17011cfe238717baef07e2cd7ea89f3e5cb42ca1a36a419ef346bb6cb3,3407de17011cfe238717baef07e2cd7ea89f3e5cb42ca1a36a419ef346bb6cb3,True,48,48,0.0,0.0,47.0,47.0,True,106,106,1.0,95,0.8962264150943396,0.2,106,1.0,0.5597522258758545,0.6722444593906403,0.7887821793556213,0.7962210178375244,0.893858790397644,0.9794888496398926,105.67040000023553,overlays\disgust_021.png,,
disgust_022,disgust,disgust/Training_78245126.jpg,4e2363f3892ea797b93a3a63089f82287e25fbd9a744fd07cf29a255bbf46c1f,4e2363f3892ea797b93a3a63089f82287e25fbd9a744fd07cf29a255bbf46c1f,True,48,48,0.0,0.0,47.0,47.0,True,106,106,1.0,84,0.7924528301886793,0.2,106,1.0,0.2953070402145386,0.4327905774116516,0.5549306869506836,0.5557109713554382,0.6986900568008423,0.7558708190917969,102.97150000042166,overlays\disgust_022.png,,
disgust_023,disgust,disgust/Training_77025552.jpg,23d11cb155de2e338b366b10185a5a32d29fe520b74ba96d30d733727ba622cf,23d11cb155de2e338b366b10185a5a32d29fe520b74ba96d30d733727ba622cf,True,48,48,0.0,0.0,47.0,47.0,True,106,106,1.0,93,0.8773584905660378,0.2,106,1.0,0.3777286410331726,0.4317309409379959,0.6140332221984863,0.5938166379928589,0.8688777983188629,0.9276488423347473,105.1091000008455,overlays\disgust_023.png,,
disgust_024,disgust,disgust/Training_5242503.jpg,3b3dbcde598731600d379739e7f6738763e2af89e23e09248120eeabfb629747,3b3dbcde598731600d379739e7f6738763e2af89e23e09248120eeabfb629747,True,48,48,0.0,0.0,47.0,47.0,True,106,106,1.0,86,0.8113207547169812,0.2,106,1.0,0.495026558637619,0.544884204864502,0.6741722822189331,0.680781364440918,0.8051928281784058,0.8632476329803467,106.00450000129058,overlays\disgust_024.png,,
disgust_025,disgust,disgust/Training_73889032.jpg,00567c7d6e6a818b519975b54a0bee17eab150fda91b951220d6f92f836ee47d,00567c7d6e6a818b519975b54a0bee17eab150fda91b951220d6f92f836ee47d,True,48,48,0.0,0.0,47.0,47.0,True,106,106,1.0,95,0.8962264150943396,0.2,106,1.0,0.362881064414978,0.48528358340263367,0.6413910388946533,0.6156774163246155,0.8504670262336731,0.9155194759368896,105.52370000004885,overlays\disgust_025.png,,
disgust_026,disgust,disgust/Training_31805016.jpg,4e34a81bc8c3fed9b7f895df6535bb4675dbd7412ca0839164d1d0a23faf4174,4e34a81bc8c3fed9b7f895df6535bb4675dbd7412ca0839164d1d0a23faf4174,True,48,48,0.0,0.0,47.0,47.0,True,106,106,1.0,97,0.9150943396226415,0.2,106,1.0,0.43001070618629456,0.48887336254119873,0.6620666980743408,0.6346983909606934,0.869383841753006,0.9844498634338379,104.65939999994589,overlays\disgust_026.png,,
disgust_027,disgust,disgust/Training_84874359.jpg,4e34a81bc8c3fed9b7f895df6535bb4675dbd7412ca0839164d1d0a23faf4174,4e34a81bc8c3fed9b7f895df6535bb4675dbd7412ca0839164d1d0a23faf4174,True,48,48,0.0,0.0,47.0,47.0,True,106,106,1.0,97,0.9150943396226415,0.2,106,1.0,0.43001070618629456,0.48887336254119873,0.6620666980743408,0.6346983909606934,0.869383841753006,0.9844498634338379,103.05520000110846,overlays\disgust_027.png,,
disgust_028,disgust,disgust/Training_1654496.jpg,d445a50f0bc4064d3e00ac901c83604c3c3c4c90f1d884df196403fc892610ef,d445a50f0bc4064d3e00ac901c83604c3c3c4c90f1d884df196403fc892610ef,True,48,48,0.0,0.0,47.0,47.0,True,106,106,1.0,89,0.839622641509434,0.2,106,1.0,0.24683552980422974,0.36060279607772827,0.5528876185417175,0.5563041567802429,0.7677345275878906,0.8365037441253662,115.85959999865736,overlays\disgust_028.png,,
disgust_029,disgust,disgust/Training_14064382.jpg,d3dba995b87a2d748c7abe5b449efe57284140951cea7761dfee25840b898c11,d3dba995b87a2d748c7abe5b449efe57284140951cea7761dfee25840b898c11,True,48,48,0.0,0.0,47.0,47.0,True,106,106,1.0,85,0.8018867924528302,0.2,105,0.9905660377358491,0.1800248771905899,0.3135478049516678,0.5094442963600159,0.4930799603462219,0.7458784580230713,0.8323473930358887,107.52960000172607,overlays\disgust_029.png,,
disgust_030,disgust,disgust/Training_80671795.jpg,55dbff9769e3b520c45855d07cd6c1284d9a5a68cc24b19f93329fcfffb150d7,55dbff9769e3b520c45855d07cd6c1284d9a5a68cc24b19f93329fcfffb150d7,True,48,48,0.0,0.0,47.0,47.0,True,106,106,1.0,86,0.8113207547169812,0.2,106,1.0,0.37339937686920166,0.47564664483070374,0.602471113204956,0.6134494543075562,0.7060514688491821,0.807344913482666,103.50260000268463,overlays\disgust_030.png,,
disgust_031,disgust,disgust/Training_35846483.jpg,23fbd9fbec608040ee17f06e2edc8a927957429cb70dbf8d55e50117c299c63c,23fbd9fbec608040ee17f06e2edc8a927957429cb70dbf8d55e50117c299c63c,True,48,48,0.0,0.0,47.0,47.0,True,106,106,1.0,84,0.7924528301886793,0.2,106,1.0,0.24594035744667053,0.33667322993278503,0.5787078738212585,0.5615665316581726,0.8485435247421265,0.9093345403671265,106.75329999867245,overlays\disgust_031.png,,
disgust_032,disgust,disgust/Training_92867053.jpg,19de3bd7e9311fb695fc5b60ac70234113cad95a98faa755b7b36826b8572702,19de3bd7e9311fb695fc5b60ac70234113cad95a98faa755b7b36826b8572702,True,48,48,0.0,0.0,47.0,47.0,True,106,106,1.0,96,0.9056603773584906,0.2,106,1.0,0.33207786083221436,0.43068017065525055,0.6298428177833557,0.6153573989868164,0.8471818566322327,0.9640470743179321,107.92339999898104,overlays\disgust_032.png,,
disgust_033,disgust,disgust/Training_43083070.jpg,23c53b036456a877de2d788cdfaa06509ed9d36d0459cf9b9d4c557da17837a4,23c53b036456a877de2d788cdfaa06509ed9d36d0459cf9b9d4c557da17837a4,True,48,48,0.0,0.0,47.0,47.0,True,106,106,1.0,85,0.8018867924528302,0.2,106,1.0,0.23260840773582458,0.34724776446819305,0.5387493968009949,0.5320970416069031,0.7643762826919556,0.8303787708282471,116.38120000134222,overlays\disgust_033.png,,
disgust_034,disgust,disgust/Training_36831728.jpg,7e108c5b7df945d89796e2dbafd4fff6767f666d62842248dbd9064fe2641fd6,7e108c5b7df945d89796e2dbafd4fff6767f666d62842248dbd9064fe2641fd6,True,48,48,0.0,0.0,47.0,47.0,True,106,106,1.0,95,0.8962264150943396,0.2,106,1.0,0.40557318925857544,0.496234655380249,0.675451397895813,0.6482212543487549,0.9179497063159943,0.9771105051040649,114.66089999885298,overlays\disgust_034.png,,
disgust_035,disgust,disgust/Training_20767880.jpg,a1232f4b247d2556e03d7443178e3ca2dcb282cd16170d1b00f0a8639ee536a6,a1232f4b247d2556e03d7443178e3ca2dcb282cd16170d1b00f0a8639ee536a6,True,48,48,0.0,0.0,47.0,47.0,True,106,106,1.0,88,0.8301886792452831,0.2,106,1.0,0.3327021896839142,0.44969451427459717,0.5697568655014038,0.5579578280448914,0.7198135256767273,0.7985012531280518,110.69230000066455,overlays\disgust_035.png,,
disgust_036,disgust,disgust/Training_41474720.jpg,36aabb1c3136a653fd5e4acec8ad93b113b0a5af06b32a6a3c26a9d39eeb2c21,36aabb1c3136a653fd5e4acec8ad93b113b0a5af06b32a6a3c26a9d39eeb2c21,True,48,48,0.0,0.0,47.0,47.0,True,106,106,1.0,74,0.6981132075471698,0.2,106,1.0,0.3675526976585388,0.4007851183414459,0.5007201433181763,0.5132839679718018,0.5744161009788513,0.6873157620429993,102.23530000075698,overlays\disgust_036.png,,
disgust_037,disgust,disgust/Training_60674497.jpg,3470e6fd431dcb9c76a3e066f4ac897832224cf01ff945cfca8652b30ccec233,3470e6fd431dcb9c76a3e066f4ac897832224cf01ff945cfca8652b30ccec233,True,48,48,0.0,0.0,47.0,47.0,True,106,106,1.0,103,0.9716981132075472,0.2,106,1.0,0.4789382517337799,0.5670098662376404,0.6866750717163086,0.6672723889350891,0.836742103099823,0.9188863039016724,107.88740000134567,overlays\disgust_037.png,,
disgust_038,disgust,disgust/Training_79051820.jpg,431c794e1507966f8b6b3dbb8b261978f074b43ba869492992967bb01f0113c1,431c794e1507966f8b6b3dbb8b261978f074b43ba869492992967bb01f0113c1,True,48,48,0.0,0.0,47.0,47.0,True,106,106,1.0,80,0.7547169811320755,0.2,106,1.0,0.26404082775115967,0.360415056347847,0.5079347491264343,0.47564202547073364,0.6968505382537842,0.7615277767181396,106.68620000069495,overlays\disgust_038.png,,
disgust_039,disgust,disgust/Training_98416381.jpg,35cb7bb930e8c84342135c3fb3288bd9f3468069e3468f4f8614d4bbc7c8eb61,35cb7bb930e8c84342135c3fb3288bd9f3468069e3468f4f8614d4bbc7c8eb61,True,48,48,0.0,0.0,47.0,47.0,True,106,106,1.0,74,0.6981132075471698,0.2,106,1.0,0.300445556640625,0.500642716884613,0.6603375673294067,0.6860805749893188,0.801091879606247,0.8744837641716003,104.0026000009675,overlays\disgust_039.png,,
disgust_040,disgust,disgust/Training_52480931.jpg,678428f7e58c4b0fe36ec1aeea146ef35a9d118cab24ed60f9f2b6e88bfb5b6a,678428f7e58c4b0fe36ec1aeea146ef35a9d118cab24ed60f9f2b6e88bfb5b6a,True,48,48,0.0,0.0,47.0,47.0,True,106,106,1.0,89,0.839622641509434,0.2,106,1.0,0.4980522692203522,0.5601224303245544,0.6871316432952881,0.6871581673622131,0.8047480583190918,0.9142760634422302,105.36449999926845,overlays\disgust_040.png,,
disgust_041,disgust,disgust/Training_28804902.jpg,514a0787af993a7006547b7a1871df119b49feeef0849b0054fbde28d2cea529,514a0787af993a7006547b7a1871df119b49feeef0849b0054fbde28d2cea529,True,48,48,0.0,0.0,47.0,47.0,True,106,106,1.0,92,0.8679245283018868,0.2,106,1.0,0.2904196083545685,0.3536284267902374,0.6055717468261719,0.5883761644363403,0.8394520878791809,0.9841490983963013,105.52020000250195,overlays\disgust_041.png,,
disgust_042,disgust,disgust/Training_52850336.jpg,763a1647b4b2317700c3be99b20264f83f6bbea2bb6f2c3585ae9d1a7c6479e1,763a1647b4b2317700c3be99b20264f83f6bbea2bb6f2c3585ae9d1a7c6479e1,True,48,48,0.0,0.0,47.0,47.0,True,106,106,1.0,83,0.7830188679245284,0.2,106,1.0,0.38772520422935486,0.48551349341869354,0.5905946493148804,0.5714528560638428,0.7320855259895325,0.8105664253234863,105.50990000047022,overlays\disgust_042.png,,
disgust_043,disgust,disgust/Training_52027906.jpg,5825f9897682bbc3b11a74d46e9f4f60a62de45263cb87c4ff75a01449c05924,5825f9897682bbc3b11a74d46e9f4f60a62de45263cb87c4ff75a01449c05924,True,48,48,0.0,0.0,47.0,47.0,True,106,106,1.0,97,0.9150943396226415,0.2,106,1.0,0.505460798740387,0.5534409284591675,0.6463106274604797,0.6312732696533203,0.7620821595191956,0.8194226622581482,121.2271000003966,overlays\disgust_043.png,,
disgust_044,disgust,disgust/Training_33653190.jpg,1b2afe1063c7beedb5165cc4932c070073b6a968f39352afdd55ca8d53e1ae55,1b2afe1063c7beedb5165cc4932c070073b6a968f39352afdd55ca8d53e1ae55,True,48,48,0.0,0.0,47.0,47.0,True,106,106,1.0,100,0.9433962264150944,0.2,106,1.0,0.3295729160308838,0.4743213653564453,0.6901037693023682,0.6686630845069885,0.9724955558776855,1.0449697971343994,106.81269999986398,overlays\disgust_044.png,,
disgust_045,disgust,disgust/Training_81772924.jpg,dde5a74c2d169ff64379c972fb25b54f5cf9966e3be9f335dda3bcbe40747802,dde5a74c2d169ff64379c972fb25b54f5cf9966e3be9f335dda3bcbe40747802,True,48,48,0.0,0.0,47.0,47.0,True,106,106,1.0,99,0.9339622641509434,0.2,106,1.0,0.270355224609375,0.39951759576797485,0.5854192972183228,0.5833772420883179,0.7977739572525024,0.8869622349739075,102.4649999999383,overlays\disgust_045.png,,
disgust_046,disgust,disgust/Training_40146926.jpg,84c465acb12cb757149777fa73ef1a6c8067cc343eddc68fde844d8d296d4ca1,84c465acb12cb757149777fa73ef1a6c8067cc343eddc68fde844d8d296d4ca1,True,48,48,0.0,0.0,47.0,47.0,True,106,106,1.0,88,0.8301886792452831,0.2,106,1.0,0.4218928813934326,0.46037714183330536,0.6017867922782898,0.5893737077713013,0.7633429169654846,0.8400533199310303,103.53290000057314,overlays\disgust_046.png,,
disgust_047,disgust,disgust/Training_84702718.jpg,05cc498d8afa60904169908f3263f0b66ddf161fc6e891841884e9e56b7a2edc,05cc498d8afa60904169908f3263f0b66ddf161fc6e891841884e9e56b7a2edc,True,48,48,0.0,0.0,47.0,47.0,True,106,106,1.0,100,0.9433962264150944,0.2,106,1.0,0.3538098931312561,0.4052569717168808,0.5580956935882568,0.5879369974136353,0.6534283757209778,0.7879624366760254,106.3557999987097,overlays\disgust_047.png,,
disgust_048,disgust,disgust/Training_82298698.jpg,1f6c11f4cc7a5c67ebb5805b40219602c8841c32f8d330af566bd1ce750c0210,1f6c11f4cc7a5c67ebb5805b40219602c8841c32f8d330af566bd1ce750c0210,True,48,48,0.0,0.0,47.0,47.0,True,106,106,1.0,91,0.8584905660377359,0.2,106,1.0,0.4509216547012329,0.5170199573040009,0.6687535047531128,0.6544117331504822,0.8389530777931213,0.9509330987930298,103.96010000113165,overlays\disgust_048.png,,
disgust_049,disgust,disgust/Training_79721044.jpg,217254bf1d3a0e65d70d62c31ebdba4690d5d0c8d2d34e77f11c8f1457cd8dd3,217254bf1d3a0e65d70d62c31ebdba4690d5d0c8d2d34e77f11c8f1457cd8dd3,True,48,48,0.0,0.0,47.0,47.0,True,106,106,1.0,88,0.8301886792452831,0.2,106,1.0,0.22819814085960388,0.3821060359477997,0.6223390698432922,0.574647068977356,0.8875979781150818,0.955459713935852,102.24500000185799,overlays\disgust_049.png,,
disgust_050,disgust,disgust/Training_16806541.jpg,afd89cbd075c785b518897d8dce5687941702876028171e68e1dd288ecd92029,afd89cbd075c785b518897d8dce5687941702876028171e68e1dd288ecd92029,True,48,48,0.0,0.0,47.0,47.0,True,106,106,1.0,100,0.9433962264150944,0.2,106,1.0,0.5502058267593384,0.5920634865760803,0.7010932564735413,0.7047184705734253,0.7830484211444855,0.8944186568260193,101.61499999958323,overlays\disgust_050.png,,
fear_001,fear,fear/Training_41514601.jpg,ad4f2d19f55d34c698c97b8a1bec65eb641af0236eb7b2f2423f54b3b3503a4e,ad4f2d19f55d34c698c97b8a1bec65eb641af0236eb7b2f2423f54b3b3503a4e,True,48,48,0.0,0.0,47.0,47.0,True,106,106,1.0,98,0.9245283018867925,0.2,106,1.0,0.3899068534374237,0.5010582506656647,0.6242995858192444,0.5832029581069946,0.8078246712684631,0.8795381784439087,105.29590000078315,overlays\fear_001.png,,
fear_002,fear,fear/Training_54981345.jpg,9b1c845282ceee33e21b8995cea83d0c123188409012bd7ea0b8e05615e47cc0,9b1c845282ceee33e21b8995cea83d0c123188409012bd7ea0b8e05615e47cc0,True,48,48,0.0,0.0,47.0,47.0,True,106,106,1.0,103,0.9716981132075472,0.2,99,0.9339622641509434,0.08114956319332123,0.2654712647199631,0.4904569089412689,0.5084515810012817,0.6868399977684021,0.7652004957199097,105.49109999919892,overlays\fear_002.png,,
fear_003,fear,fear/Training_40388327.jpg,b5cda9fc1c569069b586fa5230d9314884975f7f85bc919bafd1935e826ce832,b5cda9fc1c569069b586fa5230d9314884975f7f85bc919bafd1935e826ce832,True,48,48,0.0,0.0,47.0,47.0,True,106,106,1.0,85,0.8018867924528302,0.2,106,1.0,0.26863035559654236,0.37767012417316437,0.6097603440284729,0.5943661332130432,0.824455201625824,0.9210096597671509,97.5073000008706,overlays\fear_003.png,,
fear_004,fear,fear/Training_93653810.jpg,969e50d07373399c151e135e8eb592ba09af55c8ac0dd6b7b1a1855fac123190,969e50d07373399c151e135e8eb592ba09af55c8ac0dd6b7b1a1855fac123190,True,48,48,0.0,0.0,47.0,47.0,True,106,106,1.0,91,0.8584905660377359,0.2,106,1.0,0.47657299041748047,0.5573800802230835,0.6949036717414856,0.6850380897521973,0.8652682304382324,0.9798240661621094,100.2727999984927,overlays\fear_004.png,,
fear_005,fear,fear/Training_78770702.jpg,6b32373668ba6ef052016c85420552833fca59df1f25514a700545add2c989b5,6b32373668ba6ef052016c85420552833fca59df1f25514a700545add2c989b5,True,48,48,0.0,0.0,47.0,47.0,True,106,106,1.0,104,0.9811320754716981,0.2,106,1.0,0.5505619049072266,0.6248287260532379,0.7431314587593079,0.733931839466095,0.915198802947998,0.9844696521759033,102.64040000038221,overlays\fear_005.png,,
fear_006,fear,fear/Training_59584482.jpg,b54726390ced334a73b413c3efac011d10fe04eeeca99a54e77342fd61a3faf4,b54726390ced334a73b413c3efac011d10fe04eeeca99a54e77342fd61a3faf4,True,48,48,0.0,0.0,47.0,47.0,True,106,106,1.0,84,0.7924528301886793,0.2,106,1.0,0.2631189227104187,0.37176723778247833,0.5484794974327087,0.534423828125,0.7995685338973999,0.8556933403015137,106.23819999818807,overlays\fear_006.png,,
fear_007,fear,fear/Training_49959890.jpg,36d69e449e121e94b4df46fb0bc22bd7b01bff33bb487727da6e29a081356986,36d69e449e121e94b4df46fb0bc22bd7b01bff33bb487727da6e29a081356986,True,48,48,0.0,0.0,47.0,47.0,True,106,106,1.0,102,0.9622641509433962,0.2,106,1.0,0.5509113073348999,0.6562735438346863,0.7926262021064758,0.8174033164978027,0.889813631772995,0.9837887287139893,106.91550000046846,overlays\fear_007.png,,
fear_008,fear,fear/Training_69092745.jpg,76aac466c97b5521a37a3dcbd7df7461e7831fe4abec299521099f93ae754cfb,76aac466c97b5521a37a3dcbd7df7461e7831fe4abec299521099f93ae754cfb,True,48,48,0.0,0.0,47.0,47.0,True,106,106,1.0,102,0.9622641509433962,0.2,106,1.0,0.37619712948799133,0.48999515175819397,0.6297430396080017,0.6052367687225342,0.8278552889823914,0.9069567918777466,122.18350000330247,overlays\fear_008.png,,
fear_009,fear,fear/Training_20834485.jpg,9827b3a02145fade9cad02e1cc6c29b937e058e557404bbd5bfd5c24ed9eac0a,9827b3a02145fade9cad02e1cc6c29b937e058e557404bbd5bfd5c24ed9eac0a,True,48,48,0.0,0.0,47.0,47.0,True,106,106,1.0,96,0.9056603773584906,0.2,106,1.0,0.275246798992157,0.40450771152973175,0.5703011155128479,0.5474929809570312,0.7864095270633698,0.869753897190094,106.17830000046524,overlays\fear_009.png,,
fear_010,fear,fear/Training_52199927.jpg,e4d89008a4edcd773aa94da6a89c8227b0368af8f9d25a60be93b96e373bf7fa,e4d89008a4edcd773aa94da6a89c8227b0368af8f9d25a60be93b96e373bf7fa,True,48,48,0.0,0.0,47.0,47.0,True,106,106,1.0,99,0.9339622641509434,0.2,106,1.0,0.3789084553718567,0.4688073396682739,0.6431313157081604,0.6305142641067505,0.8555320203304291,0.9152634739875793,101.17239999817684,overlays\fear_010.png,,
fear_011,fear,fear/Training_16231642.jpg,7f5df962b947265f50d1c95a7625be6f44c72efe23053bc526c7ee7e4852c837,7f5df962b947265f50d1c95a7625be6f44c72efe23053bc526c7ee7e4852c837,True,48,48,0.0,0.0,47.0,47.0,True,106,106,1.0,84,0.7924528301886793,0.2,106,1.0,0.2551077604293823,0.3547886908054352,0.5420774817466736,0.5126998424530029,0.7964236736297607,0.8695589900016785,107.85799999939627,overlays\fear_011.png,,
fear_012,fear,fear/Training_67492683.jpg,d97ae38d48d3e95ece916994f854c074b6677874a5042b53ecdf6049cb29716a,d97ae38d48d3e95ece916994f854c074b6677874a5042b53ecdf6049cb29716a,True,48,48,0.0,0.0,47.0,47.0,True,106,106,1.0,89,0.839622641509434,0.2,106,1.0,0.5426886081695557,0.6083471179008484,0.7791528701782227,0.8002140522003174,0.9058623313903809,0.9834338426589966,105.18779999983963,overlays\fear_012.png,,
fear_013,fear,fear/Training_83161199.jpg,b1b8aed85dbc8133ae1719856713b576c9d7be99a67f736f99fe5bb1cb74f4ac,b1b8aed85dbc8133ae1719856713b576c9d7be99a67f736f99fe5bb1cb74f4ac,True,48,48,0.0,0.0,47.0,47.0,True,106,106,1.0,106,1.0,0.2,106,1.0,0.4789436459541321,0.6610865294933319,0.8240079283714294,0.8549332618713379,0.9671938717365265,1.0099103450775146,104.46619999856921,overlays\fear_013.png,,
fear_014,fear,fear/Training_59097049.jpg,d1923a4c4c08a655bc00a2b6b898c593d86b9286dc7d282615c5a095aee287ef,d1923a4c4c08a655bc00a2b6b898c593d86b9286dc7d282615c5a095aee287ef,True,48,48,0.0,0.0,47.0,47.0,True,106,106,1.0,94,0.8867924528301887,0.2,106,1.0,0.24720747768878937,0.4166891574859619,0.599756121635437,0.6112427711486816,0.7780859470367432,0.8355214595794678,108.25250000198139,overlays\fear_014.png,,
fear_015,fear,fear/Training_22692248.jpg,75316cd16b98afc54e5b94f5bbf7c0c18e11a32354897ee78a478b5f4bb8aa2c,75316cd16b98afc54e5b94f5bbf7c0c18e11a32354897ee78a478b5f4bb8aa2c,True,48,48,0.0,0.0,47.0,47.0,True,106,106,1.0,104,0.9811320754716981,0.2,106,1.0,0.5179544687271118,0.5675242841243744,0.6887534260749817,0.6616024971008301,0.8507375717163086,0.9443895816802979,104.26240000015241,overlays\fear_015.png,,
fear_016,fear,fear/Training_48666964.jpg,f75a84c5850b8e77d90530c339b4c5565a0cd9035e3f8ee54df9f52b5524f98f,f75a84c5850b8e77d90530c339b4c5565a0cd9035e3f8ee54df9f52b5524f98f,True,48,48,0.0,0.0,47.0,47.0,True,106,106,1.0,84,0.7924528301886793,0.2,106,1.0,0.3073338270187378,0.4023219645023346,0.582591712474823,0.5661921501159668,0.7934239208698273,0.8548164367675781,99.99270000116667,overlays\fear_016.png,,
fear_017,fear,fear/Training_67402580.jpg,b04286ff69aab12dcd2942ed6c67ccd0db0b86f5a5ae2063c376bdf71b44b582,b04286ff69aab12dcd2942ed6c67ccd0db0b86f5a5ae2063c376bdf71b44b582,True,48,48,0.0,0.0,47.0,47.0,True,106,106,1.0,106,1.0,0.2,106,1.0,0.5163437128067017,0.5664935410022736,0.7511122822761536,0.7357295751571655,0.9750772714614868,1.0114741325378418,101.45560000091791,overlays\fear_017.png,,
fear_018,fear,fear/Training_48844324.jpg,fff53b2f9da17f50d0f2c6d46fdd1726c127083cc01f51ee531a19e89fa4aee1,fff53b2f9da17f50d0f2c6d46fdd1726c127083cc01f51ee531a19e89fa4aee1,True,48,48,0.0,0.0,47.0,47.0,True,106,106,1.0,106,1.0,0.2,106,1.0,0.536058783531189,0.6111128032207489,0.7219079732894897,0.7264760732650757,0.8413878083229065,0.9832059144973755,105.02880000058212,overlays\fear_018.png,,
fear_019,fear,fear/Training_9991342.jpg,8adfd77e9bc0994f39a77341bf8f4b3a7423ac2c984215091fd2f0c957342388,8adfd77e9bc0994f39a77341bf8f4b3a7423ac2c984215091fd2f0c957342388,True,48,48,0.0,0.0,47.0,47.0,True,106,106,1.0,95,0.8962264150943396,0.2,106,1.0,0.3755054175853729,0.48776277899742126,0.6293730139732361,0.5928605794906616,0.8368725180625916,0.8886067271232605,109.28259999855072,overlays\fear_019.png,,
fear_020,fear,fear/Training_81891525.jpg,ec05a6baaf8a19e8c484808712e48fb4ef14e15647bd5ab9b860b0df637fc40b,ec05a6baaf8a19e8c484808712e48fb4ef14e15647bd5ab9b860b0df637fc40b,True,48,48,0.0,0.0,47.0,47.0,True,106,106,1.0,106,1.0,0.2,106,1.0,0.35629504919052124,0.42388299107551575,0.6264746189117432,0.6357902884483337,0.8243915438652039,0.8580222725868225,109.15939999904367,overlays\fear_020.png,,
fear_021,fear,fear/Training_93080889.jpg,f0f94fc2b1e25e24d09752675127b9b0a6b62130665b8760498ebdc23810811d,f0f94fc2b1e25e24d09752675127b9b0a6b62130665b8760498ebdc23810811d,True,48,48,0.0,0.0,47.0,47.0,True,106,106,1.0,88,0.8301886792452831,0.2,106,1.0,0.37208542227745056,0.4818406105041504,0.6918460726737976,0.7207298278808594,0.8537802696228027,0.9272922873497009,108.7176000000909,overlays\fear_021.png,,
fear_022,fear,fear/Training_36150143.jpg,802b5003856149e48572e33c907ae190b9eba4817dbdf981e18c0073caae7ec5,802b5003856149e48572e33c907ae190b9eba4817dbdf981e18c0073caae7ec5,True,48,48,0.0,0.0,47.0,47.0,True,106,106,1.0,97,0.9150943396226415,0.2,106,1.0,0.5186300873756409,0.5655615627765656,0.7006629109382629,0.7153262495994568,0.842513918876648,0.9264068603515625,99.21019999819691,overlays\fear_022.png,,
fear_023,fear,fear/Training_58538616.jpg,203dc7c0bf18109d094c535f91e2e99ddbcd33b6ed1db5f5083d6f0f492ea69b,203dc7c0bf18109d094c535f91e2e99ddbcd33b6ed1db5f5083d6f0f492ea69b,True,48,48,0.0,0.0,47.0,47.0,True,106,106,1.0,103,0.9716981132075472,0.2,106,1.0,0.49197736382484436,0.629485160112381,0.7648745179176331,0.7462374567985535,0.9366824924945831,1.055445671081543,110.73210000176914,overlays\fear_023.png,,
fear_024,fear,fear/Training_35738272.jpg,0b484f6cf051d19f54b1d05be12c484915ef3dd031a0168f04ce9bddf8c60a38,0b484f6cf051d19f54b1d05be12c484915ef3dd031a0168f04ce9bddf8c60a38,True,48,48,0.0,0.0,47.0,47.0,True,106,106,1.0,86,0.8113207547169812,0.2,106,1.0,0.22298772633075714,0.3574895113706589,0.5844311714172363,0.5349231958389282,0.8710549473762512,0.9260534048080444,110.52209999979823,overlays\fear_024.png,,
fear_025,fear,fear/Training_55220603.jpg,6995555f2c03b4d152f0353a195d7f43f6f85aee2c539df25cbb2cd005fe7606,6995555f2c03b4d152f0353a195d7f43f6f85aee2c539df25cbb2cd005fe7606,True,48,48,0.0,0.0,47.0,47.0,True,106,106,1.0,102,0.9622641509433962,0.2,106,1.0,0.40717625617980957,0.5013977736234665,0.6794259548187256,0.6633387207984924,0.8658658862113953,0.9255054593086243,104.28459999820916,overlays\fear_025.png,,
fear_026,fear,fear/Training_58288049.jpg,ae61f17fbd9351b666d4d3afdc70b9710fd3d558f4ff6efb2618d9d147352ae5,ae61f17fbd9351b666d4d3afdc70b9710fd3d558f4ff6efb2618d9d147352ae5,True,48,48,0.0,0.0,47.0,47.0,True,106,106,1.0,95,0.8962264150943396,0.2,106,1.0,0.5031899213790894,0.5707663595676422,0.7352724075317383,0.7226413488388062,0.9136489033699036,0.9930723905563354,127.62319999819738,overlays\fear_026.png,,
fear_027,fear,fear/Training_87810830.jpg,7ae1b4f9072c18fcddcb45a31ad33a57bae72e0a0cd41cd2880478ca725f6266,7ae1b4f9072c18fcddcb45a31ad33a57bae72e0a0cd41cd2880478ca725f6266,True,48,48,0.0,0.0,47.0,47.0,True,106,106,1.0,105,0.9905660377358491,0.2,106,1.0,0.5544834733009338,0.5896374583244324,0.7159416675567627,0.7426181435585022,0.8084445595741272,0.8973058462142944,105.62600000048405,overlays\fear_027.png,,
fear_028,fear,fear/Training_82666560.jpg,1ae1e3766fae7491b2f47d312fa6ce554cd464ec948557d6924074df3d3b83b1,1ae1e3766fae7491b2f47d312fa6ce554cd464ec948557d6924074df3d3b83b1,True,48,48,0.0,0.0,47.0,47.0,True,106,106,1.0,102,0.9622641509433962,0.2,106,1.0,0.344432532787323,0.4148269593715668,0.5676298141479492,0.5450345873832703,0.7529594600200653,0.8237898349761963,100.67980000167154,overlays\fear_028.png,,
fear_029,fear,fear/Training_75623992.jpg,c7446748c7f200a6fe225e45d6579b1908394268de5749ebd038cde87c73afc8,c7446748c7f200a6fe225e45d6579b1908394268de5749ebd038cde87c73afc8,True,48,48,0.0,0.0,47.0,47.0,True,106,106,1.0,83,0.7830188679245284,0.2,106,1.0,0.47970300912857056,0.5410668849945068,0.6552717089653015,0.646052896976471,0.781842827796936,0.8442139625549316,109.76600000140024,overlays\fear_029.png,,
fear_030,fear,fear/Training_49932989.jpg,439a02c55eea88f8a03f7d4fac15e15840e98a684b65a2b31da7e3dfa0ba5a19,439a02c55eea88f8a03f7d4fac15e15840e98a684b65a2b31da7e3dfa0ba5a19,True,48,48,0.0,0.0,47.0,47.0,True,106,106,1.0,81,0.7641509433962265,0.2,106,1.0,0.3253534436225891,0.46001410484313965,0.6354114413261414,0.6662936210632324,0.7496885061264038,0.794391393661499,111.15380000046571,overlays\fear_030.png,,
fear_031,fear,fear/Training_35629553.jpg,41f63800608efa9f955e1c80a6582cdb5031866816945a9758fbb3b71fb7405b,41f63800608efa9f955e1c80a6582cdb5031866816945a9758fbb3b71fb7405b,True,48,48,0.0,0.0,47.0,47.0,True,106,106,1.0,106,1.0,0.2,106,1.0,0.4461219906806946,0.5371789038181305,0.6883358955383301,0.6952409744262695,0.8726800680160522,0.9457964897155762,101.02959999858285,overlays\fear_031.png,,
fear_032,fear,fear/Training_99049934.jpg,21f9cd49e4629588610ff55254f59feeac0f052767977b9227e56fa07d65dc53,21f9cd49e4629588610ff55254f59feeac0f052767977b9227e56fa07d65dc53,True,48,48,0.0,0.0,47.0,47.0,True,106,106,1.0,100,0.9433962264150944,0.2,106,1.0,0.4502840042114258,0.5090753138065338,0.6315832138061523,0.6136106252670288,0.7924127876758575,0.8859267234802246,103.6430999993172,overlays\fear_032.png,,
fear_033,fear,fear/Training_2717064.jpg,e0a94f7e9130d25e977dca46898cbc0f9c8ea82db357ad09987c2b9e8ee1c16c,e0a94f7e9130d25e977dca46898cbc0f9c8ea82db357ad09987c2b9e8ee1c16c,True,48,48,0.0,0.0,47.0,47.0,True,106,106,1.0,98,0.9245283018867925,0.2,106,1.0,0.2955254316329956,0.4205695539712906,0.6134371757507324,0.5874626636505127,0.8702346086502075,0.9599868059158325,100.87239999847952,overlays\fear_033.png,,
fear_034,fear,fear/Training_19175584.jpg,683929a4412dd7ce02666cf295dfcc3200a5aed9f21ad055168f27da98a84e85,683929a4412dd7ce02666cf295dfcc3200a5aed9f21ad055168f27da98a84e85,True,48,48,0.0,0.0,47.0,47.0,True,106,106,1.0,104,0.9811320754716981,0.2,104,0.9811320754716981,0.183897003531456,0.34440404176712036,0.448608934879303,0.4480608105659485,0.5618597865104675,0.6344050168991089,108.42559999946388,overlays\fear_034.png,,
fear_035,fear,fear/Training_30471858.jpg,f5568cd9ad79989d060efcedfa2e017376ba224052cbf75e603a48dba3cfd5aa,f5568cd9ad79989d060efcedfa2e017376ba224052cbf75e603a48dba3cfd5aa,True,48,48,0.0,0.0,47.0,47.0,True,106,106,1.0,90,0.8490566037735849,0.2,106,1.0,0.4340021014213562,0.4707140773534775,0.5912817716598511,0.5912154912948608,0.7219074666500092,0.8126156330108643,107.70989999946323,overlays\fear_035.png,,
fear_036,fear,fear/Training_38408538.jpg,08139a9cbfe329db47f9f05b67e84514219abe674631d52a5dd641e6bc1fae0d,08139a9cbfe329db47f9f05b67e84514219abe674631d52a5dd641e6bc1fae0d,True,48,48,0.0,0.0,47.0,47.0,True,106,106,1.0,88,0.8301886792452831,0.2,106,1.0,0.4958101511001587,0.5562213063240051,0.7011090517044067,0.7045250535011292,0.8342748880386353,0.9735788106918335,107.88529999990715,overlays\fear_036.png,,
fear_037,fear,fear/Training_39754546.jpg,b148a3938c5a3e186a5131d00bee15401fcb0e7c979d2baef967af26665f7653,b148a3938c5a3e186a5131d00bee15401fcb0e7c979d2baef967af26665f7653,True,48,48,0.0,0.0,47.0,47.0,True,106,106,1.0,104,0.9811320754716981,0.2,106,1.0,0.5631906986236572,0.6026878356933594,0.7435428500175476,0.7317759990692139,0.8868311643600464,1.0167546272277832,109.58409999875585,overlays\fear_037.png,,
fear_038,fear,fear/Training_86553920.jpg,effdc320fff4f493d5686c08fd7a868fe552e20a7121a137e13d2bb76b7b0558,effdc320fff4f493d5686c08fd7a868fe552e20a7121a137e13d2bb76b7b0558,True,48,48,0.0,0.0,47.0,47.0,True,106,106,1.0,104,0.9811320754716981,0.2,106,1.0,0.44875162839889526,0.5453216135501862,0.6902388334274292,0.6796215176582336,0.9078036546707153,0.9849549531936646,121.49150000186637,overlays\fear_038.png,,
fear_039,fear,fear/Training_22220014.jpg,7d87f32c5b8b9451923651083f9aba1906fa541ad44a8fae3a1449a6637a0f45,7d87f32c5b8b9451923651083f9aba1906fa541ad44a8fae3a1449a6637a0f45,True,48,48,0.0,0.0,47.0,47.0,True,106,106,1.0,76,0.7169811320754716,0.2,106,1.0,0.3438771665096283,0.5063703656196594,0.6602127552032471,0.6658852100372314,0.8315183222293854,0.9825335741043091,115.33549999876413,overlays\fear_039.png,,
fear_040,fear,fear/Training_7989182.jpg,bbb4868f8463d4b27cd276690c16ca76bf439496b51e1092396d2142d00d73b2,bbb4868f8463d4b27cd276690c16ca76bf439496b51e1092396d2142d00d73b2,True,48,48,0.0,0.0,47.0,47.0,True,106,106,1.0,93,0.8773584905660378,0.2,106,1.0,0.4858143925666809,0.6025779843330383,0.7220733761787415,0.7269759178161621,0.8478415608406067,0.9539547562599182,107.66100000182632,overlays\fear_040.png,,
fear_041,fear,fear/Training_79198157.jpg,e522267a344eaa1d16ed6dbc6ff20516ff706089963a7ad397cb117bc07f4f2e,e522267a344eaa1d16ed6dbc6ff20516ff706089963a7ad397cb117bc07f4f2e,True,48,48,0.0,0.0,47.0,47.0,True,106,106,1.0,105,0.9905660377358491,0.2,106,1.0,0.457948237657547,0.5205514132976532,0.6263782382011414,0.6344276666641235,0.7257692515850067,0.8384547233581543,112.48839999825577,overlays\fear_041.png,,
fear_042,fear,fear/Training_94538613.jpg,fc9208b87d67c2b54c4c04ed15556c23d4f621f3356e4dee9b14be06e4b686e3,fc9208b87d67c2b54c4c04ed15556c23d4f621f3356e4dee9b14be06e4b686e3,True,48,48,0.0,0.0,47.0,47.0,True,106,106,1.0,99,0.9339622641509434,0.2,106,1.0,0.2751736044883728,0.40806275606155396,0.6090735197067261,0.5898417234420776,0.8486435413360596,0.9276973009109497,132.23010000001523,overlays\fear_042.png,,
fear_043,fear,fear/Training_56116258.jpg,fff53b2f9da17f50d0f2c6d46fdd1726c127083cc01f51ee531a19e89fa4aee1,fff53b2f9da17f50d0f2c6d46fdd1726c127083cc01f51ee531a19e89fa4aee1,True,48,48,0.0,0.0,47.0,47.0,True,106,106,1.0,106,1.0,0.2,106,1.0,0.536058783531189,0.6111128032207489,0.7219079732894897,0.7264760732650757,0.8413878083229065,0.9832059144973755,109.69280000063009,overlays\fear_043.png,,
fear_044,fear,fear/Training_12407165.jpg,0034ca8c8519bcf3be89347be7a18e0afd12b1a60968400bd5f368a4f6b9de5b,0034ca8c8519bcf3be89347be7a18e0afd12b1a60968400bd5f368a4f6b9de5b,True,48,48,0.0,0.0,47.0,47.0,True,106,106,1.0,95,0.8962264150943396,0.2,106,1.0,0.34530967473983765,0.46351662278175354,0.6581501364707947,0.6224953532218933,0.8974898755550385,0.9309278726577759,115.22239999976591,overlays\fear_044.png,,
fear_045,fear,fear/Training_31312492.jpg,25f6864ad08f3a2773d208dce27beb8a715aa3f2c56081a4dfd63b9364e3aed5,25f6864ad08f3a2773d208dce27beb8a715aa3f2c56081a4dfd63b9364e3aed5,True,48,48,0.0,0.0,47.0,47.0,True,106,106,1.0,102,0.9622641509433962,0.2,106,1.0,0.3740808963775635,0.4870721101760864,0.6751497983932495,0.639453649520874,0.9113103747367859,1.0235486030578613,122.19219999678899,overlays\fear_045.png,,
fear_046,fear,fear/Training_5893783.jpg,d8782246d5b20b5557b43324ed87a6e3d72f0d3e20e757da7bbbaa10bef73e40,d8782246d5b20b5557b43324ed87a6e3d72f0d3e20e757da7bbbaa10bef73e40,True,48,48,0.0,0.0,47.0,47.0,True,106,106,1.0,100,0.9433962264150944,0.2,106,1.0,0.2528418302536011,0.3915983885526657,0.5133823752403259,0.5234121084213257,0.6546634435653687,0.7163873910903931,109.2599000003247,overlays\fear_046.png,,
fear_047,fear,fear/Training_71834753.jpg,a4c40c3ccd31b71ef4e9099ccd59178d6053e280572e3eb96abf7c8bab606503,a4c40c3ccd31b71ef4e9099ccd59178d6053e280572e3eb96abf7c8bab606503,True,48,48,0.0,0.0,47.0,47.0,True,106,106,1.0,99,0.9339622641509434,0.2,106,1.0,0.5396295785903931,0.5874645113945007,0.7129023671150208,0.7214071154594421,0.8622046709060669,0.9470105171203613,106.66159999891534,overlays\fear_047.png,,
fear_048,fear,fear/Training_30822291.jpg,423cfd6dbd717cfaa293e23e54ed7775d25c28b3afd94c88ccfdf67b76aafec5,423cfd6dbd717cfaa293e23e54ed7775d25c28b3afd94c88ccfdf67b76aafec5,True,48,48,0.0,0.0,47.0,47.0,True,106,106,1.0,98,0.9245283018867925,0.2,106,1.0,0.3804958164691925,0.5271350741386414,0.6877089738845825,0.6778486967086792,0.9142246246337891,0.9531681537628174,105.1140999989002,overlays\fear_048.png,,
fear_049,fear,fear/Training_6358706.jpg,5ab10ea3a8efdaeef13a0542f6e0617c6b5d2d109ea9d3c58619f85acae61a51,5ab10ea3a8efdaeef13a0542f6e0617c6b5d2d109ea9d3c58619f85acae61a51,True,48,48,0.0,0.0,47.0,47.0,True,106,106,1.0,91,0.8584905660377359,0.2,106,1.0,0.3329019248485565,0.42442116141319275,0.591255247592926,0.5711633563041687,0.8063702583312988,0.9195538759231567,107.1626999982982,overlays\fear_049.png,,
fear_050,fear,fear/Training_88831227.jpg,5a340047bd2c3cbdc7732863e746fedc639f3cce0ecd04bed0f8472f548e2cc6,5a340047bd2c3cbdc7732863e746fedc639f3cce0ecd04bed0f8472f548e2cc6,True,48,48,0.0,0.0,47.0,47.0,True,106,106,1.0,100,0.9433962264150944,0.2,106,1.0,0.3465051054954529,0.47464708983898163,0.6864203214645386,0.6680610775947571,0.9506704807281494,1.067563772201538,108.2907999989402,overlays\fear_050.png,,
happy_001,happy,happy/Training_25566250.jpg,5adb8c6ee17f40d912bb9a3ee94e22adbf34f21537ff404106d5f10385c8da8a,5adb8c6ee17f40d912bb9a3ee94e22adbf34f21537ff404106d5f10385c8da8a,True,48,48,0.0,0.0,47.0,47.0,True,106,106,1.0,83,0.7830188679245284,0.2,106,1.0,0.22195011377334595,0.36164696514606476,0.5500912666320801,0.5299615859985352,0.7963253259658813,0.8683234453201294,106.09869999825605,overlays\happy_001.png,,
happy_002,happy,happy/Training_56416885.jpg,273a9b0c1191533de1be4155283c886e654cbf29bf53b76d68be7ce95679d97e,273a9b0c1191533de1be4155283c886e654cbf29bf53b76d68be7ce95679d97e,True,48,48,0.0,0.0,47.0,47.0,True,106,106,1.0,103,0.9716981132075472,0.2,106,1.0,0.4168848991394043,0.5064862966537476,0.6869320869445801,0.645270824432373,0.9225907921791077,0.9892774224281311,102.95489999771235,overlays\happy_002.png,,
happy_003,happy,happy/Training_1027250.jpg,60d0da158e9e0ce2b8f03a3c2feac99f0605c7cabcd8f4e3de084d4b3beca46a,60d0da158e9e0ce2b8f03a3c2feac99f0605c7cabcd8f4e3de084d4b3beca46a,True,48,48,0.0,0.0,47.0,47.0,True,106,106,1.0,101,0.9528301886792453,0.2,106,1.0,0.5525214672088623,0.6183289885520935,0.7604821920394897,0.753696858882904,0.9201032519340515,0.9637932777404785,103.18800000095507,overlays\happy_003.png,,
happy_004,happy,happy/Training_83878071.jpg,efb9b8896f320c18046c1831bae2d47e9619ed2cf810cbb2c22f93e5b9d4146a,efb9b8896f320c18046c1831bae2d47e9619ed2cf810cbb2c22f93e5b9d4146a,True,48,48,0.0,0.0,47.0,47.0,True,106,106,1.0,101,0.9528301886792453,0.2,106,1.0,0.47719627618789673,0.6035356521606445,0.7375383973121643,0.7191343307495117,0.9156787395477295,1.0040699243545532,103.99950000282843,overlays\happy_004.png,,
happy_005,happy,happy/Training_99396547.jpg,3de241f1e55e801a13dfea25575e0c54d4c88864a28380e20d63f2345995e5ee,3de241f1e55e801a13dfea25575e0c54d4c88864a28380e20d63f2345995e5ee,True,48,48,0.0,0.0,47.0,47.0,True,106,106,1.0,104,0.9811320754716981,0.2,106,1.0,0.33388227224349976,0.453778401017189,0.6798233389854431,0.6751806735992432,0.9323632717132568,1.0363621711730957,110.5070000012347,overlays\happy_005.png,,
happy_006,happy,happy/Training_83686207.jpg,fb0e6ae14cef3f1f4694113ce6c9112c45ad0c5f4645b385c98231076df85afe,fb0e6ae14cef3f1f4694113ce6c9112c45ad0c5f4645b385c98231076df85afe,True,48,48,0.0,0.0,47.0,47.0,True,106,106,1.0,100,0.9433962264150944,0.2,106,1.0,0.2975614368915558,0.3903254121541977,0.5827372670173645,0.5526111125946045,0.7947518825531006,0.8912031650543213,113.9184000021487,overlays\happy_006.png,,
happy_007,happy,happy/Training_3661380.jpg,7c28301606a180c811b850ebafad830c2bff50c1e51a1eb3ccd760b530c049be,7c28301606a180c811b850ebafad830c2bff50c1e51a1eb3ccd760b530c049be,True,48,48,0.0,0.0,47.0,47.0,True,106,106,1.0,104,0.9811320754716981,0.2,106,1.0,0.6115155220031738,0.6633130311965942,0.7757262587547302,0.7845977544784546,0.8853206038475037,0.9625526070594788,106.98730000149226,overlays\happy_007.png,,
happy_008,happy,happy/Training_6152578.jpg,bbb218a11ed2139b14f85ba064ee5a9b7a8133b60ff70c741121c3a6515a979c,bbb218a11ed2139b14f85ba064ee5a9b7a8133b60ff70c741121c3a6515a979c,True,48,48,0.0,0.0,47.0,47.0,True,106,106,1.0,102,0.9622641509433962,0.2,106,1.0,0.5963835120201111,0.6798586845397949,0.7648557424545288,0.7568726539611816,0.8749297559261322,0.9559778571128845,103.98469999927329,overlays\happy_008.png,,
happy_009,happy,happy/Training_8782744.jpg,2cc1db749109102cad78124e3262708daae497a160bca515d800dbff27ac4aee,2cc1db749109102cad78124e3262708daae497a160bca515d800dbff27ac4aee,True,48,48,0.0,0.0,47.0,47.0,True,106,106,1.0,103,0.9716981132075472,0.2,106,1.0,0.39891815185546875,0.48223038017749786,0.6047573685646057,0.597929835319519,0.7574890553951263,0.8443673253059387,103.5262999976112,overlays\happy_009.png,,
happy_010,happy,happy/Training_27676856.jpg,ef8664b47f350719b0516ef32a03ee74b202881b1343ce1b84acc7c9cf702788,ef8664b47f350719b0516ef32a03ee74b202881b1343ce1b84acc7c9cf702788,True,48,48,0.0,0.0,47.0,47.0,True,106,106,1.0,91,0.8584905660377359,0.2,106,1.0,0.574326753616333,0.6608390212059021,0.7682465314865112,0.7670159935951233,0.8915334939956665,1.0039336681365967,108.71789999873727,overlays\happy_010.png,,
happy_011,happy,happy/Training_62188248.jpg,b9de524f06645b55d388b3fcddc908c8aba0ad3a11c641f44184347c387d5975,b9de524f06645b55d388b3fcddc908c8aba0ad3a11c641f44184347c387d5975,True,48,48,0.0,0.0,47.0,47.0,True,106,106,1.0,100,0.9433962264150944,0.2,106,1.0,0.4847651720046997,0.5637640953063965,0.7343987226486206,0.6982100009918213,0.9681530892848969,1.0244526863098145,104.34419999728561,overlays\happy_011.png,,
happy_012,happy,happy/Training_20567352.jpg,6a6053932b8a6cc6bf8400a1c64080b41ee3e2676aa2a5b386e2b4e7b9c4ba67,6a6053932b8a6cc6bf8400a1c64080b41ee3e2676aa2a5b386e2b4e7b9c4ba67,True,48,48,0.0,0.0,47.0,47.0,True,106,106,1.0,102,0.9622641509433962,0.2,106,1.0,0.3552486300468445,0.5076607763767242,0.7026897668838501,0.6665671467781067,0.9690935909748077,1.0444438457489014,103.09069999857456,overlays\happy_012.png,,
happy_013,happy,happy/Training_98862396.jpg,1764714bfeba7beae92537d7741c29741275bf17f6f128d218f30cb534572beb,1764714bfeba7beae92537d7741c29741275bf17f6f128d218f30cb534572beb,True,48,48,0.0,0.0,47.0,47.0,True,106,106,1.0,89,0.839622641509434,0.2,106,1.0,0.44141191244125366,0.5696700215339661,0.7197605967521667,0.7224905490875244,0.8894982039928436,0.944076657295227,101.14140000223415,overlays\happy_013.png,,
happy_014,happy,happy/Training_74006160.jpg,d5fb12d7c5be20dabc04eb967186b6e673ca44c2ff07ed1822ca110f30eaebbf,d5fb12d7c5be20dabc04eb967186b6e673ca44c2ff07ed1822ca110f30eaebbf,True,48,48,0.0,0.0,47.0,47.0,True,106,106,1.0,89,0.839622641509434,0.2,106,1.0,0.35903340578079224,0.45119085907936096,0.6423672437667847,0.6091174483299255,0.8876883685588837,0.955092191696167,109.5311999997648,overlays\happy_014.png,,
happy_015,happy,happy/Training_40467308.jpg,b6f4ad47ce1f2f0e731950d8908e15f8bdb7721486c96a5a9a65bed7a1cc2bbf,b6f4ad47ce1f2f0e731950d8908e15f8bdb7721486c96a5a9a65bed7a1cc2bbf,True,48,48,0.0,0.0,47.0,47.0,True,106,106,1.0,106,1.0,0.2,106,1.0,0.45385807752609253,0.542602926492691,0.7238723039627075,0.7136441469192505,0.923382580280304,0.9866399168968201,102.3523000003479,overlays\happy_015.png,,
happy_016,happy,happy/Training_95843052.jpg,2c615726a1546644030fbebf98954b6740884bbd7fb438f4fc0d1e81b610ff6b,2c615726a1546644030fbebf98954b6740884bbd7fb438f4fc0d1e81b610ff6b,True,48,48,0.0,0.0,47.0,47.0,True,106,106,1.0,92,0.8679245283018868,0.2,106,1.0,0.30600506067276,0.44877421855926514,0.6242099404335022,0.6209408044815063,0.819787859916687,0.8906900882720947,116.66459999833023,overlays\happy_016.png,,
happy_017,happy,happy/Training_75417506.jpg,671ff4e63b6a470b013cfb5abb98de42556394322aec6ae7a1b70c63f9d02b68,671ff4e63b6a470b013cfb5abb98de42556394322aec6ae7a1b70c63f9d02b68,True,48,48,0.0,0.0,47.0,47.0,True,106,106,1.0,94,0.8867924528301887,0.2,106,1.0,0.3129730820655823,0.392758846282959,0.6081309914588928,0.5721079111099243,0.8373495042324066,0.9333998560905457,101.12089999893215,overlays\happy_017.png,,
happy_018,happy,happy/Training_72547381.jpg,c80509db444f08c92fb138f3fee6c20be50f2ef38c76ef35658ddc32ec24b413,c80509db444f08c92fb138f3fee6c20be50f2ef38c76ef35658ddc32ec24b413,True,48,48,0.0,0.0,47.0,47.0,True,106,106,1.0,95,0.8962264150943396,0.2,106,1.0,0.4039931297302246,0.5509160459041595,0.6746673583984375,0.667222261428833,0.8152220249176025,0.8776278495788574,102.75380000166479,overlays\happy_018.png,,
happy_019,happy,happy/Training_29673005.jpg,006c380dbed56f498d97e72c77602db3ae8615a0629b8eb5af174a24d7098cba,006c380dbed56f498d97e72c77602db3ae8615a0629b8eb5af174a24d7098cba,True,48,48,0.0,0.0,47.0,47.0,True,106,106,1.0,94,0.8867924528301887,0.2,106,1.0,0.43464282155036926,0.4847695827484131,0.649377703666687,0.6337003707885742,0.8053833842277527,0.95131516456604,110.2262000022165,overlays\happy_019.png,,
happy_020,happy,happy/Training_25184507.jpg,f94263eca9a81d103576aab2f88b6ec6cf67670ffbc87577bca552a651f12dd5,f94263eca9a81d103576aab2f88b6ec6cf67670ffbc87577bca552a651f12dd5,True,48,48,0.0,0.0,47.0,47.0,True,106,106,1.0,106,1.0,0.2,106,1.0,0.5007116198539734,0.6256023347377777,0.7893273830413818,0.8155606985092163,0.9159498512744904,0.9644578099250793,123.97140000030049,overlays\happy_020.png,,
happy_021,happy,happy/Training_4824309.jpg,bf6a50926fbf098cae2ddd1ebe3a403d4f2f237c8693411a984a7c2c3632057a,bf6a50926fbf098cae2ddd1ebe3a403d4f2f237c8693411a984a7c2c3632057a,True,48,48,0.0,0.0,47.0,47.0,True,106,106,1.0,106,1.0,0.2,106,1.0,0.34755316376686096,0.40977534651756287,0.6626412868499756,0.6404560804367065,0.8997237682342529,1.017413854598999,109.46489999696496,overlays\happy_021.png,,
happy_022,happy,happy/Training_87863182.jpg,4155e80cd0db2542c3b94c5d8ade5a38aa68f63eb79cc6246fa558110c89e616,4155e80cd0db2542c3b94c5d8ade5a38aa68f63eb79cc6246fa558110c89e616,True,48,48,0.0,0.0,47.0,47.0,True,106,106,1.0,99,0.9339622641509434,0.2,106,1.0,0.4917559027671814,0.6150380074977875,0.7364763021469116,0.718230664730072,0.9003259241580963,0.9563702940940857,110.96570000154315,overlays\happy_022.png,,
happy_023,happy,happy/Training_25976138.jpg,b14d3a2813fcb9270fc528c9fe2b248ab90b48885a9fe06858a2ae7fd3a5ff16,b14d3a2813fcb9270fc528c9fe2b248ab90b48885a9fe06858a2ae7fd3a5ff16,True,48,48,0.0,0.0,47.0,47.0,True,106,106,1.0,100,0.9433962264150944,0.2,106,1.0,0.6823983192443848,0.7640061378479004,0.8794021010398865,0.8801131248474121,1.0216325521469116,1.1211366653442383,123.83190000036848,overlays\happy_023.png,,
happy_024,happy,happy/Training_65489657.jpg,147cc7f581a3f37325da35e309258e95edf6f6c343db8ebd64e77a35599c32ad,147cc7f581a3f37325da35e309258e95edf6f6c343db8ebd64e77a35599c32ad,True,48,48,0.0,0.0,47.0,47.0,True,106,106,1.0,96,0.9056603773584906,0.2,106,1.0,0.3325483202934265,0.4196295142173767,0.5943203568458557,0.5570012331008911,0.8460331559181213,0.9326756000518799,110.45029999877443,overlays\happy_024.png,,
happy_025,happy,happy/Training_89286937.jpg,57218ba971b7d15f3f60fe89e9adcff3bb1034e45d8ba9683d2230558ceb70e6,57218ba971b7d15f3f60fe89e9adcff3bb1034e45d8ba9683d2230558ceb70e6,True,48,48,0.0,0.0,47.0,47.0,True,106,106,1.0,86,0.8113207547169812,0.2,106,1.0,0.5398454666137695,0.6142646968364716,0.7806881070137024,0.8139494061470032,0.8958109319210052,0.9344886541366577,106.87090000283206,overlays\happy_025.png,,
happy_026,happy,happy/Training_64528538.jpg,e9c601f465fee953103a2ffeb12cc9bff20db6166194884a4b281778a42f4653,e9c601f465fee953103a2ffeb12cc9bff20db6166194884a4b281778a42f4653,True,48,48,0.0,0.0,47.0,47.0,True,106,106,1.0,90,0.8490566037735849,0.2,106,1.0,0.35395196080207825,0.4760654866695404,0.6695151925086975,0.6526026725769043,0.9061307311058044,0.9876002669334412,107.93229999762843,overlays\happy_026.png,,
happy_027,happy,happy/Training_10080933.jpg,d3a6899116fa30d88cdfc07793efb9d046d0129540528a4e4208d81ef3f9b3e0,d3a6899116fa30d88cdfc07793efb9d046d0129540528a4e4208d81ef3f9b3e0,True,48,48,0.0,0.0,47.0,47.0,True,106,106,1.0,106,1.0,0.2,106,1.0,0.37246453762054443,0.44908979535102844,0.665132999420166,0.671181321144104,0.8763323426246643,0.9508869647979736,105.26870000103372,overlays\happy_027.png,,
happy_028,happy,happy/Training_71437908.jpg,9a7f035660d86e6e89eb6d748a01f87e428f530a6b0adfe07c5c5c084271e879,9a7f035660d86e6e89eb6d748a01f87e428f530a6b0adfe07c5c5c084271e879,True,48,48,0.0,0.0,47.0,47.0,True,106,106,1.0,100,0.9433962264150944,0.2,106,1.0,0.3142704367637634,0.4479168951511383,0.6646746397018433,0.6465204358100891,0.9092880487442017,0.9923614263534546,103.21200000180397,overlays\happy_028.png,,
happy_029,happy,happy/Training_4301800.jpg,2041b0b1bd0f9cb1050bc1b4085c12b0e1e9b696a4551486346e049c1c674398,2041b0b1bd0f9cb1050bc1b4085c12b0e1e9b696a4551486346e049c1c674398,True,48,48,0.0,0.0,47.0,47.0,True,106,106,1.0,106,1.0,0.2,106,1.0,0.4473445415496826,0.49678704142570496,0.6134781241416931,0.6325398087501526,0.6994966566562653,0.745394229888916,108.05819999950472,overlays\happy_029.png,,
happy_030,happy,happy/Training_60286071.jpg,65e66037039c89332779490edeb7cac91f37ec8d9babbe86af6dcf9d5fbc5e1d,65e66037039c89332779490edeb7cac91f37ec8d9babbe86af6dcf9d5fbc5e1d,True,48,48,0.0,0.0,47.0,47.0,True,106,106,1.0,95,0.8962264150943396,0.2,106,1.0,0.36492371559143066,0.47628703713417053,0.6762300729751587,0.6503413915634155,0.9194240272045135,0.978030800819397,102.77069999938249,overlays\happy_030.png,,
happy_031,happy,happy/Training_11804569.jpg,335743edf5f7e6dce87db36832d32cd29e3b3816c37b9570d2207134ca0139c3,335743edf5f7e6dce87db36832d32cd29e3b3816c37b9570d2207134ca0139c3,True,48,48,0.0,0.0,47.0,47.0,True,106,106,1.0,89,0.839622641509434,0.2,106,1.0,0.3417668640613556,0.4246286451816559,0.5911340713500977,0.5589150786399841,0.7992556095123291,0.8426843881607056,108.86350000146194,overlays\happy_031.png,,
happy_032,happy,happy/Training_21227042.jpg,6f611a953bd292462c3681c7ab4a566f301ca66988459ae4edf1b01ecf574b8d,6f611a953bd292462c3681c7ab4a566f301ca66988459ae4edf1b01ecf574b8d,True,48,48,0.0,0.0,47.0,47.0,True,106,106,1.0,97,0.9150943396226415,0.2,106,1.0,0.40224766731262207,0.5056036114692688,0.6640583276748657,0.6372941136360168,0.8743835091590881,0.9457759857177734,108.3959000025061,overlays\happy_032.png,,
happy_033,happy,happy/Training_47060911.jpg,47150e342242aa8264277cff8443e99ad0fb7f18a87ebe75e489f0ca1850aa3e,47150e342242aa8264277cff8443e99ad0fb7f18a87ebe75e489f0ca1850aa3e,True,48,48,0.0,0.0,47.0,47.0,True,106,106,1.0,105,0.9905660377358491,0.2,106,1.0,0.5513299703598022,0.5988901853561401,0.7507069706916809,0.7322313189506531,0.9833207428455353,1.046518325805664,119.51000000044587,overlays\happy_033.png,,
happy_034,happy,happy/Training_99770266.jpg,b117e8050792a9596746cc94557a3076556d9f7353ff098059fd5bb58b02967c,b117e8050792a9596746cc94557a3076556d9f7353ff098059fd5bb58b02967c,True,48,48,0.0,0.0,47.0,47.0,True,106,106,1.0,94,0.8867924528301887,0.2,106,1.0,0.39896178245544434,0.5096240639686584,0.6958168745040894,0.6720494031906128,0.9380698204040527,1.064584732055664,115.12089999814634,overlays\happy_034.png,,
happy_035,happy,happy/Training_94853036.jpg,b21ca4889c3e7b034ca5cd24c827f63551d07c34ad992a5231a30a7f924b2bac,b21ca4889c3e7b034ca5cd24c827f63551d07c34ad992a5231a30a7f924b2bac,True,48,48,0.0,0.0,47.0,47.0,True,106,106,1.0,106,1.0,0.2,106,1.0,0.24600452184677124,0.34225034713745117,0.5460829734802246,0.5450379848480225,0.7348328232765198,0.8441002368927002,107.38399999900139,overlays\happy_035.png,,
happy_036,happy,happy/Training_92214730.jpg,7584773c30a923bf26e26421f492c3d414ccd099d6f93605bd8c4d64068996d8,7584773c30a923bf26e26421f492c3d414ccd099d6f93605bd8c4d64068996d8,True,48,48,0.0,0.0,47.0,47.0,True,106,106,1.0,86,0.8113207547169812,0.2,106,1.0,0.2546640932559967,0.4485799968242645,0.602660059928894,0.5856789350509644,0.7908123135566711,0.8825623989105225,104.42909999983385,overlays\happy_036.png,,
happy_037,happy,happy/Training_41487314.jpg,2bc946b6c89470edea2cfa51adacdba972938e48aca47238fda0ad3e3a787ed6,2bc946b6c89470edea2cfa51adacdba972938e48aca47238fda0ad3e3a787ed6,True,48,48,0.0,0.0,47.0,47.0,True,106,106,1.0,102,0.9622641509433962,0.2,106,1.0,0.4986678957939148,0.5876768827438354,0.7306635975837708,0.7137091755867004,0.9392337501049042,0.9910560846328735,102.53690000172355,overlays\happy_037.png,,
happy_038,happy,happy/Training_34141219.jpg,e7bce4240c68b7954439c1dd0f57fdd1043c48729f95a16ddb8b6e65d1f2f388,e7bce4240c68b7954439c1dd0f57fdd1043c48729f95a16ddb8b6e65d1f2f388,True,48,48,0.0,0.0,47.0,47.0,True,106,106,1.0,106,1.0,0.2,106,1.0,0.5295412540435791,0.5875278115272522,0.7070190906524658,0.6994664669036865,0.8389117121696472,0.9592742919921875,102.01500000039232,overlays\happy_038.png,,
happy_039,happy,happy/Training_15821022.jpg,a97bd6d60a152d83f28fb412aba99bb00eb816177fee9649f239d3d0a5a6532a,a97bd6d60a152d83f28fb412aba99bb00eb816177fee9649f239d3d0a5a6532a,True,48,48,0.0,0.0,47.0,47.0,True,106,106,1.0,94,0.8867924528301887,0.2,106,1.0,0.4300285577774048,0.5137356221675873,0.6970552206039429,0.6793743371963501,0.8977043032646179,0.9652589559555054,102.3021000000881,overlays\happy_039.png,,
happy_040,happy,happy/Training_34301439.jpg,eda54c6ca2a7b082a8a01ef1a22280add8d73f39777a13358adf1270d2706e23,eda54c6ca2a7b082a8a01ef1a22280add8d73f39777a13358adf1270d2706e23,True,48,48,0.0,0.0,47.0,47.0,True,106,106,1.0,106,1.0,0.2,106,1.0,0.44844043254852295,0.5555329620838165,0.6804451942443848,0.6740509271621704,0.8100715279579163,0.8767381906509399,104.4765999977244,overlays\happy_040.png,,
happy_041,happy,happy/Training_99702971.jpg,e2ab1c2feead6fdd4a3f39cf141fe132e74f35075f42b607d2382c837a010380,e2ab1c2feead6fdd4a3f39cf141fe132e74f35075f42b607d2382c837a010380,True,48,48,0.0,0.0,47.0,47.0,True,106,106,1.0,106,1.0,0.2,106,1.0,0.590665340423584,0.6551119387149811,0.8027971982955933,0.7841285467147827,0.9621607065200806,1.0265806913375854,127.5327000003017,overlays\happy_041.png,,
happy_042,happy,happy/Training_68121684.jpg,5a91d943f8f0ec0b7e09b3afe9012a1d137d515c0920a4f6cb508074ea516797,5a91d943f8f0ec0b7e09b3afe9012a1d137d515c0920a4f6cb508074ea516797,True,48,48,0.0,0.0,47.0,47.0,True,106,106,1.0,106,1.0,0.2,106,1.0,0.46263283491134644,0.6252073049545288,0.7869610786437988,0.7801979184150696,0.9490866661071777,1.0227223634719849,108.74129999865545,overlays\happy_042.png,,
happy_043,happy,happy/Training_17794787.jpg,10752ca7fd875c64b2f119e5c12abf1944c6295ac39e85f79e0acf6a7939c3f2,10752ca7fd875c64b2f119e5c12abf1944c6295ac39e85f79e0acf6a7939c3f2,True,48,48,0.0,0.0,47.0,47.0,True,106,106,1.0,106,1.0,0.2,106,1.0,0.6908388137817383,0.7875768542289734,0.8803734183311462,0.8909796476364136,0.973054438829422,1.0455527305603027,105.09649999949033,overlays\happy_043.png,,
happy_044,happy,happy/Training_18419185.jpg,5ae23b7002cdce5a4e51b431c5655e25f2c97ca335790474cd1ccc8576287d1a,5ae23b7002cdce5a4e51b431c5655e25f2c97ca335790474cd1ccc8576287d1a,True,48,48,0.0,0.0,47.0,47.0,True,106,106,1.0,100,0.9433962264150944,0.2,106,1.0,0.3427071273326874,0.46567583084106445,0.663689911365509,0.6502702832221985,0.9059975147247314,1.0241124629974365,106.58419999890612,overlays\happy_044.png,,
happy_045,happy,happy/Training_84985243.jpg,b5240967319f60db953596e13c9ab6036902436fc6c5f89c923940cf686d9022,b5240967319f60db953596e13c9ab6036902436fc6c5f89c923940cf686d9022,True,48,48,0.0,0.0,47.0,47.0,True,106,106,1.0,98,0.9245283018867925,0.2,106,1.0,0.4488467574119568,0.5464711487293243,0.6913006901741028,0.6661958694458008,0.8762162029743195,0.919235110282898,107.90760000236332,overlays\happy_045.png,,
happy_046,happy,happy/Training_6008930.jpg,02de9b7f04f723231a635b75c3d8295a8fc2d5cc9315f5e8f72379fbc568cc11,02de9b7f04f723231a635b75c3d8295a8fc2d5cc9315f5e8f72379fbc568cc11,True,48,48,0.0,0.0,47.0,47.0,True,106,106,1.0,100,0.9433962264150944,0.2,106,1.0,0.3554406762123108,0.46761541068553925,0.6662701964378357,0.6244348883628845,0.9270385503768921,0.9945053458213806,103.04790000009234,overlays\happy_046.png,,
happy_047,happy,happy/Training_93085773.jpg,c61301af96f18b292a3b2eeda90ab152cb88ec5d87c20f4aac9d282fb6b0944f,c61301af96f18b292a3b2eeda90ab152cb88ec5d87c20f4aac9d282fb6b0944f,True,48,48,0.0,0.0,47.0,47.0,True,106,106,1.0,96,0.9056603773584906,0.2,106,1.0,0.3862728774547577,0.5214810371398926,0.6918023228645325,0.6742835640907288,0.8975664973258972,0.9779638051986694,100.41780000028666,overlays\happy_047.png,,
happy_048,happy,happy/Training_16866158.jpg,30824350d66ba65b162bb6d88e83957737c390e9b111f7c312949e578cd950ca,30824350d66ba65b162bb6d88e83957737c390e9b111f7c312949e578cd950ca,True,48,48,0.0,0.0,47.0,47.0,True,106,106,1.0,106,1.0,0.2,106,1.0,0.4723176658153534,0.5376766920089722,0.6668687462806702,0.6639063358306885,0.811570018529892,0.9045543670654297,101.87880000012228,overlays\happy_048.png,,
happy_049,happy,happy/Training_87703745.jpg,6a8d16c73e316c8da82bb32f16753d3593fda01e92f47bbeaa8d9eeec68a547c,6a8d16c73e316c8da82bb32f16753d3593fda01e92f47bbeaa8d9eeec68a547c,True,48,48,0.0,0.0,47.0,47.0,True,106,106,1.0,100,0.9433962264150944,0.2,106,1.0,0.3326511085033417,0.4653027653694153,0.6690532565116882,0.6376663446426392,0.9022838473320007,0.9846494793891907,110.59770000065328,overlays\happy_049.png,,
happy_050,happy,happy/Training_64808943.jpg,5210695395d3de19853d20efa0e783a474bfb70fc1d13a2b78a01dfec42e08d1,5210695395d3de19853d20efa0e783a474bfb70fc1d13a2b78a01dfec42e08d1,True,48,48,0.0,0.0,47.0,47.0,True,106,106,1.0,106,1.0,0.2,106,1.0,0.45795512199401855,0.564467042684555,0.7358019351959229,0.709836483001709,0.9384996891021729,0.9921518564224243,108.55140000057872,overlays\happy_050.png,,
neutral_001,neutral,neutral/Training_27832558.jpg,a67aea10339a3645ed03b0e35e8c61466f986de6c373d5bf4cb28c5d9920da35,a67aea10339a3645ed03b0e35e8c61466f986de6c373d5bf4cb28c5d9920da35,True,48,48,0.0,0.0,47.0,47.0,True,106,106,1.0,106,1.0,0.2,106,1.0,0.5451798439025879,0.6133334338665009,0.6913760900497437,0.6904141306877136,0.7702642679214478,0.8419662117958069,106.1362000000372,overlays\neutral_001.png,,
neutral_002,neutral,neutral/Training_28120071.jpg,662e023f0335bc81f308efac8814186800a9633e6bb168daadffc8475866702b,662e023f0335bc81f308efac8814186800a9633e6bb168daadffc8475866702b,True,48,48,0.0,0.0,47.0,47.0,True,106,106,1.0,100,0.9433962264150944,0.2,106,1.0,0.40508604049682617,0.47913984954357147,0.6589930057525635,0.6395422220230103,0.8753228783607483,0.9502322673797607,100.79899999982445,overlays\neutral_002.png,,
neutral_003,neutral,neutral/Training_80808476.jpg,f575338e579458d82e144fbe16a59658970de83c992bf783ff95f82de5981055,f575338e579458d82e144fbe16a59658970de83c992bf783ff95f82de5981055,True,48,48,0.0,0.0,47.0,47.0,True,106,106,1.0,106,1.0,0.2,106,1.0,0.4637327194213867,0.5758574903011322,0.7785366177558899,0.7581068277359009,0.975266844034195,1.0850486755371094,106.41609999947832,overlays\neutral_003.png,,
neutral_004,neutral,neutral/Training_91747126.jpg,265c4f2c1f2e8d6124e17b651128c38a61695c702682da472e0dc3ab41a44f7f,265c4f2c1f2e8d6124e17b651128c38a61695c702682da472e0dc3ab41a44f7f,True,48,48,0.0,0.0,47.0,47.0,True,106,106,1.0,95,0.8962264150943396,0.2,106,1.0,0.35079890489578247,0.46091924607753754,0.6538884043693542,0.6582415103912354,0.8555471003055573,0.9828230142593384,100.6390000002284,overlays\neutral_004.png,,
neutral_005,neutral,neutral/Training_33952297.jpg,9c8c6016e82686486c20430e9a9dac9ca246019094725acc9c31b23bb4f99163,9c8c6016e82686486c20430e9a9dac9ca246019094725acc9c31b23bb4f99163,True,48,48,0.0,0.0,47.0,47.0,True,106,106,1.0,87,0.8207547169811321,0.2,106,1.0,0.33211344480514526,0.4452555775642395,0.6067351698875427,0.5882431268692017,0.8025415539741516,0.8439894318580627,102.84049999972922,overlays\neutral_005.png,,
neutral_006,neutral,neutral/Training_48807220.jpg,86bd59af2964ee6d07769d1d7c6120ef426e224c5ece88b56c891cddc7dc1bd4,86bd59af2964ee6d07769d1d7c6120ef426e224c5ece88b56c891cddc7dc1bd4,True,48,48,0.0,0.0,47.0,47.0,True,106,106,1.0,104,0.9811320754716981,0.2,106,1.0,0.2601970434188843,0.42661264538764954,0.6337684988975525,0.6304795145988464,0.8353480398654938,0.9338452219963074,106.23910000140313,overlays\neutral_006.png,,
neutral_007,neutral,neutral/Training_88377969.jpg,9c7e592e12bc0efad3f505ce10166d33324128befe57caa7b1456ec336aa1c00,9c7e592e12bc0efad3f505ce10166d33324128befe57caa7b1456ec336aa1c00,True,48,48,0.0,0.0,47.0,47.0,True,106,106,1.0,101,0.9528301886792453,0.2,106,1.0,0.5821083188056946,0.6356755197048187,0.7711337804794312,0.7759975790977478,0.904259979724884,1.0055333375930786,108.71290000068257,overlays\neutral_007.png,,
neutral_008,neutral,neutral/Training_7294134.jpg,33900e65dbebb2b9eda85783f3e121fafaeb8e5b7e23b2f951d043ff375aeb27,33900e65dbebb2b9eda85783f3e121fafaeb8e5b7e23b2f951d043ff375aeb27,True,48,48,0.0,0.0,47.0,47.0,True,106,106,1.0,102,0.9622641509433962,0.2,106,1.0,0.5865147709846497,0.6886508464813232,0.805147647857666,0.7898406386375427,0.9771277606487274,1.0744686126708984,109.49339999933727,overlays\neutral_008.png,,
neutral_009,neutral,neutral/Training_40840547.jpg,5a786f0c99615cf8bb8889e1ada93a620f6b7f91d5f678933288159e04f2d886,5a786f0c99615cf8bb8889e1ada93a620f6b7f91d5f678933288159e04f2d886,True,48,48,0.0,0.0,47.0,47.0,True,106,106,1.0,98,0.9245283018867925,0.2,106,1.0,0.3992046117782593,0.5183885395526886,0.6438956260681152,0.629300594329834,0.8416617512702942,0.8764314651489258,126.29909999668598,overlays\neutral_009.png,,
neutral_010,neutral,neutral/Training_9028676.jpg,c8c880aeabeb3d8a6386ab31520934c713d541b12b856874c7b4ff52b86d8261,c8c880aeabeb3d8a6386ab31520934c713d541b12b856874c7b4ff52b86d8261,True,48,48,0.0,0.0,47.0,47.0,True,106,106,1.0,102,0.9622641509433962,0.2,106,1.0,0.5323352217674255,0.5876655876636505,0.6968837976455688,0.6691925525665283,0.7991902232170105,0.9603386521339417,106.9960999993782,overlays\neutral_010.png,,
neutral_011,neutral,neutral/Training_39561924.jpg,d74e247ad70480f04c78d21e0a826eef8a78681e05f71d69a48c04cc05d195f5,d74e247ad70480f04c78d21e0a826eef8a78681e05f71d69a48c04cc05d195f5,True,48,48,0.0,0.0,47.0,47.0,True,106,106,1.0,98,0.9245283018867925,0.2,106,1.0,0.3538336753845215,0.4855032116174698,0.6705370545387268,0.6490230560302734,0.9095557332038879,0.9861008524894714,110.84290000144392,overlays\neutral_011.png,,
neutral_012,neutral,neutral/Training_55989345.jpg,d00c1807a2ba9efdc8aeb3f811f669b0dace59e438c2858e1d0da95a7709ea67,d00c1807a2ba9efdc8aeb3f811f669b0dace59e438c2858e1d0da95a7709ea67,True,48,48,0.0,0.0,47.0,47.0,True,106,106,1.0,106,1.0,0.2,106,1.0,0.3524901866912842,0.4294608533382416,0.6256956458091736,0.6315571069717407,0.8390768766403198,0.910941481590271,107.73509999853559,overlays\neutral_012.png,,
neutral_013,neutral,neutral/Training_68746678.jpg,9726c30977a7d8b938434b97083cb1e0b7a348a563777d08b4198fbcfa0b30e2,9726c30977a7d8b938434b97083cb1e0b7a348a563777d08b4198fbcfa0b30e2,True,48,48,0.0,0.0,47.0,47.0,True,106,106,1.0,57,0.5377358490566038,0.2,104,0.9811320754716981,0.19236502051353455,0.3925708830356598,0.5327932834625244,0.5042812824249268,0.7680028676986694,0.8599106073379517,109.13240000081714,overlays\neutral_013.png,,
neutral_014,neutral,neutral/Training_64976925.jpg,513915fb6bff4568528c91981db630eac7fff3dffe5ce253a6a95e999870663a,513915fb6bff4568528c91981db630eac7fff3dffe5ce253a6a95e999870663a,True,48,48,0.0,0.0,47.0,47.0,True,106,106,1.0,87,0.8207547169811321,0.2,106,1.0,0.21186986565589905,0.3708844780921936,0.5781130790710449,0.5452237129211426,0.8416401743888855,0.9307653903961182,108.18389999985811,overlays\neutral_014.png,,
neutral_015,neutral,neutral/Training_7509514.jpg,06b59f5bc5450b838114fef47c4fd630c05dafc85189e9cb942166399528bbc7,06b59f5bc5450b838114fef47c4fd630c05dafc85189e9cb942166399528bbc7,True,48,48,0.0,0.0,47.0,47.0,True,106,106,1.0,93,0.8773584905660378,0.2,106,1.0,0.30941617488861084,0.41233663260936737,0.6680211424827576,0.6450116038322449,0.960397332906723,1.058119535446167,109.42669999712962,overlays\neutral_015.png,,
neutral_016,neutral,neutral/Training_86836016.jpg,e0ec3fd9f8679ceb30ac16f90702a72bf0c388f5e330b8af2b2506e6bead2a49,e0ec3fd9f8679ceb30ac16f90702a72bf0c388f5e330b8af2b2506e6bead2a49,True,48,48,0.0,0.0,47.0,47.0,True,106,106,1.0,91,0.8584905660377359,0.2,106,1.0,0.5002233982086182,0.562455803155899,0.6998303532600403,0.6848334670066833,0.8830812573432922,0.980829119682312,111.8547000005492,overlays\neutral_016.png,,
neutral_017,neutral,neutral/Training_77226354.jpg,fc0dd8b5115ed7fc4fbf52c2662409cb439d863d9cfb41d92102510addaa5ae4,fc0dd8b5115ed7fc4fbf52c2662409cb439d863d9cfb41d92102510addaa5ae4,True,48,48,0.0,0.0,47.0,47.0,True,106,106,1.0,84,0.7924528301886793,0.2,106,1.0,0.2963249683380127,0.3687705993652344,0.5851389169692993,0.5828894376754761,0.8377878069877625,0.9258905649185181,105.82679999788525,overlays\neutral_017.png,,
neutral_018,neutral,neutral/Training_2691434.jpg,d5388a86e9e9eb727d196431cca037c382e4591e5027b93970b0c67ded3b24aa,d5388a86e9e9eb727d196431cca037c382e4591e5027b93970b0c67ded3b24aa,True,48,48,0.0,0.0,47.0,47.0,True,106,106,1.0,94,0.8867924528301887,0.2,106,1.0,0.26641321182250977,0.4860166907310486,0.7018342614173889,0.6844933032989502,0.9697555005550385,1.0200464725494385,106.08279999723891,overlays\neutral_018.png,,
neutral_019,neutral,neutral/Training_46447165.jpg,f68c63e5248cd60ca9bf84b87464867802ef76bc7299477f5afa3b3780eee5fa,f68c63e5248cd60ca9bf84b87464867802ef76bc7299477f5afa3b3780eee5fa,True,48,48,0.0,0.0,47.0,47.0,True,106,106,1.0,101,0.9528301886792453,0.2,106,1.0,0.3491196036338806,0.4772835969924927,0.6320846676826477,0.645988941192627,0.7699836492538452,0.8544362783432007,107.7527999987069,overlays\neutral_019.png,,
neutral_020,neutral,neutral/Training_42619196.jpg,a526261d24a544066c1dce3e9cd4eb99a1438068a2ade825c786f119eaab4e30,a526261d24a544066c1dce3e9cd4eb99a1438068a2ade825c786f119eaab4e30,True,48,48,0.0,0.0,47.0,47.0,True,106,106,1.0,106,1.0,0.2,106,1.0,0.5277207493782043,0.5768200159072876,0.6866772770881653,0.6860909461975098,0.8045962750911713,0.9222414493560791,108.86170000230777,overlays\neutral_020.png,,
neutral_021,neutral,neutral/Training_1894515.jpg,7db7b8c79e66690bcfe44ac11a94dece2b004ee3bfbb6e29e32275a6c9a99f0b,7db7b8c79e66690bcfe44ac11a94dece2b004ee3bfbb6e29e32275a6c9a99f0b,True,48,48,0.0,0.0,47.0,47.0,True,106,106,1.0,106,1.0,0.2,106,1.0,0.3459749221801758,0.42915429174900055,0.6130374670028687,0.6278612613677979,0.7956149876117706,0.8641223907470703,107.65560000072583,overlays\neutral_021.png,,
neutral_022,neutral,neutral/Training_59677452.jpg,d7ba25d91c57adf2bceb23cabbd7fd147cb115286c1a6b1742c7781073a93127,d7ba25d91c57adf2bceb23cabbd7fd147cb115286c1a6b1742c7781073a93127,True,48,48,0.0,0.0,47.0,47.0,True,106,106,1.0,93,0.8773584905660378,0.2,106,1.0,0.3178274631500244,0.3886815458536148,0.6665244102478027,0.6490815877914429,0.9623820185661316,1.0467365980148315,105.13540000101784,overlays\neutral_022.png,,
neutral_023,neutral,neutral/Training_13130856.jpg,091cafb4f6ab9f46508ff1ef11f0eb0cf29aea525de5a6a7572629703f8fbeb1,091cafb4f6ab9f46508ff1ef11f0eb0cf29aea525de5a6a7572629703f8fbeb1,True,48,48,0.0,0.0,47.0,47.0,True,106,106,1.0,98,0.9245283018867925,0.2,106,1.0,0.37996363639831543,0.49834802746772766,0.6749475598335266,0.6438720226287842,0.9510989785194397,1.036434531211853,111.07450000054087,overlays\neutral_023.png,,
neutral_024,neutral,neutral/Training_97267200.jpg,58a46d895228f08f6e4772becbc2913b6d904f6acb69774e449d107e285d735b,58a46d895228f08f6e4772becbc2913b6d904f6acb69774e449d107e285d735b,True,48,48,0.0,0.0,47.0,47.0,True,106,106,1.0,101,0.9528301886792453,0.2,106,1.0,0.5491732358932495,0.6033177971839905,0.7318598031997681,0.7237340211868286,0.912322074174881,1.0240479707717896,106.04410000087228,overlays\neutral_024.png,,
neutral_025,neutral,neutral/Training_9220409.jpg,8a79dd3f714dd484efc7def177e498714d8d2b92f1fc5cead3736671b33f3d83,8a79dd3f714dd484efc7def177e498714d8d2b92f1fc5cead3736671b33f3d83,True,48,48,0.0,0.0,47.0,47.0,True,106,106,1.0,100,0.9433962264150944,0.2,106,1.0,0.5852282047271729,0.6520618796348572,0.7605370283126831,0.7584628462791443,0.8889433145523071,1.0274760723114014,107.4380000027304,overlays\neutral_025.png,,
neutral_026,neutral,neutral/Training_43673644.jpg,671d9a4fafee64ad10bf9beefb6386a42c96d4adb8504fef2ca97982163861d9,671d9a4fafee64ad10bf9beefb6386a42c96d4adb8504fef2ca97982163861d9,True,48,48,0.0,0.0,47.0,47.0,True,106,106,1.0,106,1.0,0.2,106,1.0,0.2938358783721924,0.3857647329568863,0.6057392954826355,0.601415753364563,0.7848543226718903,0.9219377636909485,110.29670000061742,overlays\neutral_026.png,,
neutral_027,neutral,neutral/Training_97270054.jpg,5661345c581d9336fb44aba569158d41fcd2ce24a7507c983c92bcb0c0e00ab8,5661345c581d9336fb44aba569158d41fcd2ce24a7507c983c92bcb0c0e00ab8,True,48,48,0.0,0.0,47.0,47.0,True,106,106,1.0,106,1.0,0.2,106,1.0,0.45989131927490234,0.575919508934021,0.7369349002838135,0.7207880616188049,0.9462883770465851,1.0009700059890747,113.32700000275509,overlays\neutral_027.png,,
neutral_028,neutral,neutral/Training_41999489.jpg,172e78bdc9a9ab5ebe4fd27c65b9b28bd074c18ae544e30b494b47e68c855c4d,172e78bdc9a9ab5ebe4fd27c65b9b28bd074c18ae544e30b494b47e68c855c4d,True,48,48,0.0,0.0,47.0,47.0,True,106,106,1.0,101,0.9528301886792453,0.2,106,1.0,0.5056040287017822,0.5486617088317871,0.7165583372116089,0.7165021896362305,0.8889912962913513,0.928892970085144,121.20660000073258,overlays\neutral_028.png,,
neutral_029,neutral,neutral/Training_11078984.jpg,e0d18c2dbe815c74e5c7a17ac22a0e5ff7b63c8270d2939d64ef9640af960d87,e0d18c2dbe815c74e5c7a17ac22a0e5ff7b63c8270d2939d64ef9640af960d87,True,48,48,0.0,0.0,47.0,47.0,True,106,106,1.0,106,1.0,0.2,106,1.0,0.5086928009986877,0.5703234374523163,0.7426980137825012,0.7494020462036133,0.8806758522987366,0.9787248969078064,106.98300000149175,overlays\neutral_029.png,,
neutral_030,neutral,neutral/Training_19876280.jpg,22b59e53932eea26ad8cf54fec8c5697d9bf428e93d39a19474949880a954b8f,22b59e53932eea26ad8cf54fec8c5697d9bf428e93d39a19474949880a954b8f,True,48,48,0.0,0.0,47.0,47.0,True,106,106,1.0,99,0.9339622641509434,0.2,106,1.0,0.5219062566757202,0.6105242371559143,0.7708718776702881,0.762319803237915,0.9634818434715271,1.030790090560913,107.05619999862392,overlays\neutral_030.png,,
neutral_031,neutral,neutral/Training_18279248.jpg,d5ae7b1d9f8a87f71207408720303cca66cb4cd687c2603923425be3176e404b,d5ae7b1d9f8a87f71207408720303cca66cb4cd687c2603923425be3176e404b,True,48,48,0.0,0.0,47.0,47.0,True,106,106,1.0,93,0.8773584905660378,0.2,106,1.0,0.44823122024536133,0.5447719097137451,0.6880543828010559,0.6802823543548584,0.8431373834609985,0.9653874635696411,105.28970000086701,overlays\neutral_031.png,,
neutral_032,neutral,neutral/Training_43421592.jpg,c230c2b628f1fc7b7a7a696d663439a3172a7e9b376fb2e262fba3fce21a77a5,c230c2b628f1fc7b7a7a696d663439a3172a7e9b376fb2e262fba3fce21a77a5,True,48,48,0.0,0.0,47.0,47.0,True,106,106,1.0,93,0.8773584905660378,0.2,106,1.0,0.27962297201156616,0.43096980452537537,0.6085078120231628,0.6025658845901489,0.834384948015213,0.922870397567749,105.57999999946333,overlays\neutral_032.png,,
neutral_033,neutral,neutral/Training_19361454.jpg,16c26f454a1114f9a33e5d38bd083f9d3ca4f6ef65ec01aa1b24704f75388b1d,16c26f454a1114f9a33e5d38bd083f9d3ca4f6ef65ec01aa1b24704f75388b1d,True,48,48,0.0,0.0,47.0,47.0,True,106,106,1.0,97,0.9150943396226415,0.2,106,1.0,0.32879209518432617,0.49002890288829803,0.6732189059257507,0.6423014402389526,0.9042018055915833,0.9763586521148682,109.20709999845712,overlays\neutral_033.png,,
neutral_034,neutral,neutral/Training_14708731.jpg,4487f6f29cf32e49886f58bc9e171518b12204da319730d89e9f9f8c0b069752,4487f6f29cf32e49886f58bc9e171518b12204da319730d89e9f9f8c0b069752,True,48,48,0.0,0.0,47.0,47.0,True,106,106,1.0,98,0.9245283018867925,0.2,106,1.0,0.3820148706436157,0.4517856240272522,0.675851583480835,0.6452134847640991,0.9352652728557587,0.9946070909500122,107.64840000047116,overlays\neutral_034.png,,
neutral_035,neutral,neutral/Training_58665762.jpg,79a31b956c2dccf82b7402b5688e296602efa7d135cbb0c21abb03e570a5d12d,79a31b956c2dccf82b7402b5688e296602efa7d135cbb0c21abb03e570a5d12d,True,48,48,0.0,0.0,47.0,47.0,True,106,106,1.0,103,0.9716981132075472,0.2,106,1.0,0.4220726490020752,0.519491583108902,0.6314195394515991,0.6279793381690979,0.7505750954151154,0.8277250528335571,110.50449999675038,overlays\neutral_035.png,,
neutral_036,neutral,neutral/Training_19862124.jpg,70bdc11331d0b34c8ad1d05291b7d4f6065ae32f52902d005f77b15ef7282528,70bdc11331d0b34c8ad1d05291b7d4f6065ae32f52902d005f77b15ef7282528,True,48,48,0.0,0.0,47.0,47.0,True,106,106,1.0,106,1.0,0.2,106,1.0,0.40325596928596497,0.4979713559150696,0.6281909346580505,0.6143717765808105,0.8279628455638885,0.8700243234634399,110.36730000341777,overlays\neutral_036.png,,
neutral_037,neutral,neutral/Training_86387957.jpg,644e2af2732fe21c974a3dc8f3aa5bdb92ffb79c6c1ba893e7f1d2e1a4443044,644e2af2732fe21c974a3dc8f3aa5bdb92ffb79c6c1ba893e7f1d2e1a4443044,True,48,48,0.0,0.0,47.0,47.0,True,106,106,1.0,100,0.9433962264150944,0.2,106,1.0,0.5155632495880127,0.599629670381546,0.745122492313385,0.7347500324249268,0.9322217106819153,0.9943479299545288,106.60970000026282,overlays\neutral_037.png,,
neutral_038,neutral,neutral/Training_44950675.jpg,bfec0c9df4f154a34141754761e347a8f88220a560f78f8e55ab86aa7baa3250,bfec0c9df4f154a34141754761e347a8f88220a560f78f8e55ab86aa7baa3250,True,48,48,0.0,0.0,47.0,47.0,True,106,106,1.0,90,0.8490566037735849,0.2,106,1.0,0.36536815762519836,0.4719955772161484,0.6035356521606445,0.6120144128799438,0.7240948677062988,0.7936142086982727,108.41849999997066,overlays\neutral_038.png,,
neutral_039,neutral,neutral/Training_51009443.jpg,9647f8a7f2a427af879e5a5fc6d3ae5b65ac7a9a43b88c181ae8bd95e2433e0d,9647f8a7f2a427af879e5a5fc6d3ae5b65ac7a9a43b88c181ae8bd95e2433e0d,True,48,48,0.0,0.0,47.0,47.0,True,106,106,1.0,106,1.0,0.2,106,1.0,0.2792513370513916,0.4212840497493744,0.6135860085487366,0.6217940449714661,0.8428978621959686,0.9522492289543152,106.83430000062799,overlays\neutral_039.png,,
neutral_040,neutral,neutral/Training_82253395.jpg,01fe25e2ad960d0bac72bd328e11d972ee8be93167296d2c73e437fc1f821b25,01fe25e2ad960d0bac72bd328e11d972ee8be93167296d2c73e437fc1f821b25,True,48,48,0.0,0.0,47.0,47.0,True,106,106,1.0,101,0.9528301886792453,0.2,106,1.0,0.4707500636577606,0.5576140880584717,0.7297694087028503,0.699752926826477,0.94256192445755,0.9941346645355225,106.31389999980456,overlays\neutral_040.png,,
neutral_041,neutral,neutral/Training_41253357.jpg,14e60e54c9ef39a1c0c585f323fd73543549edb7fefd4d08fc6db32d0b776359,14e60e54c9ef39a1c0c585f323fd73543549edb7fefd4d08fc6db32d0b776359,True,48,48,0.0,0.0,47.0,47.0,True,106,106,1.0,99,0.9339622641509434,0.2,106,1.0,0.3640492856502533,0.4765084236860275,0.6747450232505798,0.6405883431434631,0.9413197636604309,1.0264477729797363,111.30039999989094,overlays\neutral_041.png,,
neutral_042,neutral,neutral/Training_28918268.jpg,bbcb37f95b89fa3c837a9c2fe1013e57da7af30da40a6bdc14fe2191d618ec18,bbcb37f95b89fa3c837a9c2fe1013e57da7af30da40a6bdc14fe2191d618ec18,True,48,48,0.0,0.0,47.0,47.0,True,106,106,1.0,91,0.8584905660377359,0.2,106,1.0,0.41062164306640625,0.5532212257385254,0.7088403701782227,0.7153481245040894,0.8934531807899475,0.9627501368522644,109.4349000013608,overlays\neutral_042.png,,
neutral_043,neutral,neutral/Training_94457993.jpg,274f8ac0caec25ed40368552f1e02e409b88fa25299c43f804395c60e4ae8658,274f8ac0caec25ed40368552f1e02e409b88fa25299c43f804395c60e4ae8658,True,48,48,0.0,0.0,47.0,47.0,True,106,106,1.0,99,0.9339622641509434,0.2,106,1.0,0.6045160889625549,0.658678412437439,0.7723312973976135,0.7721462249755859,0.8763535618782043,0.9960430860519409,107.15340000024298,overlays\neutral_043.png,,
neutral_044,neutral,neutral/Training_95241865.jpg,b7891807518379c213ea0f1420940b9487f95aad44a6c2299df158c67a8b87d3,b7891807518379c213ea0f1420940b9487f95aad44a6c2299df158c67a8b87d3,True,48,48,0.0,0.0,47.0,47.0,True,106,106,1.0,93,0.8773584905660378,0.2,106,1.0,0.38163408637046814,0.49514785408973694,0.6811033487319946,0.6539795398712158,0.9164785742759705,0.9880639910697937,105.10209999847575,overlays\neutral_044.png,,
neutral_045,neutral,neutral/Training_80271780.jpg,e990300163ec5518f13d47d236fee12b1605111c71eb39af8dc44e8506d27600,e990300163ec5518f13d47d236fee12b1605111c71eb39af8dc44e8506d27600,True,48,48,0.0,0.0,47.0,47.0,True,106,106,1.0,95,0.8962264150943396,0.2,106,1.0,0.334379106760025,0.435989111661911,0.6707414388656616,0.6407214403152466,0.9561425745487213,1.0791001319885254,110.52310000013676,overlays\neutral_045.png,,
neutral_046,neutral,neutral/Training_45782533.jpg,7a40d7d0fc0c8602ee3da3607e14869743e6ba838642aa8fcfc9392b62d64544,7a40d7d0fc0c8602ee3da3607e14869743e6ba838642aa8fcfc9392b62d64544,True,48,48,0.0,0.0,47.0,47.0,True,106,106,1.0,98,0.9245283018867925,0.2,106,1.0,0.2997119426727295,0.4273810386657715,0.690405547618866,0.64473557472229,0.9728128612041473,1.0605864524841309,108.0500000025495,overlays\neutral_046.png,,
neutral_047,neutral,neutral/Training_80335177.jpg,fa78d3b0ead7c4fd39c6b89d08f24eb2865b714b5fcfa577ee06c8eb27f00b0d,fa78d3b0ead7c4fd39c6b89d08f24eb2865b714b5fcfa577ee06c8eb27f00b0d,True,48,48,0.0,0.0,47.0,47.0,True,106,106,1.0,95,0.8962264150943396,0.2,106,1.0,0.3213774561882019,0.38904666900634766,0.5470631718635559,0.5552370548248291,0.6719745993614197,0.757561981678009,122.99230000280659,overlays\neutral_047.png,,
neutral_048,neutral,neutral/Training_70268633.jpg,26ede3ff4fe9d4bb16b72fc055ed753609f92eba2b4bf520451de8fce4c92798,26ede3ff4fe9d4bb16b72fc055ed753609f92eba2b4bf520451de8fce4c92798,True,48,48,0.0,0.0,47.0,47.0,True,106,106,1.0,106,1.0,0.2,106,1.0,0.4320187568664551,0.556941568851471,0.7690756320953369,0.755111575126648,0.9782775938510895,1.088746428489685,106.37339999811957,overlays\neutral_048.png,,
neutral_049,neutral,neutral/Training_37985686.jpg,16998f2d296fd2c8142c7ceb71a20faa83eca60ab5fb175f01674afa07165daf,16998f2d296fd2c8142c7ceb71a20faa83eca60ab5fb175f01674afa07165daf,True,48,48,0.0,0.0,47.0,47.0,True,106,106,1.0,100,0.9433962264150944,0.2,106,1.0,0.3689534068107605,0.45066383481025696,0.6690270900726318,0.6313172578811646,0.9276509881019592,1.0109890699386597,108.97770000156015,overlays\neutral_049.png,,
neutral_050,neutral,neutral/Training_23139059.jpg,5281810c0360b582ef3d3099ec49b38c87c9065c76d1558712ab3336aa01c0c0,5281810c0360b582ef3d3099ec49b38c87c9065c76d1558712ab3336aa01c0c0,True,48,48,0.0,0.0,47.0,47.0,True,106,106,1.0,101,0.9528301886792453,0.2,106,1.0,0.3576003909111023,0.3877120912075043,0.6123219132423401,0.6105470657348633,0.8415331542491913,0.8854708671569824,106.49990000092657,overlays\neutral_050.png,,
sad_001,sad,sad/Training_24268864.jpg,b7b3fac398b541b231625fb328c6ce458e42296b8ea306e846761d77246d0df9,b7b3fac398b541b231625fb328c6ce458e42296b8ea306e846761d77246d0df9,True,48,48,0.0,0.0,47.0,47.0,True,106,106,1.0,106,1.0,0.2,106,1.0,0.4546433091163635,0.550357460975647,0.6917359828948975,0.655632495880127,0.8880465030670166,0.9424019455909729,108.19189999892842,overlays\sad_001.png,,
sad_002,sad,sad/Training_7513470.jpg,623be3f142f7b57648ae28906a5fc4d43bf88b4375eaea8df47121fda8577e59,623be3f142f7b57648ae28906a5fc4d43bf88b4375eaea8df47121fda8577e59,True,48,48,0.0,0.0,47.0,47.0,True,106,106,1.0,106,1.0,0.2,106,1.0,0.4989737570285797,0.5913811922073364,0.7044843435287476,0.6963304281234741,0.8497487306594849,0.9668489694595337,113.85489999884157,overlays\sad_002.png,,
sad_003,sad,sad/Training_63693107.jpg,8201e1fd235bcc7a6bb9fc808aa6279f7c0f8844b25d734cdaf384b10ae4a2bb,8201e1fd235bcc7a6bb9fc808aa6279f7c0f8844b25d734cdaf384b10ae4a2bb,True,48,48,0.0,0.0,47.0,47.0,True,106,106,1.0,96,0.9056603773584906,0.2,106,1.0,0.2874853014945984,0.33442217111587524,0.5421839356422424,0.5448638200759888,0.7590883374214172,0.8048765659332275,112.2397999970417,overlays\sad_003.png,,
sad_004,sad,sad/Training_73972027.jpg,2d531a6fe3eb23e71b223435974d44955aaffecbb6d37805716e8a76f511b726,2d531a6fe3eb23e71b223435974d44955aaffecbb6d37805716e8a76f511b726,True,48,48,0.0,0.0,47.0,47.0,True,106,106,1.0,85,0.8018867924528302,0.2,106,1.0,0.3342096209526062,0.4484090805053711,0.5792276263237,0.5982202291488647,0.7025642693042755,0.8054370284080505,109.74949999945238,overlays\sad_004.png,,
sad_005,sad,sad/Training_72295557.jpg,9fe83bed4f1dd99e74214e43fa7bac4a01f505d2e7d82246d91d30ceef3c829f,9fe83bed4f1dd99e74214e43fa7bac4a01f505d2e7d82246d91d30ceef3c829f,True,48,48,0.0,0.0,47.0,47.0,True,106,106,1.0,83,0.7830188679245284,0.2,106,1.0,0.2387847900390625,0.3421154320240021,0.4717887341976166,0.4834789037704468,0.5940094590187073,0.6484547853469849,110.57129999971949,overlays\sad_005.png,,
sad_006,sad,sad/Training_80876097.jpg,9a233521b68aa3bccb37ca85b14884d59cf456e4444f12c713e5e503029ed9af,9a233521b68aa3bccb37ca85b14884d59cf456e4444f12c713e5e503029ed9af,True,48,48,0.0,0.0,47.0,47.0,True,106,106,1.0,103,0.9716981132075472,0.2,106,1.0,0.5134398937225342,0.6124141812324524,0.7621850967407227,0.7715798616409302,0.9191481471061707,0.9559571743011475,111.22080000131973,overlays\sad_006.png,,
sad_007,sad,sad/Training_18164476.jpg,92f945a9d67c8b63e6eaa54d6542fa8328659ea1f474547d5b7edb763a07081e,92f945a9d67c8b63e6eaa54d6542fa8328659ea1f474547d5b7edb763a07081e,True,48,48,0.0,0.0,47.0,47.0,True,106,106,1.0,92,0.8679245283018868,0.2,106,1.0,0.37522006034851074,0.5153127610683441,0.6819545030593872,0.6751335263252258,0.8422274589538574,0.9740959405899048,102.98450000118464,overlays\sad_007.png,,
sad_008,sad,sad/Training_24583037.jpg,d782f95055a391c2115b9dc15579890f5f274e2a83bd16521be20b5de0c2874c,d782f95055a391c2115b9dc15579890f5f274e2a83bd16521be20b5de0c2874c,True,48,48,0.0,0.0,47.0,47.0,True,106,106,1.0,106,1.0,0.2,106,1.0,0.6064043641090393,0.6496561169624329,0.7816290259361267,0.7900723814964294,0.9053442180156708,0.9951558113098145,103.87809999883757,overlays\sad_008.png,,
sad_009,sad,sad/Training_19138102.jpg,f5733a6d2f31a2dce463f8faa0cc10773f5b21ebab7644da898a572b48e12626,f5733a6d2f31a2dce463f8faa0cc10773f5b21ebab7644da898a572b48e12626,True,48,48,0.0,0.0,47.0,47.0,True,106,106,1.0,91,0.8584905660377359,0.2,106,1.0,0.446831613779068,0.5368203520774841,0.6903737187385559,0.7091904282569885,0.8185858428478241,0.8735415935516357,103.74769999907585,overlays\sad_009.png,,
sad_010,sad,sad/Training_7095418.jpg,69495884c5b365a659e8c8becc5ee2bbf3ef3492f2de62eb8befc56c73b253b8,69495884c5b365a659e8c8becc5ee2bbf3ef3492f2de62eb8befc56c73b253b8,True,48,48,0.0,0.0,47.0,47.0,True,106,106,1.0,97,0.9150943396226415,0.2,106,1.0,0.48508697748184204,0.5543769896030426,0.6746395230293274,0.691425085067749,0.8023183941841125,0.8662905693054199,106.28260000157752,overlays\sad_010.png,,
sad_011,sad,sad/Training_61459765.jpg,05bbd193920dced77526f06e44890242c5945b9365491ba56637d3ecd3112ab8,05bbd193920dced77526f06e44890242c5945b9365491ba56637d3ecd3112ab8,True,48,48,0.0,0.0,47.0,47.0,True,106,106,1.0,106,1.0,0.2,106,1.0,0.37464380264282227,0.4941137284040451,0.6838301420211792,0.6793817281723022,0.9063379168510437,0.9914950132369995,102.67020000173943,overlays\sad_011.png,,
sad_012,sad,sad/Training_26319602.jpg,177c3e3e2380cbc3cf6674c5b584505e47919d641e4dc1a80c8896b652685d55,177c3e3e2380cbc3cf6674c5b584505e47919d641e4dc1a80c8896b652685d55,True,48,48,0.0,0.0,47.0,47.0,True,106,106,1.0,105,0.9905660377358491,0.2,106,1.0,0.3508525490760803,0.437423512339592,0.6647021174430847,0.6589558124542236,0.8995906710624695,0.9805777072906494,99.91490000174963,overlays\sad_012.png,,
sad_013,sad,sad/Training_47814386.jpg,7438c31726f833985bf56b4a106d772d611df2d4af1046c52c030ed8306dd9bd,7438c31726f833985bf56b4a106d772d611df2d4af1046c52c030ed8306dd9bd,True,48,48,0.0,0.0,47.0,47.0,True,106,106,1.0,96,0.9056603773584906,0.2,106,1.0,0.3320324420928955,0.4144093990325928,0.6434161067008972,0.623786449432373,0.8993948101997375,1.0106314420700073,110.58570000022883,overlays\sad_013.png,,
sad_014,sad,sad/Training_39290842.jpg,b959d6cda87f31b7fe017e3a3a61dd5900fabb3be08a13bd2b0984acc4e56286,b959d6cda87f31b7fe017e3a3a61dd5900fabb3be08a13bd2b0984acc4e56286,True,48,48,0.0,0.0,47.0,47.0,True,106,106,1.0,106,1.0,0.2,106,1.0,0.23212195932865143,0.3722853809595108,0.5855568647384644,0.5954164266586304,0.8580815196037292,1.014466643333435,110.49260000072536,overlays\sad_014.png,,
sad_015,sad,sad/Training_39163469.jpg,800547643302fc393c689ba4943551db1ceed951cdd9b7ebf4424962e21fb857,800547643302fc393c689ba4943551db1ceed951cdd9b7ebf4424962e21fb857,True,48,48,0.0,0.0,47.0,47.0,True,106,106,1.0,103,0.9716981132075472,0.2,106,1.0,0.38667184114456177,0.5248655378818512,0.7027527689933777,0.719699501991272,0.80584716796875,0.9794043302536011,102.49639999892679,overlays\sad_015.png,,
sad_016,sad,sad/Training_91662599.jpg,d04e51c6a2bc3d6f12c8c7e5c65fd5aa9c38b05810ebeaa9cc50ae39b7002386,d04e51c6a2bc3d6f12c8c7e5c65fd5aa9c38b05810ebeaa9cc50ae39b7002386,True,48,48,0.0,0.0,47.0,47.0,True,106,106,1.0,67,0.6320754716981132,0.2,106,1.0,0.309293657541275,0.43174147605895996,0.591009259223938,0.5927273631095886,0.7816928327083588,0.8892662525177002,122.54229999962263,overlays\sad_016.png,,
sad_017,sad,sad/Training_78106696.jpg,7a64d36eab94b8036e714d9bb914191aa954717daea74b804e2550c9a9c4b3b1,7a64d36eab94b8036e714d9bb914191aa954717daea74b804e2550c9a9c4b3b1,True,48,48,0.0,0.0,47.0,47.0,True,106,106,1.0,99,0.9339622641509434,0.2,106,1.0,0.2624908685684204,0.3647927939891815,0.619823694229126,0.613539457321167,0.8986229300498962,0.9639880657196045,102.09789999862551,overlays\sad_017.png,,
sad_018,sad,sad/Training_31098779.jpg,51a9fff21441400722644642ed359e232834b359458bcac591ba7ec6ec91cb21,51a9fff21441400722644642ed359e232834b359458bcac591ba7ec6ec91cb21,True,48,48,0.0,0.0,47.0,47.0,True,106,106,1.0,106,1.0,0.2,106,1.0,0.5546403527259827,0.5997166931629181,0.7012520432472229,0.6967036724090576,0.8170965313911438,0.9448323249816895,104.04229999767267,overlays\sad_018.png,,
sad_019,sad,sad/Training_73814276.jpg,259cb47824376b341c6d8b1d5b5a892f5e51f7a469dda550b7706bf601dd1450,259cb47824376b341c6d8b1d5b5a892f5e51f7a469dda550b7706bf601dd1450,True,48,48,0.0,0.0,47.0,47.0,True,106,106,1.0,106,1.0,0.2,106,1.0,0.4804742932319641,0.5634633898735046,0.6948436498641968,0.7067878246307373,0.8138228058815002,0.8682222366333008,102.2424000002502,overlays\sad_019.png,,
sad_020,sad,sad/Training_38314936.jpg,6d47cddaf9d57036d5b5ca077ad15a36d13010a88a62e91a64844304610c672f,6d47cddaf9d57036d5b5ca077ad15a36d13010a88a62e91a64844304610c672f,True,48,48,0.0,0.0,47.0,47.0,True,106,106,1.0,106,1.0,0.2,106,1.0,0.23693794012069702,0.3896115720272064,0.6896733045578003,0.6953003406524658,0.9427000880241394,1.0259578227996826,97.55980000045383,overlays\sad_020.png,,
sad_021,sad,sad/Training_52203125.jpg,ec7e79b8b1cf9aec34e8c2f1f81acebc9e236776f77a46b2e4ba3ba6e260603e,ec7e79b8b1cf9aec34e8c2f1f81acebc9e236776f77a46b2e4ba3ba6e260603e,True,48,48,0.0,0.0,47.0,47.0,True,106,106,1.0,100,0.9433962264150944,0.2,106,1.0,0.3008631467819214,0.39281436800956726,0.5844354629516602,0.5821609497070312,0.812593400478363,0.8907779455184937,105.31719999926281,overlays\sad_021.png,,
sad_022,sad,sad/Training_80125846.jpg,c30b929ca6fa46b7bfaa46b2584df11583e614dacb489c38b076a1290af1a978,c30b929ca6fa46b7bfaa46b2584df11583e614dacb489c38b076a1290af1a978,True,48,48,0.0,0.0,47.0,47.0,True,106,106,1.0,96,0.9056603773584906,0.2,106,1.0,0.27554506063461304,0.3546464741230011,0.5664751529693604,0.5629242658615112,0.8326335549354553,0.9170774817466736,104.12240000005113,overlays\sad_022.png,,
sad_023,sad,sad/Training_48011500.jpg,57058ed8c61588863d8f77076f9e3f09ffd37e44bd5ff154bd193e4d454cade8,57058ed8c61588863d8f77076f9e3f09ffd37e44bd5ff154bd193e4d454cade8,True,48,48,0.0,0.0,47.0,47.0,True,106,106,1.0,94,0.8867924528301887,0.2,106,1.0,0.2863066494464874,0.39295563101768494,0.6035523414611816,0.5638481378555298,0.8554130792617798,0.8786965608596802,101.29439999946044,overlays\sad_023.png,,
sad_024,sad,sad/Training_21216571.jpg,d47982dd7e21181c5152d543e98d17e587b22a0927e27790d1f7875a3ed2aa19,d47982dd7e21181c5152d543e98d17e587b22a0927e27790d1f7875a3ed2aa19,True,48,48,0.0,0.0,47.0,47.0,True,106,106,1.0,103,0.9716981132075472,0.2,106,1.0,0.4608761668205261,0.5693937540054321,0.6808763742446899,0.6580515503883362,0.8480649590492249,0.995907187461853,103.29349999665283,overlays\sad_024.png,,
sad_025,sad,sad/Training_77151653.jpg,4dc76d2ca611a6babb82673c0839b9d25848d4beaa033f82da89a79999f27a49,4dc76d2ca611a6babb82673c0839b9d25848d4beaa033f82da89a79999f27a49,True,48,48,0.0,0.0,47.0,47.0,True,106,106,1.0,104,0.9811320754716981,0.2,106,1.0,0.5416566133499146,0.6628560423851013,0.7836694717407227,0.7948448061943054,0.8933011293411255,0.961667537689209,104.5512000018789,overlays\sad_025.png,,
sad_026,sad,sad/Training_94255939.jpg,ae08285985069b04fb97ff81e9da3df98421eb455ffe74a3b72253cbfa7e6ff1,ae08285985069b04fb97ff81e9da3df98421eb455ffe74a3b72253cbfa7e6ff1,True,48,48,0.0,0.0,47.0,47.0,True,106,106,1.0,106,1.0,0.2,106,1.0,0.4116993546485901,0.4687824994325638,0.6435421705245972,0.6362169981002808,0.8445348143577576,0.939453661441803,117.51929999809363,overlays\sad_026.png,,
sad_027,sad,sad/Training_24498297.jpg,a71e5a69839ef74ac42c2f487f62233e1a08ac123dcd76afbfc7bd43d544a93b,a71e5a69839ef74ac42c2f487f62233e1a08ac123dcd76afbfc7bd43d544a93b,True,48,48,0.0,0.0,47.0,47.0,True,106,106,1.0,81,0.7641509433962265,0.2,106,1.0,0.20234256982803345,0.2964444160461426,0.45947062969207764,0.43294915556907654,0.6791808009147644,0.7733384370803833,115.18919999798527,overlays\sad_027.png,,
sad_028,sad,sad/Training_17717830.jpg,3c179e3ad0c1b7d9fd6cf9f7c7cf46ab05238fea4363ab1bd0ac5ba02fdba5c8,3c179e3ad0c1b7d9fd6cf9f7c7cf46ab05238fea4363ab1bd0ac5ba02fdba5c8,True,48,48,0.0,0.0,47.0,47.0,True,106,106,1.0,101,0.9528301886792453,0.2,106,1.0,0.328339159488678,0.3969724476337433,0.627356767654419,0.6115632653236389,0.8822479248046875,0.9594930410385132,109.99250000168104,overlays\sad_028.png,,
sad_029,sad,sad/Training_92543724.jpg,aa5ad0f6a7329111a12c390588bd92599b384000babd8ba56424d10785a37556,aa5ad0f6a7329111a12c390588bd92599b384000babd8ba56424d10785a37556,True,48,48,0.0,0.0,47.0,47.0,True,106,106,1.0,99,0.9339622641509434,0.2,106,1.0,0.31278830766677856,0.460002601146698,0.6327739357948303,0.599644660949707,0.8585955798625946,0.9395772218704224,107.55200000130571,overlays\sad_029.png,,
sad_030,sad,sad/Training_12388277.jpg,84007aa61280890729400d46c9b6e8ca2a74fc9827ae979ce2ef2cf3b7670ecd,84007aa61280890729400d46c9b6e8ca2a74fc9827ae979ce2ef2cf3b7670ecd,True,48,48,0.0,0.0,47.0,47.0,True,106,106,1.0,78,0.7358490566037735,0.2,106,1.0,0.45446479320526123,0.5110380053520203,0.7103447914123535,0.7408957481384277,0.8553885221481323,0.9045634865760803,106.50860000168905,overlays\sad_030.png,,
sad_031,sad,sad/Training_23821588.jpg,d2990e10b7ba8511f9cf4eae64a6593a98723fbc6f145d2a2bd333daf73990f0,d2990e10b7ba8511f9cf4eae64a6593a98723fbc6f145d2a2bd333daf73990f0,True,48,48,0.0,0.0,47.0,47.0,True,106,106,1.0,96,0.9056603773584906,0.2,106,1.0,0.33089905977249146,0.4402638226747513,0.6504842638969421,0.6006925106048584,0.8966062963008881,1.0020039081573486,126.8173000025854,overlays\sad_031.png,,
sad_032,sad,sad/Training_46179653.jpg,4d5f18b799bf6e48120edb78e408ff1ec0f332d50dc3290257572bb734e5693a,4d5f18b799bf6e48120edb78e408ff1ec0f332d50dc3290257572bb734e5693a,True,48,48,0.0,0.0,47.0,47.0,True,106,106,1.0,89,0.839622641509434,0.2,106,1.0,0.31052547693252563,0.37379609048366547,0.5710728168487549,0.5497350692749023,0.8077790141105652,0.9364593029022217,112.67759999827831,overlays\sad_032.png,,
sad_033,sad,sad/Training_35577713.jpg,4f35033766ad74d031c63bc6b5ce201752d83b731676f37413aa944d41ee2803,4f35033766ad74d031c63bc6b5ce201752d83b731676f37413aa944d41ee2803,True,48,48,0.0,0.0,47.0,47.0,True,106,106,1.0,90,0.8490566037735849,0.2,106,1.0,0.3329123854637146,0.4362618923187256,0.6548754572868347,0.6157938241958618,0.9119988679885864,0.9611619710922241,108.49410000082571,overlays\sad_033.png,,
sad_034,sad,sad/Training_71584150.jpg,8170990b276355775ecf837be17bca76e46910454b3c4e2d558bfe7186eb61d9,8170990b276355775ecf837be17bca76e46910454b3c4e2d558bfe7186eb61d9,True,48,48,0.0,0.0,47.0,47.0,True,106,106,1.0,106,1.0,0.2,106,1.0,0.592212438583374,0.6785092949867249,0.8044354319572449,0.8151068687438965,0.8946722149848938,1.0685765743255615,111.95880000013858,overlays\sad_034.png,,
sad_035,sad,sad/Training_83687453.jpg,9ac4d4c67e0f6cc9eedbd0020b3f7a955ba611670434547575bd305ed261e46f,9ac4d4c67e0f6cc9eedbd0020b3f7a955ba611670434547575bd305ed261e46f,True,48,48,0.0,0.0,47.0,47.0,True,106,106,1.0,105,0.9905660377358491,0.2,106,1.0,0.21981891989707947,0.45684152841567993,0.6831914782524109,0.6935474872589111,0.9198657870292664,1.0310437679290771,108.60060000049998,overlays\sad_035.png,,
sad_036,sad,sad/Training_82887890.jpg,28be8e6568b9c5329e5e39d4a04c592bfc8f2828ba3022df59f08a11fb449c91,28be8e6568b9c5329e5e39d4a04c592bfc8f2828ba3022df59f08a11fb449c91,True,48,48,0.0,0.0,47.0,47.0,True,106,106,1.0,106,1.0,0.2,106,1.0,0.5967081189155579,0.6770158410072327,0.8043493628501892,0.8132936954498291,0.9113004803657532,0.9807751178741455,107.19030000109342,overlays\sad_036.png,,
sad_037,sad,sad/Training_42743536.jpg,b3801bd7c51256b6d522c62b63370b8659a33c6f0ea89d49fc165422bda10371,b3801bd7c51256b6d522c62b63370b8659a33c6f0ea89d49fc165422bda10371,True,48,48,0.0,0.0,47.0,47.0,True,106,106,1.0,106,1.0,0.2,106,1.0,0.46495363116264343,0.6212377846240997,0.7373055219650269,0.7522642016410828,0.836938738822937,0.9388724565505981,101.46929999973509,overlays\sad_037.png,,
sad_038,sad,sad/Training_70634821.jpg,843fe9c87701f6463ecbc20a423c1155865a507ae8043a6b03463aa5f85f8e17,843fe9c87701f6463ecbc20a423c1155865a507ae8043a6b03463aa5f85f8e17,True,48,48,0.0,0.0,47.0,47.0,True,106,106,1.0,106,1.0,0.2,106,1.0,0.5320812463760376,0.589384913444519,0.7377445101737976,0.7422938942909241,0.876192569732666,0.9543774127960205,109.31120000168448,overlays\sad_038.png,,
sad_039,sad,sad/Training_18843463.jpg,1a347effa7318d1d4578811b9c3b8a3f0c382cf35e9b1989ee38f8f26a8fa502,1a347effa7318d1d4578811b9c3b8a3f0c382cf35e9b1989ee38f8f26a8fa502,True,48,48,0.0,0.0,47.0,47.0,True,106,106,1.0,84,0.7924528301886793,0.2,103,0.9716981132075472,0.14716550707817078,0.32100625336170197,0.5586284399032593,0.5434175729751587,0.823642373085022,0.9190202355384827,105.59769999963464,overlays\sad_039.png,,
sad_040,sad,sad/Training_35315706.jpg,b5a1f76c61f864180cfc132ce3b47fed709705eabbda23f9f95fd1ed489cf7f1,b5a1f76c61f864180cfc132ce3b47fed709705eabbda23f9f95fd1ed489cf7f1,True,48,48,0.0,0.0,47.0,47.0,True,106,106,1.0,102,0.9622641509433962,0.2,99,0.9339622641509434,0.09481792896986008,0.2608627378940582,0.5191921591758728,0.5786386728286743,0.7174413800239563,0.7817122340202332,103.35400000258232,overlays\sad_040.png,,
sad_041,sad,sad/Training_66967267.jpg,d7bb06e5cca22ff13cb1331c8cd02958ea7f2ac986ce5a96218ec987c7328509,d7bb06e5cca22ff13cb1331c8cd02958ea7f2ac986ce5a96218ec987c7328509,True,48,48,0.0,0.0,47.0,47.0,True,106,106,1.0,90,0.8490566037735849,0.2,106,1.0,0.23304089903831482,0.4229520410299301,0.6129330992698669,0.582736611366272,0.8577915728092194,0.9462356567382812,104.3212999975367,overlays\sad_041.png,,
sad_042,sad,sad/Training_10248550.jpg,cb273dc27ff66ccb332711e4149e3ea5188af4d0897816ec896547efaf496cc6,cb273dc27ff66ccb332711e4149e3ea5188af4d0897816ec896547efaf496cc6,True,48,48,0.0,0.0,47.0,47.0,True,106,106,1.0,99,0.9339622641509434,0.2,106,1.0,0.40784940123558044,0.45731449127197266,0.6278685927391052,0.604346752166748,0.8165236711502075,0.9397082328796387,103.70640000110143,overlays\sad_042.png,,
sad_043,sad,sad/Training_68710853.jpg,0a1005adf6daf845f3285eb2548e1114f27318a0c6338641e1ed32b8c2b74ec4,0a1005adf6daf845f3285eb2548e1114f27318a0c6338641e1ed32b8c2b74ec4,True,48,48,0.0,0.0,47.0,47.0,True,106,106,1.0,96,0.9056603773584906,0.2,106,1.0,0.42000848054885864,0.5440708100795746,0.7297312021255493,0.7304090857505798,0.8955379724502563,0.980979323387146,123.81839999943622,overlays\sad_043.png,,
sad_044,sad,sad/Training_5015510.jpg,3d4a69725626badd68806fc9f5f74f8ea863d7156eff7e8b465048a92ca1be0d,3d4a69725626badd68806fc9f5f74f8ea863d7156eff7e8b465048a92ca1be0d,True,48,48,0.0,0.0,47.0,47.0,True,106,106,1.0,106,1.0,0.2,106,1.0,0.3683471381664276,0.49347899854183197,0.6562806367874146,0.6690974831581116,0.7827362418174744,0.8836369514465332,123.20179999733227,overlays\sad_044.png,,
sad_045,sad,sad/Training_78985679.jpg,90f07f16b5ec4a8df678d378a2195936964738f087836928836a7d3b3ad9370b,90f07f16b5ec4a8df678d378a2195936964738f087836928836a7d3b3ad9370b,True,48,48,0.0,0.0,47.0,47.0,True,106,106,1.0,99,0.9339622641509434,0.2,106,1.0,0.3996468782424927,0.5280053615570068,0.6785181164741516,0.6501335501670837,0.9099681973457336,0.947385311126709,115.66880000100355,overlays\sad_045.png,,
sad_046,sad,sad/Training_53308754.jpg,3899fc8d33e626124afca84fe1d803dfb967b4c17666b8d64eebb162f6014277,3899fc8d33e626124afca84fe1d803dfb967b4c17666b8d64eebb162f6014277,True,48,48,0.0,0.0,47.0,47.0,True,106,106,1.0,102,0.9622641509433962,0.2,106,1.0,0.41909825801849365,0.560937374830246,0.6962131857872009,0.6738451719284058,0.8422956764698029,0.9897957444190979,119.37859999670764,overlays\sad_046.png,,
sad_047,sad,sad/Training_73913636.jpg,fb3a0b45b60edad1426f52c04dbcad981351efa67677387cac13e45155f40d91,fb3a0b45b60edad1426f52c04dbcad981351efa67677387cac13e45155f40d91,True,48,48,0.0,0.0,47.0,47.0,True,106,106,1.0,106,1.0,0.2,106,1.0,0.4092474579811096,0.5212262272834778,0.6441217064857483,0.6078397035598755,0.8271956741809845,0.8793805837631226,118.13270000129705,overlays\sad_047.png,,
sad_048,sad,sad/Training_94893745.jpg,0375cb5a3dfbb16850814328e6ee17f8be87907f10d5476f9e10cd3ce2914db5,0375cb5a3dfbb16850814328e6ee17f8be87907f10d5476f9e10cd3ce2914db5,True,48,48,0.0,0.0,47.0,47.0,True,106,106,1.0,92,0.8679245283018868,0.2,106,1.0,0.30122196674346924,0.3601588308811188,0.5585986375808716,0.5472921133041382,0.7798576354980469,0.8806626796722412,119.40749999848776,overlays\sad_048.png,,
sad_049,sad,sad/Training_83779952.jpg,fb962f56f3e82cdc28a3baa470345a3f2177e2d07eea793010dace486e702939,fb962f56f3e82cdc28a3baa470345a3f2177e2d07eea793010dace486e702939,True,48,48,0.0,0.0,47.0,47.0,True,106,106,1.0,93,0.8773584905660378,0.2,106,1.0,0.3202663064002991,0.4288111627101898,0.5425822138786316,0.5393085479736328,0.6779556572437286,0.7556232213973999,133.79970000096364,overlays\sad_049.png,,
sad_050,sad,sad/Training_33580964.jpg,276745222dc19c4d03716d04a7a9ec3a82fa5f42448602ed0126310b613912f1,276745222dc19c4d03716d04a7a9ec3a82fa5f42448602ed0126310b613912f1,True,48,48,0.0,0.0,47.0,47.0,True,106,106,1.0,106,1.0,0.2,106,1.0,0.5124242901802063,0.570539265871048,0.7406826615333557,0.7662128210067749,0.8911132216453552,0.9761746525764465,110.57520000031218,overlays\sad_050.png,,
surprise_001,surprise,surprise/Training_31893733.jpg,a56d5ac7a7e70fc2651ca58dc19f03bbddb2c67771cc2b6b2196163d212dca94,a56d5ac7a7e70fc2651ca58dc19f03bbddb2c67771cc2b6b2196163d212dca94,True,48,48,0.0,0.0,47.0,47.0,True,106,106,1.0,75,0.7075471698113207,0.2,106,1.0,0.22477436065673828,0.3230675011873245,0.522317111492157,0.48189932107925415,0.7733261585235596,0.9044048190116882,115.1809000002686,overlays\surprise_001.png,,
surprise_002,surprise,surprise/Training_4473463.jpg,de7344837ad48ec32ead92101ea3da797a2b47c309d7c4a42105cd5a459a5b7b,de7344837ad48ec32ead92101ea3da797a2b47c309d7c4a42105cd5a459a5b7b,True,48,48,0.0,0.0,47.0,47.0,True,106,106,1.0,95,0.8962264150943396,0.2,106,1.0,0.2766073942184448,0.37630772590637207,0.6090654134750366,0.5939719676971436,0.8018206059932709,0.9228469133377075,117.58890000055544,overlays\surprise_002.png,,
surprise_003,surprise,surprise/Training_35123949.jpg,dc6d180488b57e702b8c69b38d11a88cfeb02a16f35d49219338453a7ec116c7,dc6d180488b57e702b8c69b38d11a88cfeb02a16f35d49219338453a7ec116c7,True,48,48,0.0,0.0,47.0,47.0,True,106,106,1.0,101,0.9528301886792453,0.2,106,1.0,0.5578843355178833,0.6510347425937653,0.7642194032669067,0.7524120807647705,0.9254514276981354,1.0048549175262451,111.17690000173752,overlays\surprise_003.png,,
surprise_004,surprise,surprise/Training_16805119.jpg,a1f089ea13c1d979d734cd78ba84cd6e43c450f489a6d93bdabb7c15a19ea22d,a1f089ea13c1d979d734cd78ba84cd6e43c450f489a6d93bdabb7c15a19ea22d,True,48,48,0.0,0.0,47.0,47.0,True,106,106,1.0,106,1.0,0.2,106,1.0,0.5951284766197205,0.6571056544780731,0.7535913586616516,0.751739501953125,0.862016499042511,0.9751312136650085,109.25640000277781,overlays\surprise_004.png,,
surprise_005,surprise,surprise/Training_76520230.jpg,00f273bd125947b5926072f4f30ac04560ab8a175482f0ad2916ed9335d9edda,00f273bd125947b5926072f4f30ac04560ab8a175482f0ad2916ed9335d9edda,True,48,48,0.0,0.0,47.0,47.0,True,106,106,1.0,87,0.8207547169811321,0.2,106,1.0,0.3503601551055908,0.39655983448028564,0.5732464790344238,0.5461326241493225,0.7985846698284149,0.8811393976211548,109.24939999677008,overlays\surprise_005.png,,
surprise_006,surprise,surprise/Training_95558533.jpg,88257cf0d595df3cab8af92213bae78f9de75c71525925759caa7d5c352814e7,88257cf0d595df3cab8af92213bae78f9de75c71525925759caa7d5c352814e7,True,48,48,0.0,0.0,47.0,47.0,True,106,106,1.0,76,0.7169811320754716,0.2,106,1.0,0.5038492679595947,0.5758865177631378,0.7280661463737488,0.7500009536743164,0.8567478656768799,0.9270244836807251,109.61899999892921,overlays\surprise_006.png,,
surprise_007,surprise,surprise/Training_72622725.jpg,dfcfee3b43222694ab037054a733dcab425118aeb831787de3f71174e1feb001,dfcfee3b43222694ab037054a733dcab425118aeb831787de3f71174e1feb001,True,48,48,0.0,0.0,47.0,47.0,True,106,106,1.0,86,0.8113207547169812,0.2,106,1.0,0.2721797227859497,0.3600185662508011,0.5772446393966675,0.562349796295166,0.8267808556556702,0.9586613774299622,110.73730000134674,overlays\surprise_007.png,,
surprise_008,surprise,surprise/Training_17108365.jpg,a6ad2426e4698e9a1376d0af3ef4d66d0606b75ab66d34645b6f7cae9ce1e57d,a6ad2426e4698e9a1376d0af3ef4d66d0606b75ab66d34645b6f7cae9ce1e57d,True,48,48,0.0,0.0,47.0,47.0,True,106,106,1.0,91,0.8584905660377359,0.2,106,1.0,0.3540337085723877,0.45430514216423035,0.5926370024681091,0.5846865773200989,0.771790087223053,0.8183379173278809,108.26610000003711,overlays\surprise_008.png,,
surprise_009,surprise,surprise/Training_97149632.jpg,05dc63050306754ae85b353d933ba805e4acb3215c5a17606d99f660ac1e3049,05dc63050306754ae85b353d933ba805e4acb3215c5a17606d99f660ac1e3049,True,48,48,0.0,0.0,47.0,47.0,True,106,106,1.0,91,0.8584905660377359,0.2,106,1.0,0.5614218711853027,0.590644121170044,0.6787970662117004,0.6618446707725525,0.8144140839576721,0.9230082631111145,111.63999999916996,overlays\surprise_009.png,,
surprise_010,surprise,surprise/Training_46829487.jpg,a61ce0969cd32aa8b61a82651b72ea9ea24f695937ef76a34a88f3fafd4084b2,a61ce0969cd32aa8b61a82651b72ea9ea24f695937ef76a34a88f3fafd4084b2,True,48,48,0.0,0.0,47.0,47.0,True,106,106,1.0,97,0.9150943396226415,0.2,106,1.0,0.32093262672424316,0.4914509207010269,0.6465703248977661,0.641890287399292,0.8333346247673035,0.8797327280044556,115.71750000075554,overlays\surprise_010.png,,
surprise_011,surprise,surprise/Training_16672930.jpg,b11d93d598e2de22cf3090af16b63009fc2f90cb55067a49a0ab372d02622166,b11d93d598e2de22cf3090af16b63009fc2f90cb55067a49a0ab372d02622166,True,48,48,0.0,0.0,47.0,47.0,True,106,106,1.0,102,0.9622641509433962,0.2,106,1.0,0.4787457585334778,0.5678006708621979,0.7170993685722351,0.6955323219299316,0.908495306968689,0.9980523586273193,109.20640000040294,overlays\surprise_011.png,,
surprise_012,surprise,surprise/Training_15934906.jpg,50684d753fc7ebdb11926656cf2144a441aca486b55d289597279cd759a23724,50684d753fc7ebdb11926656cf2144a441aca486b55d289597279cd759a23724,True,48,48,0.0,0.0,47.0,47.0,True,106,106,1.0,95,0.8962264150943396,0.2,106,1.0,0.2853633165359497,0.4013608247041702,0.604047954082489,0.5953662395477295,0.8204616904258728,0.9227408170700073,120.89799999739625,overlays\surprise_012.png,,
surprise_013,surprise,surprise/Training_76930529.jpg,630f5084adeab48fdae9de599b9f1b525c5a84f0acf9729ff119e06cfbeaeb85,630f5084adeab48fdae9de599b9f1b525c5a84f0acf9729ff119e06cfbeaeb85,True,48,48,0.0,0.0,47.0,47.0,True,106,106,1.0,106,1.0,0.2,106,1.0,0.5799069404602051,0.6190549731254578,0.746374785900116,0.7370266914367676,0.9089099168777466,0.9581117630004883,115.54000000251108,overlays\surprise_013.png,,
surprise_014,surprise,surprise/Training_65907119.jpg,0faf896b3e2492ac660dfe3bb07d01b5d19fbc226ff50d42a2b6af614ebab98a,0faf896b3e2492ac660dfe3bb07d01b5d19fbc226ff50d42a2b6af614ebab98a,True,48,48,0.0,0.0,47.0,47.0,True,106,106,1.0,86,0.8113207547169812,0.2,106,1.0,0.296993613243103,0.35636472702026367,0.5524348616600037,0.5212299823760986,0.7957765161991119,0.8846816420555115,138.37150000108522,overlays\surprise_014.png,,
surprise_015,surprise,surprise/Training_68296400.jpg,6a5dedfbcc232ae71d259ce6c23b2a266e6fd0bca0caf0574aea5947455374a2,6a5dedfbcc232ae71d259ce6c23b2a266e6fd0bca0caf0574aea5947455374a2,True,48,48,0.0,0.0,47.0,47.0,True,106,106,1.0,98,0.9245283018867925,0.2,106,1.0,0.4143418073654175,0.5029279291629791,0.640356183052063,0.6236560940742493,0.8079849779605865,0.8688851594924927,120.90130000069621,overlays\surprise_015.png,,
surprise_016,surprise,surprise/Training_71104025.jpg,89ece34d5496e8c9dad00d6cb3b28d9dd9f74e5749b96666b21139ce57803082,89ece34d5496e8c9dad00d6cb3b28d9dd9f74e5749b96666b21139ce57803082,True,48,48,0.0,0.0,47.0,47.0,True,106,106,1.0,92,0.8679245283018868,0.2,106,1.0,0.35186612606048584,0.4481905698776245,0.5923876762390137,0.5716273784637451,0.8019377589225769,0.8570528030395508,130.48479999997653,overlays\surprise_016.png,,
surprise_017,surprise,surprise/Training_28461604.jpg,697f7533a654832f20ab19cceea5c17ae82f705ac772888c8a93694441dea9f4,697f7533a654832f20ab19cceea5c17ae82f705ac772888c8a93694441dea9f4,True,48,48,0.0,0.0,47.0,47.0,True,106,106,1.0,101,0.9528301886792453,0.2,106,1.0,0.36430859565734863,0.5896555185317993,0.7262730002403259,0.7362990379333496,0.8513650894165039,0.9003424644470215,115.76240000067628,overlays\surprise_017.png,,
surprise_018,surprise,surprise/Training_16602311.jpg,ccc71f8a07424f388f33dde538f0317b3ac6c10c3ece406cf7cf4fe2e0065403,ccc71f8a07424f388f33dde538f0317b3ac6c10c3ece406cf7cf4fe2e0065403,True,48,48,0.0,0.0,47.0,47.0,True,106,106,1.0,95,0.8962264150943396,0.2,106,1.0,0.5927122831344604,0.6566018760204315,0.7652488350868225,0.7604027390480042,0.8965543508529663,0.9384786486625671,116.10780000046361,overlays\surprise_018.png,,
surprise_019,surprise,surprise/Training_68747987.jpg,94a91510d2ee5e3273b4d18a56605a81627bd48ba2ab41265c456287c6978fc3,94a91510d2ee5e3273b4d18a56605a81627bd48ba2ab41265c456287c6978fc3,True,48,48,0.0,0.0,47.0,47.0,True,106,106,1.0,98,0.9245283018867925,0.2,106,1.0,0.4559551775455475,0.5087705552577972,0.6400788426399231,0.636935293674469,0.8205007910728455,0.9009336233139038,114.84560000099009,overlays\surprise_019.png,,
surprise_020,surprise,surprise/Training_18954209.jpg,f77ac83eb86ce61e62c560f796f56d34d42db5955ccccac34a7059491df79a39,f77ac83eb86ce61e62c560f796f56d34d42db5955ccccac34a7059491df79a39,True,48,48,0.0,0.0,47.0,47.0,True,106,106,1.0,91,0.8584905660377359,0.2,106,1.0,0.29749706387519836,0.38216087222099304,0.5590174198150635,0.5574076175689697,0.7591112554073334,0.8728386163711548,107.59220000181813,overlays\surprise_020.png,,
surprise_021,surprise,surprise/Training_31559799.jpg,5cff628e17f9b4bc111573960837e6e95c411ad722bbecf8fc9d11b4843f079a,5cff628e17f9b4bc111573960837e6e95c411ad722bbecf8fc9d11b4843f079a,True,48,48,0.0,0.0,47.0,47.0,True,106,106,1.0,103,0.9716981132075472,0.2,106,1.0,0.581926703453064,0.6234596371650696,0.7314338088035583,0.7325255870819092,0.8478122353553772,0.9493762850761414,124.2138999987219,overlays\surprise_021.png,,
surprise_022,surprise,surprise/Training_17771777.jpg,754122b558e8357a50450acf1b5d0bf52929cc861d2191aaffaf56afce472e26,754122b558e8357a50450acf1b5d0bf52929cc861d2191aaffaf56afce472e26,True,48,48,0.0,0.0,47.0,47.0,True,106,106,1.0,106,1.0,0.2,106,1.0,0.34639549255371094,0.42235851287841797,0.6471773386001587,0.6391298174858093,0.8403400480747223,0.9452350735664368,111.87869999776012,overlays\surprise_022.png,,
surprise_023,surprise,surprise/Training_78150560.jpg,4a865bf83c29319aa60975caa76682193f7c9decf5bc5f815b60a6b1075f0dca,4a865bf83c29319aa60975caa76682193f7c9decf5bc5f815b60a6b1075f0dca,True,48,48,0.0,0.0,47.0,47.0,True,106,106,1.0,98,0.9245283018867925,0.2,106,1.0,0.5199110507965088,0.5800066292285919,0.6859304308891296,0.669903039932251,0.8367381691932678,0.9115699529647827,108.90339999969001,overlays\surprise_023.png,,
surprise_024,surprise,surprise/Training_17718809.jpg,6cf637f9f28b23a13b8f00dcce1551e2f76f0313e0efbfee8fc2a4bc4f4dd0cb,6cf637f9f28b23a13b8f00dcce1551e2f76f0313e0efbfee8fc2a4bc4f4dd0cb,True,48,48,0.0,0.0,47.0,47.0,True,106,106,1.0,106,1.0,0.2,106,1.0,0.5410778522491455,0.6101502776145935,0.7525517344474792,0.7617346048355103,0.8838777542114258,1.029740333557129,111.22189999878174,overlays\surprise_024.png,,
surprise_025,surprise,surprise/Training_88092704.jpg,943009c6bf2d613ba2dd2a589453c506c467c2f2483c7ad940b8f47505524283,943009c6bf2d613ba2dd2a589453c506c467c2f2483c7ad940b8f47505524283,True,48,48,0.0,0.0,47.0,47.0,True,106,106,1.0,93,0.8773584905660378,0.2,106,1.0,0.30225783586502075,0.427344411611557,0.5916829109191895,0.5762652158737183,0.8065312802791595,0.8544958829879761,113.20139999952517,overlays\surprise_025.png,,
surprise_026,surprise,surprise/Training_37479297.jpg,fb2a6f18f285dc54b76dc753e358f5d9579729da198546973300a999935a9912,fb2a6f18f285dc54b76dc753e358f5d9579729da198546973300a999935a9912,True,48,48,0.0,0.0,47.0,47.0,True,106,106,1.0,98,0.9245283018867925,0.2,106,1.0,0.3127031624317169,0.3981948643922806,0.5849717259407043,0.5654537677764893,0.8057553768157959,0.888617992401123,116.50820000068052,overlays\surprise_026.png,,
surprise_027,surprise,surprise/Training_57636357.jpg,53cc4575dfea9ff14fdbc2ad8b1f92c32a24e80bbff6994837dc3113cf48b4d1,53cc4575dfea9ff14fdbc2ad8b1f92c32a24e80bbff6994837dc3113cf48b4d1,True,48,48,0.0,0.0,47.0,47.0,True,106,106,1.0,101,0.9528301886792453,0.2,106,1.0,0.41899240016937256,0.46853309869766235,0.5984347462654114,0.5875740051269531,0.7834706902503967,0.8666834831237793,111.78920000020298,overlays\surprise_027.png,,
surprise_028,surprise,surprise/Training_23930604.jpg,a6dd818fa3ee60cae569a91a9b937542bd2ca7b4eab6123bda8baae88e1c9d6c,a6dd818fa3ee60cae569a91a9b937542bd2ca7b4eab6123bda8baae88e1c9d6c,True,48,48,0.0,0.0,47.0,47.0,True,106,106,1.0,99,0.9339622641509434,0.2,106,1.0,0.4172554612159729,0.47642606496810913,0.5826018452644348,0.5763822793960571,0.7452958226203918,0.8215650916099548,119.86539999998058,overlays\surprise_028.png,,
surprise_029,surprise,surprise/Training_75662418.jpg,927dc1c158801e33cfb058d0dd782fd87233105b381674ce743c8a0a5a61a946,927dc1c158801e33cfb058d0dd782fd87233105b381674ce743c8a0a5a61a946,True,48,48,0.0,0.0,47.0,47.0,True,106,106,1.0,106,1.0,0.2,106,1.0,0.5367532968521118,0.6127330362796783,0.7348284721374512,0.7425522804260254,0.8785703778266907,0.9323943853378296,126.83330000072601,overlays\surprise_029.png,,
surprise_030,surprise,surprise/Training_38697129.jpg,52a1f34e91adf6bbf30896830309300a78d570d776349b96b85eef6e9eb49165,52a1f34e91adf6bbf30896830309300a78d570d776349b96b85eef6e9eb49165,True,48,48,0.0,0.0,47.0,47.0,True,106,106,1.0,106,1.0,0.2,106,1.0,0.49534910917282104,0.6141571402549744,0.7322860360145569,0.7367430329322815,0.8685024082660675,0.9960267543792725,111.10800000096788,overlays\surprise_030.png,,
surprise_031,surprise,surprise/Training_76519158.jpg,ab41124370fe2af6bf4b11ebd0a554363016a7d5aa78642ca7d97b84d67c72b9,ab41124370fe2af6bf4b11ebd0a554363016a7d5aa78642ca7d97b84d67c72b9,True,48,48,0.0,0.0,47.0,47.0,True,106,106,1.0,89,0.839622641509434,0.2,106,1.0,0.4065854549407959,0.4764348417520523,0.5950021743774414,0.5737465023994446,0.7485436201095581,0.8635620474815369,108.74270000203978,overlays\surprise_031.png,,
surprise_032,surprise,surprise/Training_78119452.jpg,f55eac67bef13ecef9c5a8bf5dab2df185e51d39e462bd8a733f18ba3da2b211,f55eac67bef13ecef9c5a8bf5dab2df185e51d39e462bd8a733f18ba3da2b211,True,48,48,0.0,0.0,47.0,47.0,True,106,106,1.0,82,0.7735849056603774,0.2,106,1.0,0.20939461886882782,0.3202815502882004,0.5004827380180359,0.47222304344177246,0.7454288601875305,0.7946755886077881,111.221300001489,overlays\surprise_032.png,,
surprise_033,surprise,surprise/Training_14413710.jpg,626bfa77d4ed117cc4d03a138d6c53c02fce8c6336584c6c169d652ddbdf6d88,626bfa77d4ed117cc4d03a138d6c53c02fce8c6336584c6c169d652ddbdf6d88,True,48,48,0.0,0.0,47.0,47.0,True,106,106,1.0,98,0.9245283018867925,0.2,106,1.0,0.3696611821651459,0.47661952674388885,0.6681827902793884,0.6323619484901428,0.8880461156368256,0.9447835683822632,109.62019999715267,overlays\surprise_033.png,,
surprise_034,surprise,surprise/Training_80844522.jpg,7e1e19f846af122c50452e4b61ca56238746f94913b6edfb94e5ae864cce20d9,7e1e19f846af122c50452e4b61ca56238746f94913b6edfb94e5ae864cce20d9,True,48,48,0.0,0.0,47.0,47.0,True,106,106,1.0,97,0.9150943396226415,0.2,106,1.0,0.4070313572883606,0.487177312374115,0.6164401769638062,0.5954455137252808,0.7921122610569,0.8819453716278076,114.79920000056154,overlays\surprise_034.png,,
surprise_035,surprise,surprise/Training_19085888.jpg,2e87001ba0b104e5b5eb7e2000e05befb91c5c8771085e6c61bc8ac78457eb6b,2e87001ba0b104e5b5eb7e2000e05befb91c5c8771085e6c61bc8ac78457eb6b,True,48,48,0.0,0.0,47.0,47.0,True,106,106,1.0,98,0.9245283018867925,0.2,106,1.0,0.47051751613616943,0.5509168207645416,0.6587364673614502,0.6588314771652222,0.7965238690376282,0.8962520360946655,130.22609999825363,overlays\surprise_035.png,,
surprise_036,surprise,surprise/Training_59291103.jpg,726a99ff8d7eec7751df0149f4a0d1fb2b4755b4a4e97a93293aa40ca0fbd125,726a99ff8d7eec7751df0149f4a0d1fb2b4755b4a4e97a93293aa40ca0fbd125,True,48,48,0.0,0.0,47.0,47.0,True,106,106,1.0,100,0.9433962264150944,0.2,106,1.0,0.5074824690818787,0.5716771483421326,0.7065051198005676,0.7051975727081299,0.8586469292640686,0.9071415662765503,107.1644000003289,overlays\surprise_036.png,,
surprise_037,surprise,surprise/Training_86136797.jpg,f6a4b9daa594f9f6be3af5b2e336d9ede5b129e7c9e072df6b62817804fa6c3d,f6a4b9daa594f9f6be3af5b2e336d9ede5b129e7c9e072df6b62817804fa6c3d,True,48,48,0.0,0.0,47.0,47.0,True,106,106,1.0,92,0.8679245283018868,0.2,106,1.0,0.41648176312446594,0.5171668827533722,0.6467950940132141,0.6638128757476807,0.7394765615463257,0.8547812104225159,106.77599999689846,overlays\surprise_037.png,,
surprise_038,surprise,surprise/Training_76908795.jpg,f816b28244ed5c95d97d21f97a22d0984912055dfa957727624337177a8b4df5,f816b28244ed5c95d97d21f97a22d0984912055dfa957727624337177a8b4df5,True,48,48,0.0,0.0,47.0,47.0,True,106,106,1.0,106,1.0,0.2,106,1.0,0.4473417401313782,0.527204155921936,0.7169591188430786,0.7010037899017334,0.9280911684036255,0.9959203004837036,107.40420000001905,overlays\surprise_038.png,,
surprise_039,surprise,surprise/Training_7511268.jpg,6427687e86ad548b3b18e27e3cc569e494f9b896572fe499450654c12d0d6393,6427687e86ad548b3b18e27e3cc569e494f9b896572fe499450654c12d0d6393,True,48,48,0.0,0.0,47.0,47.0,True,106,106,1.0,96,0.9056603773584906,0.2,106,1.0,0.3326638638973236,0.4405524581670761,0.5872033834457397,0.5465872287750244,0.792752593755722,0.8565223217010498,103.28719999961322,overlays\surprise_039.png,,
surprise_040,surprise,surprise/Training_7036747.jpg,8a0c8326d52ee3d3ae5d3968f341455513a3f74e3d9c4933d8f428e640ee6d2e,8a0c8326d52ee3d3ae5d3968f341455513a3f74e3d9c4933d8f428e640ee6d2e,True,48,48,0.0,0.0,47.0,47.0,True,106,106,1.0,97,0.9150943396226415,0.2,106,1.0,0.41189485788345337,0.5406225323677063,0.6712867021560669,0.6475461721420288,0.8471241295337677,0.9299002885818481,99.6889000016381,overlays\surprise_040.png,,
surprise_041,surprise,surprise/Training_47106157.jpg,8bc0a7560bcd6c2ea5ca09015e376c507097592ce5c989353b901d77e3b9ce95,8bc0a7560bcd6c2ea5ca09015e376c507097592ce5c989353b901d77e3b9ce95,True,48,48,0.0,0.0,47.0,47.0,True,106,106,1.0,95,0.8962264150943396,0.2,106,1.0,0.3590478301048279,0.42619070410728455,0.5978929996490479,0.5592852830886841,0.8157699406147003,0.8698062896728516,101.00710000187973,overlays\surprise_041.png,,
surprise_042,surprise,surprise/Training_40751582.jpg,2497cba5baf247654dd6f1ddd1a51f68f1939c8fa50a095e0a987439cbb65921,2497cba5baf247654dd6f1ddd1a51f68f1939c8fa50a095e0a987439cbb65921,True,48,48,0.0,0.0,47.0,47.0,True,106,106,1.0,106,1.0,0.2,106,1.0,0.2741152048110962,0.4430873245000839,0.6107000112533569,0.6259282231330872,0.821247398853302,0.85350501537323,120.49079999997048,overlays\surprise_042.png,,
surprise_043,surprise,surprise/Training_33638568.jpg,7a127d2396ac2ece59390cee8c1b69aaa1c2daa35f1704c14bae0274bcbfbaa4,7a127d2396ac2ece59390cee8c1b69aaa1c2daa35f1704c14bae0274bcbfbaa4,True,48,48,0.0,0.0,47.0,47.0,True,106,106,1.0,88,0.8301886792452831,0.2,106,1.0,0.3936755359172821,0.49944867193698883,0.6261143088340759,0.5921172499656677,0.8172399997711182,0.9351167678833008,114.08559999836143,overlays\surprise_043.png,,
surprise_044,surprise,surprise/Training_87607009.jpg,7547a385bb946bfc4484fd20327581c2e1666a4041810e29464b3a419cc3906d,7547a385bb946bfc4484fd20327581c2e1666a4041810e29464b3a419cc3906d,True,48,48,0.0,0.0,47.0,47.0,True,106,106,1.0,100,0.9433962264150944,0.2,106,1.0,0.39045238494873047,0.4667912721633911,0.6360090970993042,0.6205281615257263,0.8486101031303406,0.9413894414901733,103.02329999831272,overlays\surprise_044.png,,
surprise_045,surprise,surprise/Training_92701859.jpg,9c50800bf71f2e949bfd6377d9f0cecf6fa24b2dacb8e811d7d737620767f8ea,9c50800bf71f2e949bfd6377d9f0cecf6fa24b2dacb8e811d7d737620767f8ea,True,48,48,0.0,0.0,47.0,47.0,True,106,106,1.0,88,0.8301886792452831,0.2,106,1.0,0.4735506772994995,0.5333155393600464,0.6662409901618958,0.6594789624214172,0.8356567621231079,0.9564452171325684,110.10049999822513,overlays\surprise_045.png,,
surprise_046,surprise,surprise/Training_46869051.jpg,28433049fbdea8b84a4f29fc729dbdc47293ac40f6be666e6ba8cc57e9c56b5e,28433049fbdea8b84a4f29fc729dbdc47293ac40f6be666e6ba8cc57e9c56b5e,True,48,48,0.0,0.0,47.0,47.0,True,106,106,1.0,96,0.9056603773584906,0.2,106,1.0,0.31395941972732544,0.4206763058900833,0.6096051335334778,0.5821671485900879,0.8508320450782776,0.9225165843963623,107.11829999854672,overlays\surprise_046.png,,
surprise_047,surprise,surprise/Training_37791518.jpg,fdc63c51ac0d9fe654a1ff351c42ae63e62da1bb504aa67685527159a977789c,fdc63c51ac0d9fe654a1ff351c42ae63e62da1bb504aa67685527159a977789c,True,48,48,0.0,0.0,47.0,47.0,True,106,106,1.0,90,0.8490566037735849,0.2,106,1.0,0.21805354952812195,0.3284672945737839,0.5976677536964417,0.5988357067108154,0.867324024438858,0.9332951307296753,97.64090000317083,overlays\surprise_047.png,,
surprise_048,surprise,surprise/Training_41150203.jpg,96990c07300d5249fbc36cb27019a1bfc1f8998740034bb16551a17112e8553b,96990c07300d5249fbc36cb27019a1bfc1f8998740034bb16551a17112e8553b,True,48,48,0.0,0.0,47.0,47.0,True,106,106,1.0,89,0.839622641509434,0.2,106,1.0,0.30444133281707764,0.4088662415742874,0.6194295287132263,0.6085221171379089,0.8629595339298248,0.9289883375167847,102.4660999974003,overlays\surprise_048.png,,
surprise_049,surprise,surprise/Training_56736326.jpg,13f538f51bec7eadcc7f02c9917fdbf86b9687f9ce7e70f2097d07a5c83a3c96,13f538f51bec7eadcc7f02c9917fdbf86b9687f9ce7e70f2097d07a5c83a3c96,True,48,48,0.0,0.0,47.0,47.0,True,106,106,1.0,97,0.9150943396226415,0.2,106,1.0,0.35908249020576477,0.4290192127227783,0.6237743496894836,0.6145535707473755,0.8294335603713989,0.8967477083206177,107.81080000015208,overlays\surprise_049.png,,
surprise_050,surprise,surprise/Training_25729700.jpg,9881f1f3e10c9141b8273cb4cfcafa67258ea4ba476d2e5ef6ab001f894f5f6f,9881f1f3e10c9141b8273cb4cfcafa67258ea4ba476d2e5ef6ab001f894f5f6f,True,48,48,0.0,0.0,47.0,47.0,True,106,106,1.0,106,1.0,0.2,106,1.0,0.6484630107879639,0.7064307034015656,0.812192440032959,0.7968814373016357,0.9392591118812561,1.025757074356079,106.0985999974946,overlays\surprise_050.png,,
