sample_id,class_name,relative_path,manifest_sha256,computed_sha256,sha256_match,image_width,image_height,bbox_x1,bbox_y1,bbox_x2,bbox_y2,inference_success,num_keypoints,finite_keypoints,finite_rate,in_bounds_keypoints,in_bounds_rate,score_threshold,visible_keypoints,visible_rate,score_min,score_p10,score_mean,score_median,score_p90,score_max,inference_ms,overlay_path,error_type,error_message
angry_001,angry,angry/Training_69562893.jpg,1a1babb285cad01d5437b95bba7826a13d083654122146623f2ba59b38a1242e,1a1babb285cad01d5437b95bba7826a13d083654122146623f2ba59b38a1242e,True,48,48,0.0,0.0,47.0,47.0,True,68,68,1.0,68,1.0,0.2,68,1.0,0.5416885614395142,0.6515507221221923,0.733740508556366,0.7322961091995239,0.8237418353557586,0.8876328468322754,152.81059999688296,overlays\angry_001.png,,
angry_002,angry,angry/Training_20445632.jpg,5839d23673bbd32b859f31fbeead6c2d4c258faa6e8b086f5640602e7a453e67,5839d23673bbd32b859f31fbeead6c2d4c258faa6e8b086f5640602e7a453e67,True,48,48,0.0,0.0,47.0,47.0,True,68,68,1.0,68,1.0,0.2,68,1.0,0.6833959817886353,0.746262502670288,0.824140191078186,0.831950843334198,0.8766726136207581,0.9188989400863647,213.4267000001273,overlays\angry_002.png,,
angry_003,angry,angry/Training_12604769.jpg,05ae396016b0dd5627e6eaecc8d8b7b3571db86ece16b4c58396ea741897503a,05ae396016b0dd5627e6eaecc8d8b7b3571db86ece16b4c58396ea741897503a,True,48,48,0.0,0.0,47.0,47.0,True,68,68,1.0,68,1.0,0.2,68,1.0,0.667522132396698,0.7795577645301819,0.8248856663703918,0.8300718069076538,0.8715462863445282,0.906295120716095,157.19569999782834,overlays\angry_003.png,,
angry_004,angry,angry/Training_79059604.jpg,a3a0c81ed84d402aec9d37df1cb4baac93d61d738f964ef140c0bdb0402798fc,a3a0c81ed84d402aec9d37df1cb4baac93d61d738f964ef140c0bdb0402798fc,True,48,48,0.0,0.0,47.0,47.0,True,68,68,1.0,68,1.0,0.2,68,1.0,0.6771537661552429,0.7298633635044098,0.7996634244918823,0.8041477203369141,0.8613552808761596,0.8846151232719421,155.58530000271276,overlays\angry_004.png,,
angry_005,angry,angry/Training_35447240.jpg,6cbd7c0ec7e1920a8f83c2947c646f204e8e28c1e04f20d50e92353a2c9985d4,6cbd7c0ec7e1920a8f83c2947c646f204e8e28c1e04f20d50e92353a2c9985d4,True,48,48,0.0,0.0,47.0,47.0,True,68,68,1.0,68,1.0,0.2,68,1.0,0.6632956862449646,0.7646234154701232,0.830368161201477,0.8332220911979675,0.88752960562706,0.9250962138175964,181.45630000071833,overlays\angry_005.png,,
angry_006,angry,angry/Training_32583157.jpg,b98d793c2740367e8de81e5d5596f344215cb61219306605cde326fa7a0ca4bc,b98d793c2740367e8de81e5d5596f344215cb61219306605cde326fa7a0ca4bc,True,48,48,0.0,0.0,47.0,47.0,True,68,68,1.0,68,1.0,0.2,68,1.0,0.6937178373336792,0.7449649274349213,0.8071947693824768,0.8089227676391602,0.8620452880859375,0.9132861495018005,194.80099999782396,overlays\angry_006.png,,
angry_007,angry,angry/Training_30549878.jpg,5e089a6db4bb060b94c2b746c393ab61e0a0b22f04290781705154ac854d8ddc,5e089a6db4bb060b94c2b746c393ab61e0a0b22f04290781705154ac854d8ddc,True,48,48,0.0,0.0,47.0,47.0,True,68,68,1.0,68,1.0,0.2,68,1.0,0.7297709584236145,0.766870665550232,0.8428590893745422,0.8545501232147217,0.892234456539154,0.9141997694969177,168.6522999953013,overlays\angry_007.png,,
angry_008,angry,angry/Training_23065708.jpg,b3c5d885833a4ffc9c15024577b7147276ea056d40617a527f1c82b36942f429,b3c5d885833a4ffc9c15024577b7147276ea056d40617a527f1c82b36942f429,True,48,48,0.0,0.0,47.0,47.0,True,68,68,1.0,68,1.0,0.2,68,1.0,0.4806542694568634,0.7460906207561493,0.8207717537879944,0.8409167528152466,0.8776913940906524,0.9106926321983337,159.47469999809982,overlays\angry_008.png,,
angry_009,angry,angry/Training_7865887.jpg,bf380f91472cbd2b06b621523c541d8cc4a8ec5fe930ed24b58c1be3b18f1fe9,bf380f91472cbd2b06b621523c541d8cc4a8ec5fe930ed24b58c1be3b18f1fe9,True,48,48,0.0,0.0,47.0,47.0,True,68,68,1.0,68,1.0,0.2,68,1.0,0.5888027548789978,0.6730504870414734,0.780728280544281,0.799392580986023,0.8534808278083802,0.8900413513183594,174.7557999988203,overlays\angry_009.png,,
angry_010,angry,angry/Training_19595003.jpg,cfb50fc30e59307b2e9a406179f325067117be993e37b07f34cae0adebf08d9c,cfb50fc30e59307b2e9a406179f325067117be993e37b07f34cae0adebf08d9c,True,48,48,0.0,0.0,47.0,47.0,True,68,68,1.0,67,0.9852941176470589,0.2,68,1.0,0.6323605179786682,0.7732231140136718,0.8204666376113892,0.8283131122589111,0.8707395076751709,0.8815305233001709,153.89340000547236,overlays\angry_010.png,,
angry_011,angry,angry/Training_72939025.jpg,33541ee71d63d5395cd67defab891e53328f9679a5807d733bdf298886535d60,33541ee71d63d5395cd67defab891e53328f9679a5807d733bdf298886535d60,True,48,48,0.0,0.0,47.0,47.0,True,68,68,1.0,68,1.0,0.2,68,1.0,0.21543830633163452,0.5260281264781952,0.7034649848937988,0.7589167952537537,0.8316122710704804,0.8765988349914551,187.97449999692617,overlays\angry_011.png,,
angry_012,angry,angry/Training_78937516.jpg,c064471201858c6fc4d15513906fbb67026d59a9d6461b5e48945c4472dbf1f6,c064471201858c6fc4d15513906fbb67026d59a9d6461b5e48945c4472dbf1f6,True,48,48,0.0,0.0,47.0,47.0,True,68,68,1.0,68,1.0,0.2,68,1.0,0.4739396870136261,0.5580335974693298,0.7547917366027832,0.8013366460800171,0.8635972023010254,0.8957573175430298,155.37940000649542,overlays\angry_012.png,,
angry_013,angry,angry/Training_93157085.jpg,f86c56e98e02ce568b37ef830aa0e1e72dbeaea6e3a70ff87066da1ca54c262c,f86c56e98e02ce568b37ef830aa0e1e72dbeaea6e3a70ff87066da1ca54c262c,True,48,48,0.0,0.0,47.0,47.0,True,68,68,1.0,68,1.0,0.2,68,1.0,0.5656838417053223,0.6621591508388519,0.7884974479675293,0.823817253112793,0.8721930742263794,0.9128830432891846,156.59449999657227,overlays\angry_013.png,,
angry_014,angry,angry/Training_60412371.jpg,fbd264842f18a08455c0d9daafbc5d93ba43afdd3f6ecee53e6a7d68fa5f7fa9,fbd264842f18a08455c0d9daafbc5d93ba43afdd3f6ecee53e6a7d68fa5f7fa9,True,48,48,0.0,0.0,47.0,47.0,True,68,68,1.0,50,0.7352941176470589,0.2,68,1.0,0.3050330579280853,0.555689400434494,0.7192050814628601,0.7764044404029846,0.8398680925369263,0.8842229843139648,208.56449999701,overlays\angry_014.png,,
angry_015,angry,angry/Training_18460889.jpg,52fc36197bf26ce05c038d02261de6fc28b9f604a85f64f5eee631165122bd83,52fc36197bf26ce05c038d02261de6fc28b9f604a85f64f5eee631165122bd83,True,48,48,0.0,0.0,47.0,47.0,True,68,68,1.0,67,0.9852941176470589,0.2,68,1.0,0.4470670819282532,0.7125440239906311,0.798744797706604,0.8189538717269897,0.8571603119373321,0.8847354650497437,217.08619999844814,overlays\angry_015.png,,
angry_016,angry,angry/Training_65004742.jpg,220af1794a253f11d0183fde5db5341a9519e1b08abd05e1387262217a4052b6,220af1794a253f11d0183fde5db5341a9519e1b08abd05e1387262217a4052b6,True,48,48,0.0,0.0,47.0,47.0,True,68,68,1.0,67,0.9852941176470589,0.2,68,1.0,0.5863199830055237,0.7255394339561463,0.8190791010856628,0.8505411148071289,0.8972777783870697,0.9204847812652588,159.85250000085216,overlays\angry_016.png,,
angry_017,angry,angry/Training_48839677.jpg,c073703ccad2077a6b918629d2e901fe9f649b366890af75412e1979661b2748,c073703ccad2077a6b918629d2e901fe9f649b366890af75412e1979661b2748,True,48,48,0.0,0.0,47.0,47.0,True,68,68,1.0,66,0.9705882352941176,0.2,68,1.0,0.7541812658309937,0.7827376127243042,0.8357406854629517,0.8475568294525146,0.875003206729889,0.8938795328140259,170.226599999296,overlays\angry_017.png,,
angry_018,angry,angry/Training_13521344.jpg,03c9792a9e1189159ae753decaa00b88e225c78691e013dae4963fbc2e128c2f,03c9792a9e1189159ae753decaa00b88e225c78691e013dae4963fbc2e128c2f,True,48,48,0.0,0.0,47.0,47.0,True,68,68,1.0,68,1.0,0.2,68,1.0,0.5735316872596741,0.6490330755710602,0.7707309126853943,0.7956443428993225,0.8542136788368225,0.8642594218254089,179.67119999957504,overlays\angry_018.png,,
angry_019,angry,angry/Training_13196511.jpg,cfad1fc131ea9ec53efb02ef36b43fce24a60e1ee328abe98fa77f9e06afdca3,cfad1fc131ea9ec53efb02ef36b43fce24a60e1ee328abe98fa77f9e06afdca3,True,48,48,0.0,0.0,47.0,47.0,True,68,68,1.0,68,1.0,0.2,68,1.0,0.47883671522140503,0.6433642387390137,0.7743304967880249,0.7979565858840942,0.8685004889965058,0.915255606174469,152.12639999663224,overlays\angry_019.png,,
angry_020,angry,angry/Training_18894040.jpg,e13cdc92e42ae5675903eccaeed7f9fcd8f3e397ba6a3ddd37b832730ab4ce21,e13cdc92e42ae5675903eccaeed7f9fcd8f3e397ba6a3ddd37b832730ab4ce21,True,48,48,0.0,0.0,47.0,47.0,True,68,68,1.0,68,1.0,0.2,68,1.0,0.535783052444458,0.6665933787822723,0.7853886485099792,0.8129857778549194,0.866327702999115,0.8984283208847046,154.41009999631206,overlays\angry_020.png,,
angry_021,angry,angry/Training_30148518.jpg,9458edfc61c6292fef0fc7931f80ef7e477e91ba3c05c93b187adc24ace970de,9458edfc61c6292fef0fc7931f80ef7e477e91ba3c05c93b187adc24ace970de,True,48,48,0.0,0.0,47.0,47.0,True,68,68,1.0,54,0.7941176470588235,0.2,68,1.0,0.6093747019767761,0.7002278327941894,0.7890389561653137,0.7911689281463623,0.875809246301651,0.9154780507087708,151.60380000452278,overlays\angry_021.png,,
angry_022,angry,angry/Training_3161929.jpg,c7380331f2e10bb441131f930e8a2526392ae0a6845461bd19578c43c1e19c38,c7380331f2e10bb441131f930e8a2526392ae0a6845461bd19578c43c1e19c38,True,48,48,0.0,0.0,47.0,47.0,True,68,68,1.0,68,1.0,0.2,68,1.0,0.4887886345386505,0.6753459811210633,0.7964682579040527,0.8232053518295288,0.8685106694698334,0.9073024392127991,154.19130000373116,overlays\angry_022.png,,
angry_023,angry,angry/Training_56643016.jpg,2ff1df5aa29366d5250132f718697266d637c6f3566678037101887613d78154,2ff1df5aa29366d5250132f718697266d637c6f3566678037101887613d78154,True,48,48,0.0,0.0,47.0,47.0,True,68,68,1.0,68,1.0,0.2,68,1.0,0.26131534576416016,0.6324040293693542,0.7452393174171448,0.7850000858306885,0.862156617641449,0.8917214274406433,169.7132999979658,overlays\angry_023.png,,
angry_024,angry,angry/Training_65912489.jpg,37d0a0ce06f1c3e6d59bd74a7b22f4015c5952033f00e2e3185b5062b5478e88,37d0a0ce06f1c3e6d59bd74a7b22f4015c5952033f00e2e3185b5062b5478e88,True,48,48,0.0,0.0,47.0,47.0,True,68,68,1.0,68,1.0,0.2,61,0.8970588235294118,0.10052435845136642,0.20446914285421372,0.4144675135612488,0.43151694536209106,0.5807995140552521,0.7134888768196106,172.9875999953947,overlays\angry_024.png,,
angry_025,angry,angry/Training_12776681.jpg,db32a7cc85c28bccb6b76d907bb537ccd1c6bae9a622a79427faf433440b1b32,db32a7cc85c28bccb6b76d907bb537ccd1c6bae9a622a79427faf433440b1b32,True,48,48,0.0,0.0,47.0,47.0,True,68,68,1.0,68,1.0,0.2,68,1.0,0.4756878614425659,0.7272332787513733,0.7943507432937622,0.8061256408691406,0.8598008215427398,0.9117909073829651,169.48310000589117,overlays\angry_025.png,,
angry_026,angry,angry/Training_62427202.jpg,9503b21d6ec06437fb0d8f7e2ae97ed8bf07d27f5194da9e6335d72d9581e85f,9503b21d6ec06437fb0d8f7e2ae97ed8bf07d27f5194da9e6335d72d9581e85f,True,48,48,0.0,0.0,47.0,47.0,True,68,68,1.0,68,1.0,0.2,68,1.0,0.3153001368045807,0.49829915463924407,0.7329632043838501,0.7891862392425537,0.8423636615276336,0.8890378475189209,164.21829999308102,overlays\angry_026.png,,
angry_027,angry,angry/Training_28275568.jpg,068c11ea7d96a1e3407e914e0702aa3efdc472691dd0135ca7f99958ef733410,068c11ea7d96a1e3407e914e0702aa3efdc472691dd0135ca7f99958ef733410,True,48,48,0.0,0.0,47.0,47.0,True,68,68,1.0,68,1.0,0.2,68,1.0,0.6610215902328491,0.7583318531513215,0.8360506296157837,0.8510667085647583,0.8772883355617523,0.9155681729316711,162.0586999997613,overlays\angry_027.png,,
angry_028,angry,angry/Training_76878533.jpg,8c4907a43c971e372391f3e54cfb3851fcb9cd934a0e8b89e05b647e4f8e72b7,8c4907a43c971e372391f3e54cfb3851fcb9cd934a0e8b89e05b647e4f8e72b7,True,48,48,0.0,0.0,47.0,47.0,True,68,68,1.0,66,0.9705882352941176,0.2,68,1.0,0.7541426420211792,0.7852186977863311,0.8357853889465332,0.8426487445831299,0.8781128227710724,0.9080432057380676,191.73070000397274,overlays\angry_028.png,,
angry_029,angry,angry/Training_70583545.jpg,237d6d4f1eb263de9e2bc3f87528520b6b1dc6fa4c77037d51845f1a0e678e4c,237d6d4f1eb263de9e2bc3f87528520b6b1dc6fa4c77037d51845f1a0e678e4c,True,48,48,0.0,0.0,47.0,47.0,True,68,68,1.0,68,1.0,0.2,68,1.0,0.6686530709266663,0.7683526337146759,0.8357476592063904,0.8463661670684814,0.8807110249996185,0.8945096135139465,180.01709999953164,overlays\angry_029.png,,
angry_030,angry,angry/Training_75201127.jpg,d5d53285050042a7060eb92b7850608c237099e0abfed849629dfac554e9983a,d5d53285050042a7060eb92b7850608c237099e0abfed849629dfac554e9983a,True,48,48,0.0,0.0,47.0,47.0,True,68,68,1.0,68,1.0,0.2,68,1.0,0.7449615597724915,0.7887238681316375,0.8307986259460449,0.8372634649276733,0.8662549138069153,0.8886353373527527,158.67550000257324,overlays\angry_030.png,,
angry_031,angry,angry/Training_60381974.jpg,a0b692d437badcbd05fb977d3d2a63f0bf56a55d27b432e36bf05ab4b9b3aec6,a0b692d437badcbd05fb977d3d2a63f0bf56a55d27b432e36bf05ab4b9b3aec6,True,48,48,0.0,0.0,47.0,47.0,True,68,68,1.0,67,0.9852941176470589,0.2,68,1.0,0.5537368059158325,0.6937746465206146,0.7783010601997375,0.7954380512237549,0.8397001028060913,0.8670209050178528,155.02960000594612,overlays\angry_031.png,,
angry_032,angry,angry/Training_48608241.jpg,5e58857dac2a4d90d279489e5209b98fa18cccbf59de1c56f8a51fbf09459299,5e58857dac2a4d90d279489e5209b98fa18cccbf59de1c56f8a51fbf09459299,True,48,48,0.0,0.0,47.0,47.0,True,68,68,1.0,68,1.0,0.2,15,0.22058823529411764,0.029022691771388054,0.045906975492835046,0.1306522935628891,0.10874088108539581,0.26244128048419957,0.4135131537914276,157.71569999924395,overlays\angry_032.png,,
angry_033,angry,angry/Training_30292119.jpg,16112807e1e8915be9ce1c31190afc8ef8f1b82dc3bce62de7da5f8efb348a8c,16112807e1e8915be9ce1c31190afc8ef8f1b82dc3bce62de7da5f8efb348a8c,True,48,48,0.0,0.0,47.0,47.0,True,68,68,1.0,68,1.0,0.2,68,1.0,0.6100500226020813,0.7675117492675781,0.8201020956039429,0.8280104398727417,0.870815771818161,0.8949591517448425,202.92540000082226,overlays\angry_033.png,,
angry_034,angry,angry/Training_51453848.jpg,fbeee19e2def3d14c39c4e94c5b68b7c514babe4d3696a5dd3b04fb7d4fcff6f,fbeee19e2def3d14c39c4e94c5b68b7c514babe4d3696a5dd3b04fb7d4fcff6f,True,48,48,0.0,0.0,47.0,47.0,True,68,68,1.0,68,1.0,0.2,68,1.0,0.6775597929954529,0.7079973876476288,0.7925696969032288,0.8000792264938354,0.8672138333320618,0.9241445064544678,151.53229999850737,overlays\angry_034.png,,
angry_035,angry,angry/Training_64909824.jpg,dc29d3ca229d4fc951716f746e0f0fa6bf1a4503a828ebd1ec6ad15ff91bce27,dc29d3ca229d4fc951716f746e0f0fa6bf1a4503a828ebd1ec6ad15ff91bce27,True,48,48,0.0,0.0,47.0,47.0,True,68,68,1.0,68,1.0,0.2,68,1.0,0.6953848004341125,0.7577905356884003,0.820115864276886,0.8268558979034424,0.868724662065506,0.9066406488418579,157.379199998104,overlays\angry_035.png,,
angry_036,angry,angry/Training_35701263.jpg,e9da6297f6fa290cf4cbb25975e98af135a2f5d11b0367cad5b68121f5076491,e9da6297f6fa290cf4cbb25975e98af135a2f5d11b0367cad5b68121f5076491,True,48,48,0.0,0.0,47.0,47.0,True,68,68,1.0,68,1.0,0.2,68,1.0,0.7164983749389648,0.7790576100349427,0.8282451629638672,0.8322605490684509,0.8735026836395264,0.8968055844306946,180.32939999829978,overlays\angry_036.png,,
angry_037,angry,angry/Training_84932821.jpg,4040b829ccd2320d47d71ebfdf5b50d8facb546e6dac109076a4f9896980f7ee,4040b829ccd2320d47d71ebfdf5b50d8facb546e6dac109076a4f9896980f7ee,True,48,48,0.0,0.0,47.0,47.0,True,68,68,1.0,68,1.0,0.2,68,1.0,0.5145736932754517,0.6875063002109527,0.8099403977394104,0.8411792516708374,0.8834490895271302,0.9198790788650513,206.24020000104792,overlays\angry_037.png,,
angry_038,angry,angry/Training_9070993.jpg,0efa93cc4d97f5550190ccf850e9bf5bbf7db56d1a4281bfb14aefbdb6b3e781,0efa93cc4d97f5550190ccf850e9bf5bbf7db56d1a4281bfb14aefbdb6b3e781,True,48,48,0.0,0.0,47.0,47.0,True,68,68,1.0,68,1.0,0.2,68,1.0,0.742277979850769,0.7666027188301087,0.836519718170166,0.8368561863899231,0.8873449742794037,0.9063210487365723,158.62819999892963,overlays\angry_038.png,,
angry_039,angry,angry/Training_10899258.jpg,611f86a9167dd8a50ee96c74729d76384258d7d447d3b7a96da9fcec72256530,611f86a9167dd8a50ee96c74729d76384258d7d447d3b7a96da9fcec72256530,True,48,48,0.0,0.0,47.0,47.0,True,68,68,1.0,68,1.0,0.2,68,1.0,0.606227457523346,0.6680060923099518,0.764503538608551,0.7685056924819946,0.8472345650196076,0.9157713651657104,152.54310000455007,overlays\angry_039.png,,
angry_040,angry,angry/Training_80694454.jpg,ecf57f003263b49a0f52b51a8cfe4f443c43e9223ba482343411e8dab6b3b587,ecf57f003263b49a0f52b51a8cfe4f443c43e9223ba482343411e8dab6b3b587,True,48,48,0.0,0.0,47.0,47.0,True,68,68,1.0,67,0.9852941176470589,0.2,68,1.0,0.5816841721534729,0.665302175283432,0.769446611404419,0.7889692783355713,0.8323592483997345,0.8846489191055298,153.86540000326931,overlays\angry_040.png,,
angry_041,angry,angry/Training_84625038.jpg,a069bfa063e00ecef1b590902f7b3de05f3b26ae8f854157c10a7ab04acbd48d,a069bfa063e00ecef1b590902f7b3de05f3b26ae8f854157c10a7ab04acbd48d,True,48,48,0.0,0.0,47.0,47.0,True,68,68,1.0,68,1.0,0.2,68,1.0,0.6139096617698669,0.726696789264679,0.8112733364105225,0.828811526298523,0.8638944029808044,0.8901658654212952,156.1959000027855,overlays\angry_041.png,,
angry_042,angry,angry/Training_24890384.jpg,5354c2fbdcbeea505818adc4711e6fe1d9a524a898f54bcac6017df216c99b98,5354c2fbdcbeea505818adc4711e6fe1d9a524a898f54bcac6017df216c99b98,True,48,48,0.0,0.0,47.0,47.0,True,68,68,1.0,67,0.9852941176470589,0.2,68,1.0,0.567676305770874,0.6665354609489441,0.7678751349449158,0.7763336896896362,0.8354653477668762,0.8853278756141663,182.5262999991537,overlays\angry_042.png,,
angry_043,angry,angry/Training_7489923.jpg,5444ac025f5ffbcdefb01cadd012636ed95e83df80e17f3434d3893b61ceafee,5444ac025f5ffbcdefb01cadd012636ed95e83df80e17f3434d3893b61ceafee,True,48,48,0.0,0.0,47.0,47.0,True,68,68,1.0,65,0.9558823529411765,0.2,68,1.0,0.7101026177406311,0.7722987771034241,0.8308078050613403,0.8343862295150757,0.8738123059272767,0.9071575403213501,242.4073000001954,overlays\angry_043.png,,
angry_044,angry,angry/Training_48906234.jpg,a216b8637604e78131d80822848228557e3ed8e57db2156a637c91586ceda29b,a216b8637604e78131d80822848228557e3ed8e57db2156a637c91586ceda29b,True,48,48,0.0,0.0,47.0,47.0,True,68,68,1.0,68,1.0,0.2,68,1.0,0.6781143546104431,0.7688703238964081,0.8242484331130981,0.8333119750022888,0.8659462928771973,0.9224985837936401,187.80749999859836,overlays\angry_044.png,,
angry_045,angry,angry/Training_40747741.jpg,fca348cb63e83f5eaef283ea25fc6c3d156d5432b827b60b1ff9f1d3160f45ec,fca348cb63e83f5eaef283ea25fc6c3d156d5432b827b60b1ff9f1d3160f45ec,True,48,48,0.0,0.0,47.0,47.0,True,68,68,1.0,68,1.0,0.2,68,1.0,0.6125584244728088,0.7274760723114013,0.8074450492858887,0.8213459253311157,0.8653786838054657,0.904248833656311,159.6535999997286,overlays\angry_045.png,,
angry_046,angry,angry/Training_35695824.jpg,afcfd6db27ffc24c9f7667be6a7ac4e3305114ed086326efaf7da3c5dbd98054,afcfd6db27ffc24c9f7667be6a7ac4e3305114ed086326efaf7da3c5dbd98054,True,48,48,0.0,0.0,47.0,47.0,True,68,68,1.0,68,1.0,0.2,68,1.0,0.7055425047874451,0.7543782711029052,0.8296852707862854,0.8403111696243286,0.8828483581542969,0.9114363789558411,189.56269999762299,overlays\angry_046.png,,
angry_047,angry,angry/Training_24511742.jpg,d5c76b1e809242720e3c473f7e511503c1953a61687a670618a6a82679ea31b2,d5c76b1e809242720e3c473f7e511503c1953a61687a670618a6a82679ea31b2,True,48,48,0.0,0.0,47.0,47.0,True,68,68,1.0,67,0.9852941176470589,0.2,68,1.0,0.7161110639572144,0.7854943811893463,0.8338154554367065,0.8359329104423523,0.8752095818519592,0.8977007269859314,161.43420000298647,overlays\angry_047.png,,
angry_048,angry,angry/Training_29711189.jpg,d2897f0eb26bda656bebd735daf8c093fc3d6f29299c0e1d4517e7a6453fd54d,d2897f0eb26bda656bebd735daf8c093fc3d6f29299c0e1d4517e7a6453fd54d,True,48,48,0.0,0.0,47.0,47.0,True,68,68,1.0,67,0.9852941176470589,0.2,68,1.0,0.7649734616279602,0.7869082272052765,0.8343614935874939,0.8378415107727051,0.8792229175567627,0.8938940763473511,160.01300000061747,overlays\angry_048.png,,
angry_049,angry,angry/Training_98547173.jpg,334064ada54f6a47fef8126ebebb90a07ccfe555ce0ed2b396f3889a76a4a52e,334064ada54f6a47fef8126ebebb90a07ccfe555ce0ed2b396f3889a76a4a52e,True,48,48,0.0,0.0,47.0,47.0,True,68,68,1.0,68,1.0,0.2,68,1.0,0.5411228537559509,0.7052551209926605,0.8022291660308838,0.819725751876831,0.8629619657993317,0.8897644877433777,196.3603000040166,overlays\angry_049.png,,
angry_050,angry,angry/Training_80974557.jpg,cb93cd062fbff67f551780b68ca20cedf8d5659d1717097f12ceb3c8629047ef,cb93cd062fbff67f551780b68ca20cedf8d5659d1717097f12ceb3c8629047ef,True,48,48,0.0,0.0,47.0,47.0,True,68,68,1.0,68,1.0,0.2,68,1.0,0.5692712068557739,0.6931225299835205,0.7876734137535095,0.8020937442779541,0.86297767162323,0.9135481715202332,223.79709999950137,overlays\angry_050.png,,
disgust_001,disgust,disgust/Training_49158638.jpg,8a6039e513d00fff41aa22f564b16f354500d74fa902ec53dc0f99adfeee3ae3,8a6039e513d00fff41aa22f564b16f354500d74fa902ec53dc0f99adfeee3ae3,True,48,48,0.0,0.0,47.0,47.0,True,68,68,1.0,66,0.9705882352941176,0.2,68,1.0,0.6900970339775085,0.7467491269111634,0.8247273564338684,0.8406351208686829,0.8841081738471985,0.9072597622871399,173.06779999489663,overlays\disgust_001.png,,
disgust_002,disgust,disgust/Training_20847777.jpg,27ecb6a984b9182c35117d49de0e77e404edb0c05b46797b4abf9cf213b27b7a,27ecb6a984b9182c35117d49de0e77e404edb0c05b46797b4abf9cf213b27b7a,True,48,48,0.0,0.0,47.0,47.0,True,68,68,1.0,68,1.0,0.2,68,1.0,0.6947774887084961,0.7648922145366669,0.8237871527671814,0.8265318870544434,0.8725650489330292,0.921314001083374,156.0207000002265,overlays\disgust_002.png,,
disgust_003,disgust,disgust/Training_19915172.jpg,38af3ba40e631d4d4f6379d0f517c92dcfaa5c2c239dbb512649e21a4f3e2711,38af3ba40e631d4d4f6379d0f517c92dcfaa5c2c239dbb512649e21a4f3e2711,True,48,48,0.0,0.0,47.0,47.0,True,68,68,1.0,68,1.0,0.2,68,1.0,0.7097264528274536,0.7701376497745513,0.8311508297920227,0.8397492170333862,0.8735711634159088,0.8948615789413452,168.78449999785516,overlays\disgust_003.png,,
disgust_004,disgust,disgust/Training_53960771.jpg,5f2cb571339100c625ea9239c198a869c7caab9413bbbe213b0a30f8fed11ac8,5f2cb571339100c625ea9239c198a869c7caab9413bbbe213b0a30f8fed11ac8,True,48,48,0.0,0.0,47.0,47.0,True,68,68,1.0,67,0.9852941176470589,0.2,68,1.0,0.7006276249885559,0.7574019134044647,0.8202207088470459,0.8275198936462402,0.8634982943534851,0.8803158402442932,209.41580000362592,overlays\disgust_004.png,,
disgust_005,disgust,disgust/Training_2036746.jpg,887f574670c1a6c705699867d7ac63ccf7fc5bb477a45a61760894fbc3fb39aa,887f574670c1a6c705699867d7ac63ccf7fc5bb477a45a61760894fbc3fb39aa,True,48,48,0.0,0.0,47.0,47.0,True,68,68,1.0,68,1.0,0.2,68,1.0,0.7224583625793457,0.7610913991928101,0.835483193397522,0.8496042490005493,0.8760090351104737,0.8898993730545044,157.41350000462262,overlays\disgust_005.png,,
disgust_006,disgust,disgust/Training_52126443.jpg,558b837b4d086aa477ac2fc652659e76aaee4b0e3844a8c8c316aadf730f8a8f,558b837b4d086aa477ac2fc652659e76aaee4b0e3844a8c8c316aadf730f8a8f,True,48,48,0.0,0.0,47.0,47.0,True,68,68,1.0,68,1.0,0.2,68,1.0,0.5494435429573059,0.7414847314357758,0.8097267746925354,0.8267593383789062,0.8765240728855134,0.899093747138977,154.3119999987539,overlays\disgust_006.png,,
disgust_007,disgust,disgust/Training_9948239.jpg,f1de5b3ca255021aa6f2cc756bd4ae3fd4d5e2241004ff566c222647786a0996,f1de5b3ca255021aa6f2cc756bd4ae3fd4d5e2241004ff566c222647786a0996,True,48,48,0.0,0.0,47.0,47.0,True,68,68,1.0,68,1.0,0.2,68,1.0,0.6405519247055054,0.731206727027893,0.822855532169342,0.8379930257797241,0.8710865795612336,0.9083176851272583,203.6889999944833,overlays\disgust_007.png,,
disgust_008,disgust,disgust/Training_50925427.jpg,f64ef00facafc7ec4203495a33c4b4d094e64346a0d5014a35cd79231ba042b3,f64ef00facafc7ec4203495a33c4b4d094e64346a0d5014a35cd79231ba042b3,True,48,48,0.0,0.0,47.0,47.0,True,68,68,1.0,68,1.0,0.2,68,1.0,0.7102150321006775,0.7620190918445587,0.8174026012420654,0.8212656378746033,0.8642465174198151,0.8950106501579285,159.24580000137212,overlays\disgust_008.png,,
disgust_009,disgust,disgust/Training_76279247.jpg,a8d1e104ab9357d080a586da31d009b1baff1a7d5cb500b49cf715d210bfdca4,a8d1e104ab9357d080a586da31d009b1baff1a7d5cb500b49cf715d210bfdca4,True,48,48,0.0,0.0,47.0,47.0,True,68,68,1.0,67,0.9852941176470589,0.2,68,1.0,0.43443360924720764,0.7166696906089782,0.7997899055480957,0.8200256824493408,0.8694724380970001,0.8990427255630493,160.1966000016546,overlays\disgust_009.png,,
disgust_010,disgust,disgust/Training_39831964.jpg,d1062b436912a8c89e2037e19da3b93f0c7ee49d90767a23bdaf67d5c365999a,d1062b436912a8c89e2037e19da3b93f0c7ee49d90767a23bdaf67d5c365999a,True,48,48,0.0,0.0,47.0,47.0,True,68,68,1.0,68,1.0,0.2,68,1.0,0.4608801305294037,0.6685697734355927,0.7913917303085327,0.8293030261993408,0.8648726046085358,0.8962134122848511,167.27470000478206,overlays\disgust_010.png,,
disgust_011,disgust,disgust/Training_96356478.jpg,976cb0c537e7bcc424134abb7035d503dd8ad4f0ee18d0672f22b727b712a498,976cb0c537e7bcc424134abb7035d503dd8ad4f0ee18d0672f22b727b712a498,True,48,48,0.0,0.0,47.0,47.0,True,68,68,1.0,68,1.0,0.2,68,1.0,0.6971269845962524,0.7624712228775025,0.8147635459899902,0.815854549407959,0.8648575842380524,0.895255982875824,197.40670000464888,overlays\disgust_011.png,,
disgust_012,disgust,disgust/Training_14049546.jpg,fe0732aa8c457060678bb87a9551c3dc8aeb565c4c45ece7a5f72ccd4378a153,fe0732aa8c457060678bb87a9551c3dc8aeb565c4c45ece7a5f72ccd4378a153,True,48,48,0.0,0.0,47.0,47.0,True,68,68,1.0,66,0.9705882352941176,0.2,68,1.0,0.47515010833740234,0.6798159360885621,0.7866219282150269,0.8174413442611694,0.8669069945812226,0.8964502811431885,225.68999999930384,overlays\disgust_012.png,,
disgust_013,disgust,disgust/Training_87032685.jpg,8491b40934bff848050addcda9637e90b6342054227afc41e85726c84210abb0,8491b40934bff848050addcda9637e90b6342054227afc41e85726c84210abb0,True,48,48,0.0,0.0,47.0,47.0,True,68,68,1.0,66,0.9705882352941176,0.2,68,1.0,0.6680634617805481,0.7590921461582184,0.8202314376831055,0.8339215517044067,0.8746765077114105,0.8995538949966431,249.10130000353092,overlays\disgust_013.png,,
disgust_014,disgust,disgust/Training_61291772.jpg,ff5d503caabd02caec530a2eb7e23b4ce7eeb84760c7760a5b82c31969eb437e,ff5d503caabd02caec530a2eb7e23b4ce7eeb84760c7760a5b82c31969eb437e,True,48,48,0.0,0.0,47.0,47.0,True,68,68,1.0,64,0.9411764705882353,0.2,68,1.0,0.7259570956230164,0.7652630865573883,0.82413649559021,0.8319913148880005,0.8610870718955994,0.8802627325057983,156.72270000504795,overlays\disgust_014.png,,
disgust_015,disgust,disgust/Training_68677948.jpg,c1de35dec83cba05f0668c5934a2f1e2e0f8ec93aa916b0867ac586f30371354,c1de35dec83cba05f0668c5934a2f1e2e0f8ec93aa916b0867ac586f30371354,True,48,48,0.0,0.0,47.0,47.0,True,68,68,1.0,68,1.0,0.2,68,1.0,0.37492290139198303,0.4945863336324692,0.7338122129440308,0.7853677868843079,0.8424153625965118,0.8660234808921814,180.21779999980936,overlays\disgust_015.png,,
disgust_016,disgust,disgust/Training_24592307.jpg,cd41c34e373c959d634c06e531016ed417c510750ada67758888873217834781,cd41c34e373c959d634c06e531016ed417c510750ada67758888873217834781,True,48,48,0.0,0.0,47.0,47.0,True,68,68,1.0,68,1.0,0.2,68,1.0,0.7149792909622192,0.7529510915279388,0.8302837014198303,0.8378218412399292,0.8852719008922577,0.9050667881965637,160.66670000145677,overlays\disgust_016.png,,
disgust_017,disgust,disgust/Training_5395043.jpg,597bbb2c2015fc48c7ea92a88d8add907b22594fa5fcb515506510f382a594c2,597bbb2c2015fc48c7ea92a88d8add907b22594fa5fcb515506510f382a594c2,True,48,48,0.0,0.0,47.0,47.0,True,68,68,1.0,68,1.0,0.2,68,1.0,0.68021160364151,0.7233561754226685,0.8167635798454285,0.8261385560035706,0.8758807897567749,0.9257298707962036,214.12380000401754,overlays\disgust_017.png,,
disgust_018,disgust,disgust/Training_18375779.jpg,f73b12d19de74767b0db5a94fa2317bbdd37b71a08aa5509c3de2e67ee8518aa,f73b12d19de74767b0db5a94fa2317bbdd37b71a08aa5509c3de2e67ee8518aa,True,48,48,0.0,0.0,47.0,47.0,True,68,68,1.0,67,0.9852941176470589,0.2,68,1.0,0.6890864968299866,0.7615315794944764,0.8128576874732971,0.8181107044219971,0.8685918152332306,0.8854495882987976,227.59229999792296,overlays\disgust_018.png,,
disgust_019,disgust,disgust/Training_70479209.jpg,7f6b64d5a19ea9e97abb3c7704e8d48e3a9d3db1376f6d68f44b43c20f54ac85,7f6b64d5a19ea9e97abb3c7704e8d48e3a9d3db1376f6d68f44b43c20f54ac85,True,48,48,0.0,0.0,47.0,47.0,True,68,68,1.0,56,0.8235294117647058,0.2,68,1.0,0.6366863250732422,0.7005959212779999,0.7922961115837097,0.8056740760803223,0.8552924931049347,0.866492748260498,164.43299999809824,overlays\disgust_019.png,,
disgust_020,disgust,disgust/Training_43728047.jpg,5a585fb4c83beebf43fc8f6895f7f1dc291641790960bca29124fa2bf23a01b5,5a585fb4c83beebf43fc8f6895f7f1dc291641790960bca29124fa2bf23a01b5,True,48,48,0.0,0.0,47.0,47.0,True,68,68,1.0,68,1.0,0.2,68,1.0,0.6216782331466675,0.7046581745147705,0.7887102365493774,0.8030022978782654,0.8508873224258423,0.9069467782974243,195.0596000024234,overlays\disgust_020.png,,
disgust_021,disgust,disgust/Training_98010375.jpg,3407de17011cfe238717baef07e2cd7ea89f3e5cb42ca1a36a419ef346bb6cb3,3407de17011cfe238717baef07e2cd7ea89f3e5cb42ca1a36a419ef346bb6cb3,True,48,48,0.0,0.0,47.0,47.0,True,68,68,1.0,67,0.9852941176470589,0.2,68,1.0,0.7210082411766052,0.7862142860889435,0.8278277516365051,0.8334271907806396,0.864167732000351,0.8787358403205872,161.18980000464944,overlays\disgust_021.png,,
disgust_022,disgust,disgust/Training_78245126.jpg,4e2363f3892ea797b93a3a63089f82287e25fbd9a744fd07cf29a255bbf46c1f,4e2363f3892ea797b93a3a63089f82287e25fbd9a744fd07cf29a255bbf46c1f,True,48,48,0.0,0.0,47.0,47.0,True,68,68,1.0,63,0.9264705882352942,0.2,68,1.0,0.7116333246231079,0.7345132946968078,0.8179935812950134,0.8336267471313477,0.8657381236553192,0.9104321599006653,219.74449999834178,overlays\disgust_022.png,,
disgust_023,disgust,disgust/Training_77025552.jpg,23d11cb155de2e338b366b10185a5a32d29fe520b74ba96d30d733727ba622cf,23d11cb155de2e338b366b10185a5a32d29fe520b74ba96d30d733727ba622cf,True,48,48,0.0,0.0,47.0,47.0,True,68,68,1.0,68,1.0,0.2,68,1.0,0.3183421492576599,0.5503116965293884,0.7561593055725098,0.7957102656364441,0.8637961745262146,0.9030902981758118,151.8498000004911,overlays\disgust_023.png,,
disgust_024,disgust,disgust/Training_5242503.jpg,3b3dbcde598731600d379739e7f6738763e2af89e23e09248120eeabfb629747,3b3dbcde598731600d379739e7f6738763e2af89e23e09248120eeabfb629747,True,48,48,0.0,0.0,47.0,47.0,True,68,68,1.0,66,0.9705882352941176,0.2,68,1.0,0.6993729472160339,0.7652404963970184,0.824592649936676,0.8341474533081055,0.8688747167587281,0.9065877199172974,156.7840999996406,overlays\disgust_024.png,,
disgust_025,disgust,disgust/Training_73889032.jpg,00567c7d6e6a818b519975b54a0bee17eab150fda91b951220d6f92f836ee47d,00567c7d6e6a818b519975b54a0bee17eab150fda91b951220d6f92f836ee47d,True,48,48,0.0,0.0,47.0,47.0,True,68,68,1.0,68,1.0,0.2,68,1.0,0.7181409597396851,0.7570531070232391,0.820123553276062,0.8243561387062073,0.8624344944953919,0.8992776870727539,158.9663999984623,overlays\disgust_025.png,,
disgust_026,disgust,disgust/Training_31805016.jpg,4e34a81bc8c3fed9b7f895df6535bb4675dbd7412ca0839164d1d0a23faf4174,4e34a81bc8c3fed9b7f895df6535bb4675dbd7412ca0839164d1d0a23faf4174,True,48,48,0.0,0.0,47.0,47.0,True,68,68,1.0,68,1.0,0.2,68,1.0,0.5856057405471802,0.7430223524570465,0.8189581632614136,0.8332527279853821,0.8819743573665619,0.9079922437667847,154.51190000021597,overlays\disgust_026.png,,
disgust_027,disgust,disgust/Training_84874359.jpg,4e34a81bc8c3fed9b7f895df6535bb4675dbd7412ca0839164d1d0a23faf4174,4e34a81bc8c3fed9b7f895df6535bb4675dbd7412ca0839164d1d0a23faf4174,True,48,48,0.0,0.0,47.0,47.0,True,68,68,1.0,68,1.0,0.2,68,1.0,0.5856057405471802,0.7430223524570465,0.8189581632614136,0.8332527279853821,0.8819743573665619,0.9079922437667847,153.5061000031419,overlays\disgust_027.png,,
disgust_028,disgust,disgust/Training_1654496.jpg,d445a50f0bc4064d3e00ac901c83604c3c3c4c90f1d884df196403fc892610ef,d445a50f0bc4064d3e00ac901c83604c3c3c4c90f1d884df196403fc892610ef,True,48,48,0.0,0.0,47.0,47.0,True,68,68,1.0,64,0.9411764705882353,0.2,68,1.0,0.6031859517097473,0.7188936531543731,0.7910892367362976,0.8002394437789917,0.8415742933750153,0.8933423161506653,171.30529999849387,overlays\disgust_028.png,,
disgust_029,disgust,disgust/Training_14064382.jpg,d3dba995b87a2d748c7abe5b449efe57284140951cea7761dfee25840b898c11,d3dba995b87a2d748c7abe5b449efe57284140951cea7761dfee25840b898c11,True,48,48,0.0,0.0,47.0,47.0,True,68,68,1.0,67,0.9852941176470589,0.2,68,1.0,0.6222831010818481,0.6558909356594086,0.7675517797470093,0.7796812057495117,0.8506169855594635,0.8964554071426392,160.62760000204435,overlays\disgust_029.png,,
disgust_030,disgust,disgust/Training_80671795.jpg,55dbff9769e3b520c45855d07cd6c1284d9a5a68cc24b19f93329fcfffb150d7,55dbff9769e3b520c45855d07cd6c1284d9a5a68cc24b19f93329fcfffb150d7,True,48,48,0.0,0.0,47.0,47.0,True,68,68,1.0,63,0.9264705882352942,0.2,68,1.0,0.5269227623939514,0.7103042304515839,0.8035545945167542,0.8302983641624451,0.8641995847225189,0.8881189227104187,174.20310000306927,overlays\disgust_030.png,,
disgust_031,disgust,disgust/Training_35846483.jpg,23fbd9fbec608040ee17f06e2edc8a927957429cb70dbf8d55e50117c299c63c,23fbd9fbec608040ee17f06e2edc8a927957429cb70dbf8d55e50117c299c63c,True,48,48,0.0,0.0,47.0,47.0,True,68,68,1.0,67,0.9852941176470589,0.2,68,1.0,0.6214807033538818,0.6802095413208008,0.7821771502494812,0.7996242046356201,0.8493069589138031,0.8637593388557434,156.2049999993178,overlays\disgust_031.png,,
disgust_032,disgust,disgust/Training_92867053.jpg,19de3bd7e9311fb695fc5b60ac70234113cad95a98faa755b7b36826b8572702,19de3bd7e9311fb695fc5b60ac70234113cad95a98faa755b7b36826b8572702,True,48,48,0.0,0.0,47.0,47.0,True,68,68,1.0,68,1.0,0.2,68,1.0,0.40922433137893677,0.6451974630355835,0.7601856589317322,0.7976144552230835,0.8471584916114807,0.884765088558197,159.40209999826038,overlays\disgust_032.png,,
disgust_033,disgust,disgust/Training_43083070.jpg,23c53b036456a877de2d788cdfaa06509ed9d36d0459cf9b9d4c557da17837a4,23c53b036456a877de2d788cdfaa06509ed9d36d0459cf9b9d4c557da17837a4,True,48,48,0.0,0.0,47.0,47.0,True,68,68,1.0,66,0.9705882352941176,0.2,68,1.0,0.3069919943809509,0.5088269472122192,0.732150137424469,0.7913130521774292,0.8326956450939179,0.8585563898086548,159.4794000047841,overlays\disgust_033.png,,
disgust_034,disgust,disgust/Training_36831728.jpg,7e108c5b7df945d89796e2dbafd4fff6767f666d62842248dbd9064fe2641fd6,7e108c5b7df945d89796e2dbafd4fff6767f666d62842248dbd9064fe2641fd6,True,48,48,0.0,0.0,47.0,47.0,True,68,68,1.0,68,1.0,0.2,68,1.0,0.7108311653137207,0.7595163762569428,0.8224757313728333,0.8264626264572144,0.8756364405155181,0.8927339315414429,229.74840000097174,overlays\disgust_034.png,,
disgust_035,disgust,disgust/Training_20767880.jpg,a1232f4b247d2556e03d7443178e3ca2dcb282cd16170d1b00f0a8639ee536a6,a1232f4b247d2556e03d7443178e3ca2dcb282cd16170d1b00f0a8639ee536a6,True,48,48,0.0,0.0,47.0,47.0,True,68,68,1.0,68,1.0,0.2,68,1.0,0.553027331829071,0.6771722316741944,0.7708542346954346,0.7767101526260376,0.8359727740287781,0.872238278388977,159.40189999673748,overlays\disgust_035.png,,
disgust_036,disgust,disgust/Training_41474720.jpg,36aabb1c3136a653fd5e4acec8ad93b113b0a5af06b32a6a3c26a9d39eeb2c21,36aabb1c3136a653fd5e4acec8ad93b113b0a5af06b32a6a3c26a9d39eeb2c21,True,48,48,0.0,0.0,47.0,47.0,True,68,68,1.0,68,1.0,0.2,68,1.0,0.5740933418273926,0.6762266635894776,0.7762978076934814,0.7902147769927979,0.8490311086177826,0.8954309225082397,176.26649999874644,overlays\disgust_036.png,,
disgust_037,disgust,disgust/Training_60674497.jpg,3470e6fd431dcb9c76a3e066f4ac897832224cf01ff945cfca8652b30ccec233,3470e6fd431dcb9c76a3e066f4ac897832224cf01ff945cfca8652b30ccec233,True,48,48,0.0,0.0,47.0,47.0,True,68,68,1.0,68,1.0,0.2,68,1.0,0.4879055917263031,0.683063143491745,0.7988636493682861,0.8222596645355225,0.8790698051452637,0.9103078246116638,156.13580000353977,overlays\disgust_037.png,,
disgust_038,disgust,disgust/Training_79051820.jpg,431c794e1507966f8b6b3dbb8b261978f074b43ba869492992967bb01f0113c1,431c794e1507966f8b6b3dbb8b261978f074b43ba869492992967bb01f0113c1,True,48,48,0.0,0.0,47.0,47.0,True,68,68,1.0,62,0.9117647058823529,0.2,68,1.0,0.6981663703918457,0.7224397659301758,0.8135275840759277,0.8311992883682251,0.8619462370872497,0.8853636384010315,163.29409999889322,overlays\disgust_038.png,,
disgust_039,disgust,disgust/Training_98416381.jpg,35cb7bb930e8c84342135c3fb3288bd9f3468069e3468f4f8614d4bbc7c8eb61,35cb7bb930e8c84342135c3fb3288bd9f3468069e3468f4f8614d4bbc7c8eb61,True,48,48,0.0,0.0,47.0,47.0,True,68,68,1.0,58,0.8529411764705882,0.2,68,1.0,0.6839885115623474,0.734774649143219,0.8153979182243347,0.829828143119812,0.8605423927307129,0.8846995234489441,169.40299999987474,overlays\disgust_039.png,,
disgust_040,disgust,disgust/Training_52480931.jpg,678428f7e58c4b0fe36ec1aeea146ef35a9d118cab24ed60f9f2b6e88bfb5b6a,678428f7e58c4b0fe36ec1aeea146ef35a9d118cab24ed60f9f2b6e88bfb5b6a,True,48,48,0.0,0.0,47.0,47.0,True,68,68,1.0,68,1.0,0.2,68,1.0,0.6933315992355347,0.7309300661087036,0.8039534687995911,0.8124692440032959,0.8550138235092163,0.8807111382484436,155.00649999739835,overlays\disgust_040.png,,
disgust_041,disgust,disgust/Training_28804902.jpg,514a0787af993a7006547b7a1871df119b49feeef0849b0054fbde28d2cea529,514a0787af993a7006547b7a1871df119b49feeef0849b0054fbde28d2cea529,True,48,48,0.0,0.0,47.0,47.0,True,68,68,1.0,68,1.0,0.2,68,1.0,0.5192955136299133,0.6476653397083283,0.7676037549972534,0.7923246622085571,0.8506245374679565,0.9067028760910034,182.62610000238055,overlays\disgust_041.png,,
disgust_042,disgust,disgust/Training_52850336.jpg,763a1647b4b2317700c3be99b20264f83f6bbea2bb6f2c3585ae9d1a7c6479e1,763a1647b4b2317700c3be99b20264f83f6bbea2bb6f2c3585ae9d1a7c6479e1,True,48,48,0.0,0.0,47.0,47.0,True,68,68,1.0,63,0.9264705882352942,0.2,68,1.0,0.6870051622390747,0.7435443818569183,0.8075858354568481,0.7977601289749146,0.8787859320640564,0.9119994640350342,167.04849999950966,overlays\disgust_042.png,,
disgust_043,disgust,disgust/Training_52027906.jpg,5825f9897682bbc3b11a74d46e9f4f60a62de45263cb87c4ff75a01449c05924,5825f9897682bbc3b11a74d46e9f4f60a62de45263cb87c4ff75a01449c05924,True,48,48,0.0,0.0,47.0,47.0,True,68,68,1.0,68,1.0,0.2,68,1.0,0.4670022130012512,0.5799436390399932,0.7268977761268616,0.7479836940765381,0.8337761104106903,0.9045819044113159,152.41210000385763,overlays\disgust_043.png,,
disgust_044,disgust,disgust/Training_33653190.jpg,1b2afe1063c7beedb5165cc4932c070073b6a968f39352afdd55ca8d53e1ae55,1b2afe1063c7beedb5165cc4932c070073b6a968f39352afdd55ca8d53e1ae55,True,48,48,0.0,0.0,47.0,47.0,True,68,68,1.0,68,1.0,0.2,68,1.0,0.7420617938041687,0.7803098738193512,0.8407818078994751,0.84488844871521,0.8853733658790588,0.91745525598526,152.9374000019743,overlays\disgust_044.png,,
disgust_045,disgust,disgust/Training_81772924.jpg,dde5a74c2d169ff64379c972fb25b54f5cf9966e3be9f335dda3bcbe40747802,dde5a74c2d169ff64379c972fb25b54f5cf9966e3be9f335dda3bcbe40747802,True,48,48,0.0,0.0,47.0,47.0,True,68,68,1.0,68,1.0,0.2,68,1.0,0.5978967547416687,0.6682113468647003,0.7711544036865234,0.7841508388519287,0.8446142137050628,0.873526394367218,214.05599999707192,overlays\disgust_045.png,,
disgust_046,disgust,disgust/Training_40146926.jpg,84c465acb12cb757149777fa73ef1a6c8067cc343eddc68fde844d8d296d4ca1,84c465acb12cb757149777fa73ef1a6c8067cc343eddc68fde844d8d296d4ca1,True,48,48,0.0,0.0,47.0,47.0,True,68,68,1.0,67,0.9852941176470589,0.2,68,1.0,0.5707613825798035,0.704630970954895,0.7915298342704773,0.817745566368103,0.8562487304210663,0.8906497955322266,168.1689999968512,overlays\disgust_046.png,,
disgust_047,disgust,disgust/Training_84702718.jpg,05cc498d8afa60904169908f3263f0b66ddf161fc6e891841884e9e56b7a2edc,05cc498d8afa60904169908f3263f0b66ddf161fc6e891841884e9e56b7a2edc,True,48,48,0.0,0.0,47.0,47.0,True,68,68,1.0,68,1.0,0.2,68,1.0,0.5043516755104065,0.647461599111557,0.7262377738952637,0.7424709796905518,0.8004272937774658,0.8580570816993713,150.6009999939124,overlays\disgust_047.png,,
disgust_048,disgust,disgust/Training_82298698.jpg,1f6c11f4cc7a5c67ebb5805b40219602c8841c32f8d330af566bd1ce750c0210,1f6c11f4cc7a5c67ebb5805b40219602c8841c32f8d330af566bd1ce750c0210,True,48,48,0.0,0.0,47.0,47.0,True,68,68,1.0,67,0.9852941176470589,0.2,68,1.0,0.643302321434021,0.7309314429759979,0.8011438250541687,0.818347692489624,0.8529758512973785,0.8947925567626953,151.68370000174036,overlays\disgust_048.png,,
disgust_049,disgust,disgust/Training_79721044.jpg,217254bf1d3a0e65d70d62c31ebdba4690d5d0c8d2d34e77f11c8f1457cd8dd3,217254bf1d3a0e65d70d62c31ebdba4690d5d0c8d2d34e77f11c8f1457cd8dd3,True,48,48,0.0,0.0,47.0,47.0,True,68,68,1.0,66,0.9705882352941176,0.2,68,1.0,0.659878134727478,0.7386840581893921,0.8188166618347168,0.8326098918914795,0.8720390498638153,0.9049240350723267,154.49500000249827,overlays\disgust_049.png,,
disgust_050,disgust,disgust/Training_16806541.jpg,afd89cbd075c785b518897d8dce5687941702876028171e68e1dd288ecd92029,afd89cbd075c785b518897d8dce5687941702876028171e68e1dd288ecd92029,True,48,48,0.0,0.0,47.0,47.0,True,68,68,1.0,68,1.0,0.2,68,1.0,0.6189177632331848,0.7341823935508728,0.819266676902771,0.8377102613449097,0.8686314702033997,0.8909692168235779,157.6292999961879,overlays\disgust_050.png,,
fear_001,fear,fear/Training_41514601.jpg,ad4f2d19f55d34c698c97b8a1bec65eb641af0236eb7b2f2423f54b3b3503a4e,ad4f2d19f55d34c698c97b8a1bec65eb641af0236eb7b2f2423f54b3b3503a4e,True,48,48,0.0,0.0,47.0,47.0,True,68,68,1.0,68,1.0,0.2,67,0.9852941176470589,0.18457148969173431,0.5416711091995239,0.7214237451553345,0.757193922996521,0.8352555334568024,0.8680871725082397,185.5513000045903,overlays\fear_001.png,,
fear_002,fear,fear/Training_54981345.jpg,9b1c845282ceee33e21b8995cea83d0c123188409012bd7ea0b8e05615e47cc0,9b1c845282ceee33e21b8995cea83d0c123188409012bd7ea0b8e05615e47cc0,True,48,48,0.0,0.0,47.0,47.0,True,68,68,1.0,68,1.0,0.2,12,0.17647058823529413,0.058523669838905334,0.06919123455882073,0.14362648129463196,0.12610478699207306,0.2408704921603203,0.3403872847557068,190.49190000077942,overlays\fear_002.png,,
fear_003,fear,fear/Training_40388327.jpg,b5cda9fc1c569069b586fa5230d9314884975f7f85bc919bafd1935e826ce832,b5cda9fc1c569069b586fa5230d9314884975f7f85bc919bafd1935e826ce832,True,48,48,0.0,0.0,47.0,47.0,True,68,68,1.0,67,0.9852941176470589,0.2,68,1.0,0.5272778272628784,0.6204592287540436,0.7773305773735046,0.8173712491989136,0.8617533445358276,0.8953810930252075,169.44800000055693,overlays\fear_003.png,,
fear_004,fear,fear/Training_93653810.jpg,969e50d07373399c151e135e8eb592ba09af55c8ac0dd6b7b1a1855fac123190,969e50d07373399c151e135e8eb592ba09af55c8ac0dd6b7b1a1855fac123190,True,48,48,0.0,0.0,47.0,47.0,True,68,68,1.0,67,0.9852941176470589,0.2,68,1.0,0.7455874681472778,0.7734208047389984,0.8352324366569519,0.8418979644775391,0.8742640554904938,0.9187218546867371,156.7155999946408,overlays\fear_004.png,,
fear_005,fear,fear/Training_78770702.jpg,6b32373668ba6ef052016c85420552833fca59df1f25514a700545add2c989b5,6b32373668ba6ef052016c85420552833fca59df1f25514a700545add2c989b5,True,48,48,0.0,0.0,47.0,47.0,True,68,68,1.0,68,1.0,0.2,68,1.0,0.7369270920753479,0.7852768898010254,0.8341029286384583,0.8378667831420898,0.8740736305713653,0.909907341003418,155.6404000002658,overlays\fear_005.png,,
fear_006,fear,fear/Training_59584482.jpg,b54726390ced334a73b413c3efac011d10fe04eeeca99a54e77342fd61a3faf4,b54726390ced334a73b413c3efac011d10fe04eeeca99a54e77342fd61a3faf4,True,48,48,0.0,0.0,47.0,47.0,True,68,68,1.0,65,0.9558823529411765,0.2,68,1.0,0.6205015778541565,0.7380668520927429,0.7998018860816956,0.8158060312271118,0.8521111488342286,0.8738558292388916,153.40329999889946,overlays\fear_006.png,,
fear_007,fear,fear/Training_49959890.jpg,36d69e449e121e94b4df46fb0bc22bd7b01bff33bb487727da6e29a081356986,36d69e449e121e94b4df46fb0bc22bd7b01bff33bb487727da6e29a081356986,True,48,48,0.0,0.0,47.0,47.0,True,68,68,1.0,68,1.0,0.2,68,1.0,0.6833146810531616,0.7227091372013092,0.7919133305549622,0.79637610912323,0.8491517543792725,0.8882396817207336,183.37549999705516,overlays\fear_007.png,,
fear_008,fear,fear/Training_69092745.jpg,76aac466c97b5521a37a3dcbd7df7461e7831fe4abec299521099f93ae754cfb,76aac466c97b5521a37a3dcbd7df7461e7831fe4abec299521099f93ae754cfb,True,48,48,0.0,0.0,47.0,47.0,True,68,68,1.0,68,1.0,0.2,68,1.0,0.4117852449417114,0.5401974081993103,0.7391456365585327,0.7662029266357422,0.8548819482326507,0.891683042049408,198.1076999945799,overlays\fear_008.png,,
fear_009,fear,fear/Training_20834485.jpg,9827b3a02145fade9cad02e1cc6c29b937e058e557404bbd5bfd5c24ed9eac0a,9827b3a02145fade9cad02e1cc6c29b937e058e557404bbd5bfd5c24ed9eac0a,True,48,48,0.0,0.0,47.0,47.0,True,68,68,1.0,68,1.0,0.2,68,1.0,0.5208835601806641,0.6936631262302398,0.7877025604248047,0.8095734715461731,0.8620148539543152,0.8828046321868896,208.10659999551717,overlays\fear_009.png,,
fear_010,fear,fear/Training_52199927.jpg,e4d89008a4edcd773aa94da6a89c8227b0368af8f9d25a60be93b96e373bf7fa,e4d89008a4edcd773aa94da6a89c8227b0368af8f9d25a60be93b96e373bf7fa,True,48,48,0.0,0.0,47.0,47.0,True,68,68,1.0,68,1.0,0.2,68,1.0,0.6668989658355713,0.6979638814926148,0.7990401387214661,0.810650110244751,0.8770576298236847,0.9016206860542297,227.5480999960564,overlays\fear_010.png,,
fear_011,fear,fear/Training_16231642.jpg,7f5df962b947265f50d1c95a7625be6f44c72efe23053bc526c7ee7e4852c837,7f5df962b947265f50d1c95a7625be6f44c72efe23053bc526c7ee7e4852c837,True,48,48,0.0,0.0,47.0,47.0,True,68,68,1.0,67,0.9852941176470589,0.2,67,0.9852941176470589,0.1521531641483307,0.5932133376598359,0.748445451259613,0.818606972694397,0.873769861459732,0.8903712034225464,183.1166999982088,overlays\fear_011.png,,
fear_012,fear,fear/Training_67492683.jpg,d97ae38d48d3e95ece916994f854c074b6677874a5042b53ecdf6049cb29716a,d97ae38d48d3e95ece916994f854c074b6677874a5042b53ecdf6049cb29716a,True,48,48,0.0,0.0,47.0,47.0,True,68,68,1.0,67,0.9852941176470589,0.2,68,1.0,0.7810543179512024,0.8042816996574402,0.854489266872406,0.8620215654373169,0.8907512068748474,0.9003728032112122,226.5934999959427,overlays\fear_012.png,,
fear_013,fear,fear/Training_83161199.jpg,b1b8aed85dbc8133ae1719856713b576c9d7be99a67f736f99fe5bb1cb74f4ac,b1b8aed85dbc8133ae1719856713b576c9d7be99a67f736f99fe5bb1cb74f4ac,True,48,48,0.0,0.0,47.0,47.0,True,68,68,1.0,68,1.0,0.2,68,1.0,0.5925048589706421,0.7257314562797547,0.8020949363708496,0.8172996640205383,0.8747366666793823,0.9088189601898193,198.6142000023392,overlays\fear_013.png,,
fear_014,fear,fear/Training_59097049.jpg,d1923a4c4c08a655bc00a2b6b898c593d86b9286dc7d282615c5a095aee287ef,d1923a4c4c08a655bc00a2b6b898c593d86b9286dc7d282615c5a095aee287ef,True,48,48,0.0,0.0,47.0,47.0,True,68,68,1.0,65,0.9558823529411765,0.2,68,1.0,0.5731536746025085,0.6842597186565399,0.7765151262283325,0.7912806272506714,0.8458568513393403,0.871613085269928,167.48559999541612,overlays\fear_014.png,,
fear_015,fear,fear/Training_22692248.jpg,75316cd16b98afc54e5b94f5bbf7c0c18e11a32354897ee78a478b5f4bb8aa2c,75316cd16b98afc54e5b94f5bbf7c0c18e11a32354897ee78a478b5f4bb8aa2c,True,48,48,0.0,0.0,47.0,47.0,True,68,68,1.0,68,1.0,0.2,68,1.0,0.6287551522254944,0.698333340883255,0.8161062002182007,0.8430670499801636,0.8863699197769165,0.9028154015541077,157.47389999887673,overlays\fear_015.png,,
fear_016,fear,fear/Training_48666964.jpg,f75a84c5850b8e77d90530c339b4c5565a0cd9035e3f8ee54df9f52b5524f98f,f75a84c5850b8e77d90530c339b4c5565a0cd9035e3f8ee54df9f52b5524f98f,True,48,48,0.0,0.0,47.0,47.0,True,68,68,1.0,62,0.9117647058823529,0.2,68,1.0,0.5813581943511963,0.6689346075057984,0.7900311946868896,0.8167766332626343,0.8634917676448822,0.8991711735725403,155.60040000127628,overlays\fear_016.png,,
fear_017,fear,fear/Training_67402580.jpg,b04286ff69aab12dcd2942ed6c67ccd0db0b86f5a5ae2063c376bdf71b44b582,b04286ff69aab12dcd2942ed6c67ccd0db0b86f5a5ae2063c376bdf71b44b582,True,48,48,0.0,0.0,47.0,47.0,True,68,68,1.0,68,1.0,0.2,68,1.0,0.7365210652351379,0.797758948802948,0.8366957306861877,0.8385547399520874,0.8713018298149109,0.925142228603363,209.66849999967963,overlays\fear_017.png,,
fear_018,fear,fear/Training_48844324.jpg,fff53b2f9da17f50d0f2c6d46fdd1726c127083cc01f51ee531a19e89fa4aee1,fff53b2f9da17f50d0f2c6d46fdd1726c127083cc01f51ee531a19e89fa4aee1,True,48,48,0.0,0.0,47.0,47.0,True,68,68,1.0,68,1.0,0.2,68,1.0,0.6221786737442017,0.7085995614528656,0.8209668397903442,0.8466019630432129,0.8811140418052673,0.9100552797317505,181.5788000021712,overlays\fear_018.png,,
fear_019,fear,fear/Training_9991342.jpg,8adfd77e9bc0994f39a77341bf8f4b3a7423ac2c984215091fd2f0c957342388,8adfd77e9bc0994f39a77341bf8f4b3a7423ac2c984215091fd2f0c957342388,True,48,48,0.0,0.0,47.0,47.0,True,68,68,1.0,67,0.9852941176470589,0.2,68,1.0,0.5704995393753052,0.7286177158355713,0.791200578212738,0.7999784350395203,0.854020893573761,0.879951536655426,205.89099999779137,overlays\fear_019.png,,
fear_020,fear,fear/Training_81891525.jpg,ec05a6baaf8a19e8c484808712e48fb4ef14e15647bd5ab9b860b0df637fc40b,ec05a6baaf8a19e8c484808712e48fb4ef14e15647bd5ab9b860b0df637fc40b,True,48,48,0.0,0.0,47.0,47.0,True,68,68,1.0,68,1.0,0.2,46,0.6764705882352942,0.04695324972271919,0.1026873417198658,0.308506041765213,0.3156014084815979,0.5036433100700379,0.6426299810409546,197.68160000239732,overlays\fear_020.png,,
fear_021,fear,fear/Training_93080889.jpg,f0f94fc2b1e25e24d09752675127b9b0a6b62130665b8760498ebdc23810811d,f0f94fc2b1e25e24d09752675127b9b0a6b62130665b8760498ebdc23810811d,True,48,48,0.0,0.0,47.0,47.0,True,68,68,1.0,64,0.9411764705882353,0.2,68,1.0,0.6813110113143921,0.7845272064208985,0.8388411998748779,0.8422950506210327,0.8902872025966644,0.9269050359725952,214.59760000288952,overlays\fear_021.png,,
fear_022,fear,fear/Training_36150143.jpg,802b5003856149e48572e33c907ae190b9eba4817dbdf981e18c0073caae7ec5,802b5003856149e48572e33c907ae190b9eba4817dbdf981e18c0073caae7ec5,True,48,48,0.0,0.0,47.0,47.0,True,68,68,1.0,67,0.9852941176470589,0.2,68,1.0,0.6927347183227539,0.7529701471328736,0.8210116028785706,0.8354231119155884,0.8770950257778167,0.8899047374725342,157.44809999887366,overlays\fear_022.png,,
fear_023,fear,fear/Training_58538616.jpg,203dc7c0bf18109d094c535f91e2e99ddbcd33b6ed1db5f5083d6f0f492ea69b,203dc7c0bf18109d094c535f91e2e99ddbcd33b6ed1db5f5083d6f0f492ea69b,True,48,48,0.0,0.0,47.0,47.0,True,68,68,1.0,68,1.0,0.2,68,1.0,0.7231087684631348,0.7666156589984894,0.832571804523468,0.8384706974029541,0.8917023599147796,0.9357494115829468,155.33339999819873,overlays\fear_023.png,,
fear_024,fear,fear/Training_35738272.jpg,0b484f6cf051d19f54b1d05be12c484915ef3dd031a0168f04ce9bddf8c60a38,0b484f6cf051d19f54b1d05be12c484915ef3dd031a0168f04ce9bddf8c60a38,True,48,48,0.0,0.0,47.0,47.0,True,68,68,1.0,66,0.9705882352941176,0.2,68,1.0,0.6420162320137024,0.7012844562530518,0.8113613724708557,0.8287553191184998,0.86889808177948,0.882226824760437,200.46169999841368,overlays\fear_024.png,,
fear_025,fear,fear/Training_55220603.jpg,6995555f2c03b4d152f0353a195d7f43f6f85aee2c539df25cbb2cd005fe7606,6995555f2c03b4d152f0353a195d7f43f6f85aee2c539df25cbb2cd005fe7606,True,48,48,0.0,0.0,47.0,47.0,True,68,68,1.0,68,1.0,0.2,68,1.0,0.6703031659126282,0.7416452586650848,0.8285806179046631,0.8382939100265503,0.8883601129055023,0.9163371324539185,160.00580000400078,overlays\fear_025.png,,
fear_026,fear,fear/Training_58288049.jpg,ae61f17fbd9351b666d4d3afdc70b9710fd3d558f4ff6efb2618d9d147352ae5,ae61f17fbd9351b666d4d3afdc70b9710fd3d558f4ff6efb2618d9d147352ae5,True,48,48,0.0,0.0,47.0,47.0,True,68,68,1.0,67,0.9852941176470589,0.2,65,0.9558823529411765,0.1450197398662567,0.2594569593667984,0.7050700187683105,0.7949457168579102,0.8570099711418152,0.8751782774925232,245.03459999687038,overlays\fear_026.png,,
fear_027,fear,fear/Training_87810830.jpg,7ae1b4f9072c18fcddcb45a31ad33a57bae72e0a0cd41cd2880478ca725f6266,7ae1b4f9072c18fcddcb45a31ad33a57bae72e0a0cd41cd2880478ca725f6266,True,48,48,0.0,0.0,47.0,47.0,True,68,68,1.0,68,1.0,0.2,68,1.0,0.5665685534477234,0.6843315541744233,0.7735706567764282,0.7901307344436646,0.8390747606754303,0.8551823496818542,159.64639999583596,overlays\fear_027.png,,
fear_028,fear,fear/Training_82666560.jpg,1ae1e3766fae7491b2f47d312fa6ce554cd464ec948557d6924074df3d3b83b1,1ae1e3766fae7491b2f47d312fa6ce554cd464ec948557d6924074df3d3b83b1,True,48,48,0.0,0.0,47.0,47.0,True,68,68,1.0,68,1.0,0.2,68,1.0,0.3065054416656494,0.6283216416835785,0.7591509819030762,0.7925312519073486,0.8641016066074372,0.9452579021453857,175.65079999621958,overlays\fear_028.png,,
fear_029,fear,fear/Training_75623992.jpg,c7446748c7f200a6fe225e45d6579b1908394268de5749ebd038cde87c73afc8,c7446748c7f200a6fe225e45d6579b1908394268de5749ebd038cde87c73afc8,True,48,48,0.0,0.0,47.0,47.0,True,68,68,1.0,65,0.9558823529411765,0.2,68,1.0,0.5247355699539185,0.630709993839264,0.7534369826316833,0.7747474908828735,0.8473298490047455,0.8738594055175781,159.57009999692673,overlays\fear_029.png,,
fear_030,fear,fear/Training_49932989.jpg,439a02c55eea88f8a03f7d4fac15e15840e98a684b65a2b31da7e3dfa0ba5a19,439a02c55eea88f8a03f7d4fac15e15840e98a684b65a2b31da7e3dfa0ba5a19,True,48,48,0.0,0.0,47.0,47.0,True,68,68,1.0,68,1.0,0.2,68,1.0,0.5992076396942139,0.6529821455478668,0.7564063668251038,0.7740328311920166,0.8196249842643738,0.8502777814865112,157.4668000030215,overlays\fear_030.png,,
fear_031,fear,fear/Training_35629553.jpg,41f63800608efa9f955e1c80a6582cdb5031866816945a9758fbb3b71fb7405b,41f63800608efa9f955e1c80a6582cdb5031866816945a9758fbb3b71fb7405b,True,48,48,0.0,0.0,47.0,47.0,True,68,68,1.0,68,1.0,0.2,68,1.0,0.7381793856620789,0.7868305563926696,0.8323343992233276,0.834119439125061,0.8718091428279877,0.9105072021484375,170.6045000028098,overlays\fear_031.png,,
fear_032,fear,fear/Training_99049934.jpg,21f9cd49e4629588610ff55254f59feeac0f052767977b9227e56fa07d65dc53,21f9cd49e4629588610ff55254f59feeac0f052767977b9227e56fa07d65dc53,True,48,48,0.0,0.0,47.0,47.0,True,68,68,1.0,68,1.0,0.2,64,0.9411764705882353,0.03399521857500076,0.33318130373954774,0.6726269721984863,0.7624186277389526,0.8434160113334656,0.872534453868866,179.83100000128616,overlays\fear_032.png,,
fear_033,fear,fear/Training_2717064.jpg,e0a94f7e9130d25e977dca46898cbc0f9c8ea82db357ad09987c2b9e8ee1c16c,e0a94f7e9130d25e977dca46898cbc0f9c8ea82db357ad09987c2b9e8ee1c16c,True,48,48,0.0,0.0,47.0,47.0,True,68,68,1.0,68,1.0,0.2,68,1.0,0.30427008867263794,0.6445223867893219,0.7694814801216125,0.8174409866333008,0.8669136524200439,0.9347471594810486,176.11400000168942,overlays\fear_033.png,,
fear_034,fear,fear/Training_19175584.jpg,683929a4412dd7ce02666cf295dfcc3200a5aed9f21ad055168f27da98a84e85,683929a4412dd7ce02666cf295dfcc3200a5aed9f21ad055168f27da98a84e85,True,48,48,0.0,0.0,47.0,47.0,True,68,68,1.0,67,0.9852941176470589,0.2,34,0.5,0.025486325845122337,0.08205170333385467,0.23599891364574432,0.20191684365272522,0.3916182398796082,0.5602049231529236,240.19399999815505,overlays\fear_034.png,,
fear_035,fear,fear/Training_30471858.jpg,f5568cd9ad79989d060efcedfa2e017376ba224052cbf75e603a48dba3cfd5aa,f5568cd9ad79989d060efcedfa2e017376ba224052cbf75e603a48dba3cfd5aa,True,48,48,0.0,0.0,47.0,47.0,True,68,68,1.0,64,0.9411764705882353,0.2,68,1.0,0.6618445515632629,0.7353570342063904,0.8289650082588196,0.8372186422348022,0.8832721889019013,0.9483224153518677,174.3581999980961,overlays\fear_035.png,,
fear_036,fear,fear/Training_38408538.jpg,08139a9cbfe329db47f9f05b67e84514219abe674631d52a5dd641e6bc1fae0d,08139a9cbfe329db47f9f05b67e84514219abe674631d52a5dd641e6bc1fae0d,True,48,48,0.0,0.0,47.0,47.0,True,68,68,1.0,62,0.9117647058823529,0.2,68,1.0,0.7333802580833435,0.7780711829662323,0.8337293863296509,0.8392743468284607,0.8830129265785217,0.9000920653343201,163.7510000000475,overlays\fear_036.png,,
fear_037,fear,fear/Training_39754546.jpg,b148a3938c5a3e186a5131d00bee15401fcb0e7c979d2baef967af26665f7653,b148a3938c5a3e186a5131d00bee15401fcb0e7c979d2baef967af26665f7653,True,48,48,0.0,0.0,47.0,47.0,True,68,68,1.0,68,1.0,0.2,68,1.0,0.7089735269546509,0.7303144991397857,0.8171537518501282,0.8294331431388855,0.8698667287826538,0.8991661667823792,161.6305999996257,overlays\fear_037.png,,
fear_038,fear,fear/Training_86553920.jpg,effdc320fff4f493d5686c08fd7a868fe552e20a7121a137e13d2bb76b7b0558,effdc320fff4f493d5686c08fd7a868fe552e20a7121a137e13d2bb76b7b0558,True,48,48,0.0,0.0,47.0,47.0,True,68,68,1.0,68,1.0,0.2,68,1.0,0.7200945615768433,0.7581902742385864,0.8219184875488281,0.8272688984870911,0.8655166327953339,0.8829261064529419,161.24919999856502,overlays\fear_038.png,,
fear_039,fear,fear/Training_22220014.jpg,7d87f32c5b8b9451923651083f9aba1906fa541ad44a8fae3a1449a6637a0f45,7d87f32c5b8b9451923651083f9aba1906fa541ad44a8fae3a1449a6637a0f45,True,48,48,0.0,0.0,47.0,47.0,True,68,68,1.0,63,0.9264705882352942,0.2,68,1.0,0.6355876326560974,0.698058444261551,0.7959014773368835,0.8193086981773376,0.8565144360065461,0.877393364906311,202.92699999845354,overlays\fear_039.png,,
fear_040,fear,fear/Training_7989182.jpg,bbb4868f8463d4b27cd276690c16ca76bf439496b51e1092396d2142d00d73b2,bbb4868f8463d4b27cd276690c16ca76bf439496b51e1092396d2142d00d73b2,True,48,48,0.0,0.0,47.0,47.0,True,68,68,1.0,67,0.9852941176470589,0.2,68,1.0,0.7628573179244995,0.7948875725269318,0.8448929786682129,0.8485547304153442,0.8860858023166657,0.9016624093055725,155.5856000049971,overlays\fear_040.png,,
fear_041,fear,fear/Training_79198157.jpg,e522267a344eaa1d16ed6dbc6ff20516ff706089963a7ad397cb117bc07f4f2e,e522267a344eaa1d16ed6dbc6ff20516ff706089963a7ad397cb117bc07f4f2e,True,48,48,0.0,0.0,47.0,47.0,True,68,68,1.0,68,1.0,0.2,68,1.0,0.5770519375801086,0.6721521198749543,0.7657414078712463,0.7892422676086426,0.8329785823822021,0.8992406129837036,188.7404000008246,overlays\fear_041.png,,
fear_042,fear,fear/Training_94538613.jpg,fc9208b87d67c2b54c4c04ed15556c23d4f621f3356e4dee9b14be06e4b686e3,fc9208b87d67c2b54c4c04ed15556c23d4f621f3356e4dee9b14be06e4b686e3,True,48,48,0.0,0.0,47.0,47.0,True,68,68,1.0,68,1.0,0.2,68,1.0,0.5139742493629456,0.6340832948684693,0.7546380162239075,0.7706005573272705,0.8413043081760407,0.8760053515434265,171.05580000497866,overlays\fear_042.png,,
fear_043,fear,fear/Training_56116258.jpg,fff53b2f9da17f50d0f2c6d46fdd1726c127083cc01f51ee531a19e89fa4aee1,fff53b2f9da17f50d0f2c6d46fdd1726c127083cc01f51ee531a19e89fa4aee1,True,48,48,0.0,0.0,47.0,47.0,True,68,68,1.0,68,1.0,0.2,68,1.0,0.6221786737442017,0.7085995614528656,0.8209668397903442,0.8466019630432129,0.8811140418052673,0.9100552797317505,156.7051000020001,overlays\fear_043.png,,
fear_044,fear,fear/Training_12407165.jpg,0034ca8c8519bcf3be89347be7a18e0afd12b1a60968400bd5f368a4f6b9de5b,0034ca8c8519bcf3be89347be7a18e0afd12b1a60968400bd5f368a4f6b9de5b,True,48,48,0.0,0.0,47.0,47.0,True,68,68,1.0,66,0.9705882352941176,0.2,68,1.0,0.7504080533981323,0.7800008594989777,0.8283482789993286,0.829318642616272,0.8772504150867462,0.9011158347129822,152.0001000026241,overlays\fear_044.png,,
fear_045,fear,fear/Training_31312492.jpg,25f6864ad08f3a2773d208dce27beb8a715aa3f2c56081a4dfd63b9364e3aed5,25f6864ad08f3a2773d208dce27beb8a715aa3f2c56081a4dfd63b9364e3aed5,True,48,48,0.0,0.0,47.0,47.0,True,68,68,1.0,67,0.9852941176470589,0.2,68,1.0,0.6823586225509644,0.7430774748325348,0.8089821338653564,0.8141594529151917,0.8529293477535248,0.9023852348327637,173.84609999862732,overlays\fear_045.png,,
fear_046,fear,fear/Training_5893783.jpg,d8782246d5b20b5557b43324ed87a6e3d72f0d3e20e757da7bbbaa10bef73e40,d8782246d5b20b5557b43324ed87a6e3d72f0d3e20e757da7bbbaa10bef73e40,True,48,48,0.0,0.0,47.0,47.0,True,68,68,1.0,68,1.0,0.2,68,1.0,0.5051560997962952,0.6563388764858246,0.7711844444274902,0.7927796840667725,0.8324480712413788,0.8626762628555298,191.45189999835566,overlays\fear_046.png,,
fear_047,fear,fear/Training_71834753.jpg,a4c40c3ccd31b71ef4e9099ccd59178d6053e280572e3eb96abf7c8bab606503,a4c40c3ccd31b71ef4e9099ccd59178d6053e280572e3eb96abf7c8bab606503,True,48,48,0.0,0.0,47.0,47.0,True,68,68,1.0,68,1.0,0.2,68,1.0,0.7461951375007629,0.7856491208076477,0.8343312740325928,0.8411412239074707,0.876083517074585,0.8994460701942444,155.6893000015407,overlays\fear_047.png,,
fear_048,fear,fear/Training_30822291.jpg,423cfd6dbd717cfaa293e23e54ed7775d25c28b3afd94c88ccfdf67b76aafec5,423cfd6dbd717cfaa293e23e54ed7775d25c28b3afd94c88ccfdf67b76aafec5,True,48,48,0.0,0.0,47.0,47.0,True,68,68,1.0,68,1.0,0.2,68,1.0,0.74811851978302,0.7953052163124085,0.850089967250824,0.860198974609375,0.8881168961524963,0.9194945096969604,215.8041000002413,overlays\fear_048.png,,
fear_049,fear,fear/Training_6358706.jpg,5ab10ea3a8efdaeef13a0542f6e0617c6b5d2d109ea9d3c58619f85acae61a51,5ab10ea3a8efdaeef13a0542f6e0617c6b5d2d109ea9d3c58619f85acae61a51,True,48,48,0.0,0.0,47.0,47.0,True,68,68,1.0,68,1.0,0.2,68,1.0,0.33488407731056213,0.4752036690711975,0.7442070245742798,0.8030369281768799,0.8623219966888428,0.8963831067085266,152.9489000022295,overlays\fear_049.png,,
fear_050,fear,fear/Training_88831227.jpg,5a340047bd2c3cbdc7732863e746fedc639f3cce0ecd04bed0f8472f548e2cc6,5a340047bd2c3cbdc7732863e746fedc639f3cce0ecd04bed0f8472f548e2cc6,True,48,48,0.0,0.0,47.0,47.0,True,68,68,1.0,68,1.0,0.2,68,1.0,0.7650392055511475,0.8049945950508117,0.8479437828063965,0.8510229587554932,0.8867383778095246,0.9133986830711365,152.75909999763826,overlays\fear_050.png,,
happy_001,happy,happy/Training_25566250.jpg,5adb8c6ee17f40d912bb9a3ee94e22adbf34f21537ff404106d5f10385c8da8a,5adb8c6ee17f40d912bb9a3ee94e22adbf34f21537ff404106d5f10385c8da8a,True,48,48,0.0,0.0,47.0,47.0,True,68,68,1.0,68,1.0,0.2,68,1.0,0.24379488825798035,0.5567171275615692,0.7385241389274597,0.7878416776657104,0.8719996452331543,0.9035791754722595,208.89960000204155,overlays\happy_001.png,,
happy_002,happy,happy/Training_56416885.jpg,273a9b0c1191533de1be4155283c886e654cbf29bf53b76d68be7ce95679d97e,273a9b0c1191533de1be4155283c886e654cbf29bf53b76d68be7ce95679d97e,True,48,48,0.0,0.0,47.0,47.0,True,68,68,1.0,68,1.0,0.2,68,1.0,0.7085938453674316,0.7818939208984375,0.8398776054382324,0.8435968160629272,0.8817180216312408,0.9213830232620239,165.29499999887776,overlays\happy_002.png,,
happy_003,happy,happy/Training_1027250.jpg,60d0da158e9e0ce2b8f03a3c2feac99f0605c7cabcd8f4e3de084d4b3beca46a,60d0da158e9e0ce2b8f03a3c2feac99f0605c7cabcd8f4e3de084d4b3beca46a,True,48,48,0.0,0.0,47.0,47.0,True,68,68,1.0,68,1.0,0.2,68,1.0,0.7430474758148193,0.7886768519878388,0.8515877723693848,0.862732470035553,0.8964078247547149,0.9224328994750977,218.95179999410175,overlays\happy_003.png,,
happy_004,happy,happy/Training_83878071.jpg,efb9b8896f320c18046c1831bae2d47e9619ed2cf810cbb2c22f93e5b9d4146a,efb9b8896f320c18046c1831bae2d47e9619ed2cf810cbb2c22f93e5b9d4146a,True,48,48,0.0,0.0,47.0,47.0,True,68,68,1.0,68,1.0,0.2,68,1.0,0.6666280627250671,0.7629498183727265,0.8261092901229858,0.8357782959938049,0.8760761678218841,0.919624388217926,152.39869999641087,overlays\happy_004.png,,
happy_005,happy,happy/Training_99396547.jpg,3de241f1e55e801a13dfea25575e0c54d4c88864a28380e20d63f2345995e5ee,3de241f1e55e801a13dfea25575e0c54d4c88864a28380e20d63f2345995e5ee,True,48,48,0.0,0.0,47.0,47.0,True,68,68,1.0,68,1.0,0.2,68,1.0,0.702522873878479,0.7754197895526886,0.8239330649375916,0.8276301622390747,0.8671888530254365,0.8929741382598877,155.70790000492707,overlays\happy_005.png,,
happy_006,happy,happy/Training_83686207.jpg,fb0e6ae14cef3f1f4694113ce6c9112c45ad0c5f4645b385c98231076df85afe,fb0e6ae14cef3f1f4694113ce6c9112c45ad0c5f4645b385c98231076df85afe,True,48,48,0.0,0.0,47.0,47.0,True,68,68,1.0,68,1.0,0.2,68,1.0,0.6878769993782043,0.739249712228775,0.8036928772926331,0.8166735172271729,0.8519974052906036,0.8669479489326477,212.49779999925522,overlays\happy_006.png,,
happy_007,happy,happy/Training_3661380.jpg,7c28301606a180c811b850ebafad830c2bff50c1e51a1eb3ccd760b530c049be,7c28301606a180c811b850ebafad830c2bff50c1e51a1eb3ccd760b530c049be,True,48,48,0.0,0.0,47.0,47.0,True,68,68,1.0,68,1.0,0.2,68,1.0,0.7605998516082764,0.7931914746761322,0.8391910195350647,0.8418010473251343,0.8796567022800446,0.9111425280570984,183.16970000159927,overlays\happy_007.png,,
happy_008,happy,happy/Training_6152578.jpg,bbb218a11ed2139b14f85ba064ee5a9b7a8133b60ff70c741121c3a6515a979c,bbb218a11ed2139b14f85ba064ee5a9b7a8133b60ff70c741121c3a6515a979c,True,48,48,0.0,0.0,47.0,47.0,True,68,68,1.0,68,1.0,0.2,68,1.0,0.6955553293228149,0.7811376988887787,0.8400107026100159,0.8522697687149048,0.8832963585853577,0.9368056058883667,173.9409000001615,overlays\happy_008.png,,
happy_009,happy,happy/Training_8782744.jpg,2cc1db749109102cad78124e3262708daae497a160bca515d800dbff27ac4aee,2cc1db749109102cad78124e3262708daae497a160bca515d800dbff27ac4aee,True,48,48,0.0,0.0,47.0,47.0,True,68,68,1.0,68,1.0,0.2,68,1.0,0.2892840802669525,0.6100227773189545,0.7626839876174927,0.8023428916931152,0.868322741985321,0.8961135149002075,161.71100000065053,overlays\happy_009.png,,
happy_010,happy,happy/Training_27676856.jpg,ef8664b47f350719b0516ef32a03ee74b202881b1343ce1b84acc7c9cf702788,ef8664b47f350719b0516ef32a03ee74b202881b1343ce1b84acc7c9cf702788,True,48,48,0.0,0.0,47.0,47.0,True,68,68,1.0,68,1.0,0.2,68,1.0,0.4876401424407959,0.6723888158798218,0.7832847833633423,0.8094388842582703,0.8629468023777008,0.8852443695068359,156.65659999649506,overlays\happy_010.png,,
happy_011,happy,happy/Training_62188248.jpg,b9de524f06645b55d388b3fcddc908c8aba0ad3a11c641f44184347c387d5975,b9de524f06645b55d388b3fcddc908c8aba0ad3a11c641f44184347c387d5975,True,48,48,0.0,0.0,47.0,47.0,True,68,68,1.0,68,1.0,0.2,68,1.0,0.6592783331871033,0.7611974775791168,0.8358351588249207,0.8422233462333679,0.888012820482254,0.9154329299926758,190.40169999789214,overlays\happy_011.png,,
happy_012,happy,happy/Training_20567352.jpg,6a6053932b8a6cc6bf8400a1c64080b41ee3e2676aa2a5b386e2b4e7b9c4ba67,6a6053932b8a6cc6bf8400a1c64080b41ee3e2676aa2a5b386e2b4e7b9c4ba67,True,48,48,0.0,0.0,47.0,47.0,True,68,68,1.0,68,1.0,0.2,68,1.0,0.7422060966491699,0.7774539768695832,0.8284922242164612,0.8324307203292847,0.8692607820034027,0.9241181015968323,177.1022000029916,overlays\happy_012.png,,
happy_013,happy,happy/Training_98862396.jpg,1764714bfeba7beae92537d7741c29741275bf17f6f128d218f30cb534572beb,1764714bfeba7beae92537d7741c29741275bf17f6f128d218f30cb534572beb,True,48,48,0.0,0.0,47.0,47.0,True,68,68,1.0,66,0.9705882352941176,0.2,68,1.0,0.733586311340332,0.7889432966709137,0.8411413431167603,0.8504241108894348,0.8847679734230042,0.9230034947395325,157.96830000181217,overlays\happy_013.png,,
happy_014,happy,happy/Training_74006160.jpg,d5fb12d7c5be20dabc04eb967186b6e673ca44c2ff07ed1822ca110f30eaebbf,d5fb12d7c5be20dabc04eb967186b6e673ca44c2ff07ed1822ca110f30eaebbf,True,48,48,0.0,0.0,47.0,47.0,True,68,68,1.0,67,0.9852941176470589,0.2,68,1.0,0.6517911553382874,0.7088252186775208,0.8113055229187012,0.8294128179550171,0.8799059331417084,0.9121843576431274,192.89750000461936,overlays\happy_014.png,,
happy_015,happy,happy/Training_40467308.jpg,b6f4ad47ce1f2f0e731950d8908e15f8bdb7721486c96a5a9a65bed7a1cc2bbf,b6f4ad47ce1f2f0e731950d8908e15f8bdb7721486c96a5a9a65bed7a1cc2bbf,True,48,48,0.0,0.0,47.0,47.0,True,68,68,1.0,68,1.0,0.2,68,1.0,0.5371958017349243,0.7139444708824157,0.8038422465324402,0.812226414680481,0.8805573940277099,0.940795361995697,187.8186999965692,overlays\happy_015.png,,
happy_016,happy,happy/Training_95843052.jpg,2c615726a1546644030fbebf98954b6740884bbd7fb438f4fc0d1e81b610ff6b,2c615726a1546644030fbebf98954b6740884bbd7fb438f4fc0d1e81b610ff6b,True,48,48,0.0,0.0,47.0,47.0,True,68,68,1.0,68,1.0,0.2,68,1.0,0.5743740200996399,0.6584435164928436,0.787630021572113,0.8161945343017578,0.8512317776679993,0.8755200505256653,152.43829999963054,overlays\happy_016.png,,
happy_017,happy,happy/Training_75417506.jpg,671ff4e63b6a470b013cfb5abb98de42556394322aec6ae7a1b70c63f9d02b68,671ff4e63b6a470b013cfb5abb98de42556394322aec6ae7a1b70c63f9d02b68,True,48,48,0.0,0.0,47.0,47.0,True,68,68,1.0,66,0.9705882352941176,0.2,68,1.0,0.6215767860412598,0.7237870275974274,0.8123531341552734,0.8294116258621216,0.8783805072307587,0.9094864726066589,153.08530000038445,overlays\happy_017.png,,
happy_018,happy,happy/Training_72547381.jpg,c80509db444f08c92fb138f3fee6c20be50f2ef38c76ef35658ddc32ec24b413,c80509db444f08c92fb138f3fee6c20be50f2ef38c76ef35658ddc32ec24b413,True,48,48,0.0,0.0,47.0,47.0,True,68,68,1.0,67,0.9852941176470589,0.2,68,1.0,0.6858171820640564,0.7508041203022003,0.8230441808700562,0.83463454246521,0.8760688066482544,0.9102146625518799,156.60590000334196,overlays\happy_018.png,,
happy_019,happy,happy/Training_29673005.jpg,006c380dbed56f498d97e72c77602db3ae8615a0629b8eb5af174a24d7098cba,006c380dbed56f498d97e72c77602db3ae8615a0629b8eb5af174a24d7098cba,True,48,48,0.0,0.0,47.0,47.0,True,68,68,1.0,67,0.9852941176470589,0.2,68,1.0,0.5567765831947327,0.664595240354538,0.7786568999290466,0.8021050691604614,0.8527480661869049,0.8929039835929871,177.112199999101,overlays\happy_019.png,,
happy_020,happy,happy/Training_25184507.jpg,f94263eca9a81d103576aab2f88b6ec6cf67670ffbc87577bca552a651f12dd5,f94263eca9a81d103576aab2f88b6ec6cf67670ffbc87577bca552a651f12dd5,True,48,48,0.0,0.0,47.0,47.0,True,68,68,1.0,68,1.0,0.2,68,1.0,0.7662628293037415,0.8117624163627625,0.8512871265411377,0.8525739908218384,0.890772444009781,0.9465012550354004,155.42550000100164,overlays\happy_020.png,,
happy_021,happy,happy/Training_4824309.jpg,bf6a50926fbf098cae2ddd1ebe3a403d4f2f237c8693411a984a7c2c3632057a,bf6a50926fbf098cae2ddd1ebe3a403d4f2f237c8693411a984a7c2c3632057a,True,48,48,0.0,0.0,47.0,47.0,True,68,68,1.0,68,1.0,0.2,68,1.0,0.7366910576820374,0.7709507763385772,0.8169255256652832,0.814089834690094,0.8648293733596801,0.8900319337844849,160.4275999998208,overlays\happy_021.png,,
happy_022,happy,happy/Training_87863182.jpg,4155e80cd0db2542c3b94c5d8ade5a38aa68f63eb79cc6246fa558110c89e616,4155e80cd0db2542c3b94c5d8ade5a38aa68f63eb79cc6246fa558110c89e616,True,48,48,0.0,0.0,47.0,47.0,True,68,68,1.0,67,0.9852941176470589,0.2,68,1.0,0.7291714549064636,0.7564232647418976,0.826793372631073,0.8336893916130066,0.8806923627853394,0.9142518043518066,154.1854000024614,overlays\happy_022.png,,
happy_023,happy,happy/Training_25976138.jpg,b14d3a2813fcb9270fc528c9fe2b248ab90b48885a9fe06858a2ae7fd3a5ff16,b14d3a2813fcb9270fc528c9fe2b248ab90b48885a9fe06858a2ae7fd3a5ff16,True,48,48,0.0,0.0,47.0,47.0,True,68,68,1.0,68,1.0,0.2,68,1.0,0.7533722519874573,0.8080231845378876,0.8511467576026917,0.8554548025131226,0.8939813196659088,0.9145868420600891,159.63210000336403,overlays\happy_023.png,,
happy_024,happy,happy/Training_65489657.jpg,147cc7f581a3f37325da35e309258e95edf6f6c343db8ebd64e77a35599c32ad,147cc7f581a3f37325da35e309258e95edf6f6c343db8ebd64e77a35599c32ad,True,48,48,0.0,0.0,47.0,47.0,True,68,68,1.0,67,0.9852941176470589,0.2,68,1.0,0.695464015007019,0.7435070693492889,0.8144437074661255,0.8138632774353027,0.8755452156066894,0.9034673571586609,218.5712999998941,overlays\happy_024.png,,
happy_025,happy,happy/Training_89286937.jpg,57218ba971b7d15f3f60fe89e9adcff3bb1034e45d8ba9683d2230558ceb70e6,57218ba971b7d15f3f60fe89e9adcff3bb1034e45d8ba9683d2230558ceb70e6,True,48,48,0.0,0.0,47.0,47.0,True,68,68,1.0,66,0.9705882352941176,0.2,68,1.0,0.6491301655769348,0.7649638712406158,0.819046676158905,0.8275353908538818,0.863102149963379,0.9070489406585693,158.92670000175713,overlays\happy_025.png,,
happy_026,happy,happy/Training_64528538.jpg,e9c601f465fee953103a2ffeb12cc9bff20db6166194884a4b281778a42f4653,e9c601f465fee953103a2ffeb12cc9bff20db6166194884a4b281778a42f4653,True,48,48,0.0,0.0,47.0,47.0,True,68,68,1.0,67,0.9852941176470589,0.2,68,1.0,0.4730980694293976,0.6688294589519501,0.7865209579467773,0.8165388107299805,0.8655868530273437,0.8896326422691345,151.86490000633057,overlays\happy_026.png,,
happy_027,happy,happy/Training_10080933.jpg,d3a6899116fa30d88cdfc07793efb9d046d0129540528a4e4208d81ef3f9b3e0,d3a6899116fa30d88cdfc07793efb9d046d0129540528a4e4208d81ef3f9b3e0,True,48,48,0.0,0.0,47.0,47.0,True,68,68,1.0,68,1.0,0.2,68,1.0,0.5366276502609253,0.6938313364982605,0.8010005354881287,0.8238161206245422,0.8756179273128509,0.9055789709091187,156.9923999995808,overlays\happy_027.png,,
happy_028,happy,happy/Training_71437908.jpg,9a7f035660d86e6e89eb6d748a01f87e428f530a6b0adfe07c5c5c084271e879,9a7f035660d86e6e89eb6d748a01f87e428f530a6b0adfe07c5c5c084271e879,True,48,48,0.0,0.0,47.0,47.0,True,68,68,1.0,68,1.0,0.2,68,1.0,0.693423867225647,0.7755256831645966,0.8229548335075378,0.8269385099411011,0.8721300601959229,0.9029666185379028,153.0895000032615,overlays\happy_028.png,,
happy_029,happy,happy/Training_4301800.jpg,2041b0b1bd0f9cb1050bc1b4085c12b0e1e9b696a4551486346e049c1c674398,2041b0b1bd0f9cb1050bc1b4085c12b0e1e9b696a4551486346e049c1c674398,True,48,48,0.0,0.0,47.0,47.0,True,68,68,1.0,68,1.0,0.2,68,1.0,0.5576991438865662,0.6246322214603424,0.7378812432289124,0.7488275766372681,0.8064040780067444,0.8334226608276367,211.753099996713,overlays\happy_029.png,,
happy_030,happy,happy/Training_60286071.jpg,65e66037039c89332779490edeb7cac91f37ec8d9babbe86af6dcf9d5fbc5e1d,65e66037039c89332779490edeb7cac91f37ec8d9babbe86af6dcf9d5fbc5e1d,True,48,48,0.0,0.0,47.0,47.0,True,68,68,1.0,68,1.0,0.2,68,1.0,0.6961562037467957,0.7499692022800446,0.8292000889778137,0.842530369758606,0.8879204630851746,0.9439165592193604,188.16390000574756,overlays\happy_030.png,,
happy_031,happy,happy/Training_11804569.jpg,335743edf5f7e6dce87db36832d32cd29e3b3816c37b9570d2207134ca0139c3,335743edf5f7e6dce87db36832d32cd29e3b3816c37b9570d2207134ca0139c3,True,48,48,0.0,0.0,47.0,47.0,True,68,68,1.0,67,0.9852941176470589,0.2,68,1.0,0.6227297782897949,0.7111049473285675,0.7958546876907349,0.8151891827583313,0.854032015800476,0.8715923428535461,171.97589999705087,overlays\happy_031.png,,
happy_032,happy,happy/Training_21227042.jpg,6f611a953bd292462c3681c7ab4a566f301ca66988459ae4edf1b01ecf574b8d,6f611a953bd292462c3681c7ab4a566f301ca66988459ae4edf1b01ecf574b8d,True,48,48,0.0,0.0,47.0,47.0,True,68,68,1.0,68,1.0,0.2,68,1.0,0.5849882960319519,0.7290046036243438,0.8122788667678833,0.8264459371566772,0.8707328557968139,0.895727276802063,158.3496000021114,overlays\happy_032.png,,
happy_033,happy,happy/Training_47060911.jpg,47150e342242aa8264277cff8443e99ad0fb7f18a87ebe75e489f0ca1850aa3e,47150e342242aa8264277cff8443e99ad0fb7f18a87ebe75e489f0ca1850aa3e,True,48,48,0.0,0.0,47.0,47.0,True,68,68,1.0,68,1.0,0.2,68,1.0,0.725074052810669,0.768566346168518,0.826392650604248,0.8325124979019165,0.864607298374176,0.900414764881134,153.7322000003769,overlays\happy_033.png,,
happy_034,happy,happy/Training_99770266.jpg,b117e8050792a9596746cc94557a3076556d9f7353ff098059fd5bb58b02967c,b117e8050792a9596746cc94557a3076556d9f7353ff098059fd5bb58b02967c,True,48,48,0.0,0.0,47.0,47.0,True,68,68,1.0,68,1.0,0.2,68,1.0,0.6835250854492188,0.7755655467510223,0.8301720023155212,0.8377207517623901,0.8802199602127075,0.9049555063247681,152.7912000019569,overlays\happy_034.png,,
happy_035,happy,happy/Training_94853036.jpg,b21ca4889c3e7b034ca5cd24c827f63551d07c34ad992a5231a30a7f924b2bac,b21ca4889c3e7b034ca5cd24c827f63551d07c34ad992a5231a30a7f924b2bac,True,48,48,0.0,0.0,47.0,47.0,True,68,68,1.0,68,1.0,0.2,68,1.0,0.2001761794090271,0.3273481547832489,0.5364073514938354,0.5875914096832275,0.6722068190574646,0.7986286878585815,163.8779999993858,overlays\happy_035.png,,
happy_036,happy,happy/Training_92214730.jpg,7584773c30a923bf26e26421f492c3d414ccd099d6f93605bd8c4d64068996d8,7584773c30a923bf26e26421f492c3d414ccd099d6f93605bd8c4d64068996d8,True,48,48,0.0,0.0,47.0,47.0,True,68,68,1.0,57,0.8382352941176471,0.2,67,0.9852941176470589,0.15614522993564606,0.5328301846981048,0.7462811470031738,0.8066980242729187,0.8684659838676453,0.89278644323349,153.48879999510245,overlays\happy_036.png,,
happy_037,happy,happy/Training_41487314.jpg,2bc946b6c89470edea2cfa51adacdba972938e48aca47238fda0ad3e3a787ed6,2bc946b6c89470edea2cfa51adacdba972938e48aca47238fda0ad3e3a787ed6,True,48,48,0.0,0.0,47.0,47.0,True,68,68,1.0,68,1.0,0.2,68,1.0,0.62323397397995,0.7424726784229279,0.8132729530334473,0.8264468312263489,0.8660770416259765,0.8940706253051758,166.36179999477463,overlays\happy_037.png,,
happy_038,happy,happy/Training_34141219.jpg,e7bce4240c68b7954439c1dd0f57fdd1043c48729f95a16ddb8b6e65d1f2f388,e7bce4240c68b7954439c1dd0f57fdd1043c48729f95a16ddb8b6e65d1f2f388,True,48,48,0.0,0.0,47.0,47.0,True,68,68,1.0,68,1.0,0.2,68,1.0,0.6884763240814209,0.7510922133922577,0.8132241368293762,0.8201502561569214,0.8662225008010864,0.8826943635940552,196.5529000008246,overlays\happy_038.png,,
happy_039,happy,happy/Training_15821022.jpg,a97bd6d60a152d83f28fb412aba99bb00eb816177fee9649f239d3d0a5a6532a,a97bd6d60a152d83f28fb412aba99bb00eb816177fee9649f239d3d0a5a6532a,True,48,48,0.0,0.0,47.0,47.0,True,68,68,1.0,67,0.9852941176470589,0.2,68,1.0,0.7619890570640564,0.7897375881671905,0.8292403221130371,0.8270424604415894,0.8699484050273896,0.9114905595779419,163.52980000374373,overlays\happy_039.png,,
happy_040,happy,happy/Training_34301439.jpg,eda54c6ca2a7b082a8a01ef1a22280add8d73f39777a13358adf1270d2706e23,eda54c6ca2a7b082a8a01ef1a22280add8d73f39777a13358adf1270d2706e23,True,48,48,0.0,0.0,47.0,47.0,True,68,68,1.0,68,1.0,0.2,68,1.0,0.4522626996040344,0.5770666837692261,0.6857019662857056,0.7010064125061035,0.7546845555305481,0.798779308795929,156.06359999947017,overlays\happy_040.png,,
happy_041,happy,happy/Training_99702971.jpg,e2ab1c2feead6fdd4a3f39cf141fe132e74f35075f42b607d2382c837a010380,e2ab1c2feead6fdd4a3f39cf141fe132e74f35075f42b607d2382c837a010380,True,48,48,0.0,0.0,47.0,47.0,True,68,68,1.0,68,1.0,0.2,68,1.0,0.6175684928894043,0.7464653551578522,0.8247355818748474,0.8249280452728271,0.8823891162872315,0.9379410743713379,171.2035000018659,overlays\happy_041.png,,
happy_042,happy,happy/Training_68121684.jpg,5a91d943f8f0ec0b7e09b3afe9012a1d137d515c0920a4f6cb508074ea516797,5a91d943f8f0ec0b7e09b3afe9012a1d137d515c0920a4f6cb508074ea516797,True,48,48,0.0,0.0,47.0,47.0,True,68,68,1.0,68,1.0,0.2,68,1.0,0.7054738998413086,0.7722012341022492,0.8201786875724792,0.822382390499115,0.8688285231590271,0.8900977373123169,178.69530000461964,overlays\happy_042.png,,
happy_043,happy,happy/Training_17794787.jpg,10752ca7fd875c64b2f119e5c12abf1944c6295ac39e85f79e0acf6a7939c3f2,10752ca7fd875c64b2f119e5c12abf1944c6295ac39e85f79e0acf6a7939c3f2,True,48,48,0.0,0.0,47.0,47.0,True,68,68,1.0,68,1.0,0.2,68,1.0,0.6991186738014221,0.7812206327915192,0.8381738066673279,0.8446907997131348,0.8803665637969971,0.9085334539413452,158.89579999929992,overlays\happy_043.png,,
happy_044,happy,happy/Training_18419185.jpg,5ae23b7002cdce5a4e51b431c5655e25f2c97ca335790474cd1ccc8576287d1a,5ae23b7002cdce5a4e51b431c5655e25f2c97ca335790474cd1ccc8576287d1a,True,48,48,0.0,0.0,47.0,47.0,True,68,68,1.0,68,1.0,0.2,68,1.0,0.6711491346359253,0.7494176805019379,0.8297975063323975,0.8451958894729614,0.8836109697818756,0.9065890908241272,160.56750000279862,overlays\happy_044.png,,
happy_045,happy,happy/Training_84985243.jpg,b5240967319f60db953596e13c9ab6036902436fc6c5f89c923940cf686d9022,b5240967319f60db953596e13c9ab6036902436fc6c5f89c923940cf686d9022,True,48,48,0.0,0.0,47.0,47.0,True,68,68,1.0,68,1.0,0.2,68,1.0,0.7365837097167969,0.7778210580348969,0.8395761251449585,0.846074640750885,0.8858498871326447,0.9049388766288757,157.54890000243904,overlays\happy_045.png,,
happy_046,happy,happy/Training_6008930.jpg,02de9b7f04f723231a635b75c3d8295a8fc2d5cc9315f5e8f72379fbc568cc11,02de9b7f04f723231a635b75c3d8295a8fc2d5cc9315f5e8f72379fbc568cc11,True,48,48,0.0,0.0,47.0,47.0,True,68,68,1.0,68,1.0,0.2,68,1.0,0.6175526976585388,0.7149266421794891,0.8102055191993713,0.8252290487289429,0.8757198870182037,0.9158695936203003,151.57679999538232,overlays\happy_046.png,,
happy_047,happy,happy/Training_93085773.jpg,c61301af96f18b292a3b2eeda90ab152cb88ec5d87c20f4aac9d282fb6b0944f,c61301af96f18b292a3b2eeda90ab152cb88ec5d87c20f4aac9d282fb6b0944f,True,48,48,0.0,0.0,47.0,47.0,True,68,68,1.0,68,1.0,0.2,68,1.0,0.7349087595939636,0.7772195160388946,0.836391031742096,0.8391149044036865,0.8784562706947326,0.9124128818511963,182.0651000016369,overlays\happy_047.png,,
happy_048,happy,happy/Training_16866158.jpg,30824350d66ba65b162bb6d88e83957737c390e9b111f7c312949e578cd950ca,30824350d66ba65b162bb6d88e83957737c390e9b111f7c312949e578cd950ca,True,48,48,0.0,0.0,47.0,47.0,True,68,68,1.0,68,1.0,0.2,68,1.0,0.7279061675071716,0.7859204530715942,0.8383312225341797,0.8438229560852051,0.8878010749816895,0.9206027984619141,175.60709999816027,overlays\happy_048.png,,
happy_049,happy,happy/Training_87703745.jpg,6a8d16c73e316c8da82bb32f16753d3593fda01e92f47bbeaa8d9eeec68a547c,6a8d16c73e316c8da82bb32f16753d3593fda01e92f47bbeaa8d9eeec68a547c,True,48,48,0.0,0.0,47.0,47.0,True,68,68,1.0,66,0.9705882352941176,0.2,68,1.0,0.6685747504234314,0.7715690493583679,0.8460211157798767,0.8600813150405884,0.895063865184784,0.9416826367378235,155.78909999749158,overlays\happy_049.png,,
happy_050,happy,happy/Training_64808943.jpg,5210695395d3de19853d20efa0e783a474bfb70fc1d13a2b78a01dfec42e08d1,5210695395d3de19853d20efa0e783a474bfb70fc1d13a2b78a01dfec42e08d1,True,48,48,0.0,0.0,47.0,47.0,True,68,68,1.0,68,1.0,0.2,68,1.0,0.6417029500007629,0.7649097383022309,0.8356569409370422,0.8455779552459717,0.892856365442276,0.9338971972465515,237.42089999723248,overlays\happy_050.png,,
neutral_001,neutral,neutral/Training_27832558.jpg,a67aea10339a3645ed03b0e35e8c61466f986de6c373d5bf4cb28c5d9920da35,a67aea10339a3645ed03b0e35e8c61466f986de6c373d5bf4cb28c5d9920da35,True,48,48,0.0,0.0,47.0,47.0,True,68,68,1.0,68,1.0,0.2,68,1.0,0.6808826327323914,0.7469341039657593,0.8120484948158264,0.820366382598877,0.8675354063510895,0.9011843800544739,158.2328000004054,overlays\neutral_001.png,,
neutral_002,neutral,neutral/Training_28120071.jpg,662e023f0335bc81f308efac8814186800a9633e6bb168daadffc8475866702b,662e023f0335bc81f308efac8814186800a9633e6bb168daadffc8475866702b,True,48,48,0.0,0.0,47.0,47.0,True,68,68,1.0,68,1.0,0.2,68,1.0,0.7414438128471375,0.7791097104549408,0.8355011940002441,0.8420916199684143,0.876200532913208,0.9000570774078369,161.86169999855338,overlays\neutral_002.png,,
neutral_003,neutral,neutral/Training_80808476.jpg,f575338e579458d82e144fbe16a59658970de83c992bf783ff95f82de5981055,f575338e579458d82e144fbe16a59658970de83c992bf783ff95f82de5981055,True,48,48,0.0,0.0,47.0,47.0,True,68,68,1.0,68,1.0,0.2,68,1.0,0.6831017136573792,0.7702911734580994,0.810586154460907,0.8131197690963745,0.8528002023696899,0.9125528931617737,158.2129999951576,overlays\neutral_003.png,,
neutral_004,neutral,neutral/Training_91747126.jpg,265c4f2c1f2e8d6124e17b651128c38a61695c702682da472e0dc3ab41a44f7f,265c4f2c1f2e8d6124e17b651128c38a61695c702682da472e0dc3ab41a44f7f,True,48,48,0.0,0.0,47.0,47.0,True,68,68,1.0,67,0.9852941176470589,0.2,68,1.0,0.6883549094200134,0.7403820991516114,0.8102285861968994,0.819267988204956,0.8596572935581207,0.9107327461242676,168.40059999958612,overlays\neutral_004.png,,
neutral_005,neutral,neutral/Training_33952297.jpg,9c8c6016e82686486c20430e9a9dac9ca246019094725acc9c31b23bb4f99163,9c8c6016e82686486c20430e9a9dac9ca246019094725acc9c31b23bb4f99163,True,48,48,0.0,0.0,47.0,47.0,True,68,68,1.0,67,0.9852941176470589,0.2,68,1.0,0.48001110553741455,0.6904169738292694,0.7778176665306091,0.7919330596923828,0.8474150121212005,0.9014425873756409,157.4274000013247,overlays\neutral_005.png,,
neutral_006,neutral,neutral/Training_48807220.jpg,86bd59af2964ee6d07769d1d7c6120ef426e224c5ece88b56c891cddc7dc1bd4,86bd59af2964ee6d07769d1d7c6120ef426e224c5ece88b56c891cddc7dc1bd4,True,48,48,0.0,0.0,47.0,47.0,True,68,68,1.0,68,1.0,0.2,68,1.0,0.5527337193489075,0.7212493419647217,0.8041318655014038,0.8185405731201172,0.8665781795978547,0.9101833701133728,159.63270000065677,overlays\neutral_006.png,,
neutral_007,neutral,neutral/Training_88377969.jpg,9c7e592e12bc0efad3f505ce10166d33324128befe57caa7b1456ec336aa1c00,9c7e592e12bc0efad3f505ce10166d33324128befe57caa7b1456ec336aa1c00,True,48,48,0.0,0.0,47.0,47.0,True,68,68,1.0,68,1.0,0.2,68,1.0,0.7486317157745361,0.8046653926372528,0.8497289419174194,0.8563264608383179,0.8845507800579071,0.905860960483551,206.00379999814322,overlays\neutral_007.png,,
neutral_008,neutral,neutral/Training_7294134.jpg,33900e65dbebb2b9eda85783f3e121fafaeb8e5b7e23b2f951d043ff375aeb27,33900e65dbebb2b9eda85783f3e121fafaeb8e5b7e23b2f951d043ff375aeb27,True,48,48,0.0,0.0,47.0,47.0,True,68,68,1.0,68,1.0,0.2,68,1.0,0.7723526954650879,0.8062183201313019,0.847301185131073,0.846097469329834,0.8864910900592804,0.9132448434829712,158.1175000028452,overlays\neutral_008.png,,
neutral_009,neutral,neutral/Training_40840547.jpg,5a786f0c99615cf8bb8889e1ada93a620f6b7f91d5f678933288159e04f2d886,5a786f0c99615cf8bb8889e1ada93a620f6b7f91d5f678933288159e04f2d886,True,48,48,0.0,0.0,47.0,47.0,True,68,68,1.0,67,0.9852941176470589,0.2,68,1.0,0.7493865489959717,0.7712877810001373,0.8200113773345947,0.8205142617225647,0.8679577648639679,0.9198348522186279,199.433499998122,overlays\neutral_009.png,,
neutral_010,neutral,neutral/Training_9028676.jpg,c8c880aeabeb3d8a6386ab31520934c713d541b12b856874c7b4ff52b86d8261,c8c880aeabeb3d8a6386ab31520934c713d541b12b856874c7b4ff52b86d8261,True,48,48,0.0,0.0,47.0,47.0,True,68,68,1.0,67,0.9852941176470589,0.2,68,1.0,0.7058970332145691,0.7956083655357361,0.8353772759437561,0.8345131874084473,0.8734657049179078,0.8987895250320435,156.36839999933727,overlays\neutral_010.png,,
neutral_011,neutral,neutral/Training_39561924.jpg,d74e247ad70480f04c78d21e0a826eef8a78681e05f71d69a48c04cc05d195f5,d74e247ad70480f04c78d21e0a826eef8a78681e05f71d69a48c04cc05d195f5,True,48,48,0.0,0.0,47.0,47.0,True,68,68,1.0,68,1.0,0.2,68,1.0,0.7130888104438782,0.7506907224655152,0.8232094645500183,0.8374906778335571,0.8673604905605317,0.890379786491394,170.3775999994832,overlays\neutral_011.png,,
neutral_012,neutral,neutral/Training_55989345.jpg,d00c1807a2ba9efdc8aeb3f811f669b0dace59e438c2858e1d0da95a7709ea67,d00c1807a2ba9efdc8aeb3f811f669b0dace59e438c2858e1d0da95a7709ea67,True,48,48,0.0,0.0,47.0,47.0,True,68,68,1.0,68,1.0,0.2,68,1.0,0.5348209142684937,0.628477156162262,0.7336077690124512,0.7630172967910767,0.812138456106186,0.8350475430488586,209.37349999439903,overlays\neutral_012.png,,
neutral_013,neutral,neutral/Training_68746678.jpg,9726c30977a7d8b938434b97083cb1e0b7a348a563777d08b4198fbcfa0b30e2,9726c30977a7d8b938434b97083cb1e0b7a348a563777d08b4198fbcfa0b30e2,True,48,48,0.0,0.0,47.0,47.0,True,68,68,1.0,42,0.6176470588235294,0.2,68,1.0,0.49991413950920105,0.644749003648758,0.7570418119430542,0.7953413128852844,0.8348493218421936,0.8654171228408813,196.04989999788813,overlays\neutral_013.png,,
neutral_014,neutral,neutral/Training_64976925.jpg,513915fb6bff4568528c91981db630eac7fff3dffe5ce253a6a95e999870663a,513915fb6bff4568528c91981db630eac7fff3dffe5ce253a6a95e999870663a,True,48,48,0.0,0.0,47.0,47.0,True,68,68,1.0,68,1.0,0.2,68,1.0,0.4144163131713867,0.6377182960510254,0.7543624043464661,0.7851731777191162,0.8409700572490693,0.8769943118095398,176.23679999815067,overlays\neutral_014.png,,
neutral_015,neutral,neutral/Training_7509514.jpg,06b59f5bc5450b838114fef47c4fd630c05dafc85189e9cb942166399528bbc7,06b59f5bc5450b838114fef47c4fd630c05dafc85189e9cb942166399528bbc7,True,48,48,0.0,0.0,47.0,47.0,True,68,68,1.0,67,0.9852941176470589,0.2,68,1.0,0.676476776599884,0.7678268551826477,0.8197058439254761,0.8289573192596436,0.8556537330150604,0.8894402980804443,181.42190000071423,overlays\neutral_015.png,,
neutral_016,neutral,neutral/Training_86836016.jpg,e0ec3fd9f8679ceb30ac16f90702a72bf0c388f5e330b8af2b2506e6bead2a49,e0ec3fd9f8679ceb30ac16f90702a72bf0c388f5e330b8af2b2506e6bead2a49,True,48,48,0.0,0.0,47.0,47.0,True,68,68,1.0,65,0.9558823529411765,0.2,68,1.0,0.7021589875221252,0.74017533659935,0.8145292401313782,0.825098991394043,0.8726709306240081,0.8954959511756897,159.0619999988121,overlays\neutral_016.png,,
neutral_017,neutral,neutral/Training_77226354.jpg,fc0dd8b5115ed7fc4fbf52c2662409cb439d863d9cfb41d92102510addaa5ae4,fc0dd8b5115ed7fc4fbf52c2662409cb439d863d9cfb41d92102510addaa5ae4,True,48,48,0.0,0.0,47.0,47.0,True,68,68,1.0,66,0.9705882352941176,0.2,68,1.0,0.5646913647651672,0.6712503135204315,0.7812870740890503,0.8013142347335815,0.845185261964798,0.900908887386322,183.98119999619666,overlays\neutral_017.png,,
neutral_018,neutral,neutral/Training_2691434.jpg,d5388a86e9e9eb727d196431cca037c382e4591e5027b93970b0c67ded3b24aa,d5388a86e9e9eb727d196431cca037c382e4591e5027b93970b0c67ded3b24aa,True,48,48,0.0,0.0,47.0,47.0,True,68,68,1.0,67,0.9852941176470589,0.2,68,1.0,0.7514232993125916,0.7852841496467591,0.8440564870834351,0.8529114127159119,0.8916066944599151,0.9151715636253357,178.4607000008691,overlays\neutral_018.png,,
neutral_019,neutral,neutral/Training_46447165.jpg,f68c63e5248cd60ca9bf84b87464867802ef76bc7299477f5afa3b3780eee5fa,f68c63e5248cd60ca9bf84b87464867802ef76bc7299477f5afa3b3780eee5fa,True,48,48,0.0,0.0,47.0,47.0,True,68,68,1.0,68,1.0,0.2,68,1.0,0.7589958906173706,0.7802008628845215,0.8223555088043213,0.8241059184074402,0.863617080450058,0.873370349407196,230.87179999856744,overlays\neutral_019.png,,
neutral_020,neutral,neutral/Training_42619196.jpg,a526261d24a544066c1dce3e9cd4eb99a1438068a2ade825c786f119eaab4e30,a526261d24a544066c1dce3e9cd4eb99a1438068a2ade825c786f119eaab4e30,True,48,48,0.0,0.0,47.0,47.0,True,68,68,1.0,68,1.0,0.2,68,1.0,0.6797598600387573,0.7272149801254273,0.8027389049530029,0.8097933530807495,0.8656581699848175,0.8871814012527466,187.89210000250023,overlays\neutral_020.png,,
neutral_021,neutral,neutral/Training_1894515.jpg,7db7b8c79e66690bcfe44ac11a94dece2b004ee3bfbb6e29e32275a6c9a99f0b,7db7b8c79e66690bcfe44ac11a94dece2b004ee3bfbb6e29e32275a6c9a99f0b,True,48,48,0.0,0.0,47.0,47.0,True,68,68,1.0,68,1.0,0.2,68,1.0,0.6467999219894409,0.7067903041839599,0.7969347834587097,0.8117501735687256,0.8476880669593811,0.8855207562446594,184.72029999975348,overlays\neutral_021.png,,
neutral_022,neutral,neutral/Training_59677452.jpg,d7ba25d91c57adf2bceb23cabbd7fd147cb115286c1a6b1742c7781073a93127,d7ba25d91c57adf2bceb23cabbd7fd147cb115286c1a6b1742c7781073a93127,True,48,48,0.0,0.0,47.0,47.0,True,68,68,1.0,66,0.9705882352941176,0.2,68,1.0,0.7062715888023376,0.7511030614376069,0.8087913990020752,0.8121739625930786,0.8532426655292511,0.8793346881866455,180.6291999964742,overlays\neutral_022.png,,
neutral_023,neutral,neutral/Training_13130856.jpg,091cafb4f6ab9f46508ff1ef11f0eb0cf29aea525de5a6a7572629703f8fbeb1,091cafb4f6ab9f46508ff1ef11f0eb0cf29aea525de5a6a7572629703f8fbeb1,True,48,48,0.0,0.0,47.0,47.0,True,68,68,1.0,67,0.9852941176470589,0.2,68,1.0,0.6733827590942383,0.7472304344177246,0.8276833295822144,0.8386080265045166,0.8746264219284058,0.9151040315628052,157.80780000204686,overlays\neutral_023.png,,
neutral_024,neutral,neutral/Training_97267200.jpg,58a46d895228f08f6e4772becbc2913b6d904f6acb69774e449d107e285d735b,58a46d895228f08f6e4772becbc2913b6d904f6acb69774e449d107e285d735b,True,48,48,0.0,0.0,47.0,47.0,True,68,68,1.0,68,1.0,0.2,68,1.0,0.6334294080734253,0.7980970978736878,0.827049195766449,0.8332669734954834,0.8599317848682404,0.8785378336906433,150.87900000071386,overlays\neutral_024.png,,
neutral_025,neutral,neutral/Training_9220409.jpg,8a79dd3f714dd484efc7def177e498714d8d2b92f1fc5cead3736671b33f3d83,8a79dd3f714dd484efc7def177e498714d8d2b92f1fc5cead3736671b33f3d83,True,48,48,0.0,0.0,47.0,47.0,True,68,68,1.0,68,1.0,0.2,68,1.0,0.7112078070640564,0.7593573033809662,0.8158907294273376,0.8216795921325684,0.8667522370815277,0.8950203657150269,154.71830000024056,overlays\neutral_025.png,,
neutral_026,neutral,neutral/Training_43673644.jpg,671d9a4fafee64ad10bf9beefb6386a42c96d4adb8504fef2ca97982163861d9,671d9a4fafee64ad10bf9beefb6386a42c96d4adb8504fef2ca97982163861d9,True,48,48,0.0,0.0,47.0,47.0,True,68,68,1.0,68,1.0,0.2,67,0.9852941176470589,0.1459622085094452,0.4800983816385269,0.6800178289413452,0.699384331703186,0.8156134724617005,0.8589479923248291,171.36930000560824,overlays\neutral_026.png,,
neutral_027,neutral,neutral/Training_97270054.jpg,5661345c581d9336fb44aba569158d41fcd2ce24a7507c983c92bcb0c0e00ab8,5661345c581d9336fb44aba569158d41fcd2ce24a7507c983c92bcb0c0e00ab8,True,48,48,0.0,0.0,47.0,47.0,True,68,68,1.0,68,1.0,0.2,68,1.0,0.6794478893280029,0.776951014995575,0.8287935256958008,0.8371310830116272,0.8779845356941223,0.8970925807952881,152.8007999950205,overlays\neutral_027.png,,
neutral_028,neutral,neutral/Training_41999489.jpg,172e78bdc9a9ab5ebe4fd27c65b9b28bd074c18ae544e30b494b47e68c855c4d,172e78bdc9a9ab5ebe4fd27c65b9b28bd074c18ae544e30b494b47e68c855c4d,True,48,48,0.0,0.0,47.0,47.0,True,68,68,1.0,68,1.0,0.2,68,1.0,0.7151505351066589,0.7866351246833801,0.8293013572692871,0.8342246413230896,0.871123081445694,0.8856740593910217,156.66939999937313,overlays\neutral_028.png,,
neutral_029,neutral,neutral/Training_11078984.jpg,e0d18c2dbe815c74e5c7a17ac22a0e5ff7b63c8270d2939d64ef9640af960d87,e0d18c2dbe815c74e5c7a17ac22a0e5ff7b63c8270d2939d64ef9640af960d87,True,48,48,0.0,0.0,47.0,47.0,True,68,68,1.0,68,1.0,0.2,68,1.0,0.6698386073112488,0.7838018894195556,0.8284001350402832,0.8296244144439697,0.8736656308174133,0.9138806462287903,168.95640000439016,overlays\neutral_029.png,,
neutral_030,neutral,neutral/Training_19876280.jpg,22b59e53932eea26ad8cf54fec8c5697d9bf428e93d39a19474949880a954b8f,22b59e53932eea26ad8cf54fec8c5697d9bf428e93d39a19474949880a954b8f,True,48,48,0.0,0.0,47.0,47.0,True,68,68,1.0,68,1.0,0.2,68,1.0,0.7426677346229553,0.8046404004096985,0.8386889100074768,0.8432170748710632,0.8675506889820099,0.9061915874481201,187.27510000462644,overlays\neutral_030.png,,
neutral_031,neutral,neutral/Training_18279248.jpg,d5ae7b1d9f8a87f71207408720303cca66cb4cd687c2603923425be3176e404b,d5ae7b1d9f8a87f71207408720303cca66cb4cd687c2603923425be3176e404b,True,48,48,0.0,0.0,47.0,47.0,True,68,68,1.0,65,0.9558823529411765,0.2,68,1.0,0.6891047954559326,0.7667880296707154,0.8271125555038452,0.8304133415222168,0.8776758790016175,0.9066499471664429,153.9033000008203,overlays\neutral_031.png,,
neutral_032,neutral,neutral/Training_43421592.jpg,c230c2b628f1fc7b7a7a696d663439a3172a7e9b376fb2e262fba3fce21a77a5,c230c2b628f1fc7b7a7a696d663439a3172a7e9b376fb2e262fba3fce21a77a5,True,48,48,0.0,0.0,47.0,47.0,True,68,68,1.0,68,1.0,0.2,68,1.0,0.5915293097496033,0.6638419389724731,0.7904583811759949,0.8148549795150757,0.8679426133632661,0.8992459177970886,154.22500000568107,overlays\neutral_032.png,,
neutral_033,neutral,neutral/Training_19361454.jpg,16c26f454a1114f9a33e5d38bd083f9d3ca4f6ef65ec01aa1b24704f75388b1d,16c26f454a1114f9a33e5d38bd083f9d3ca4f6ef65ec01aa1b24704f75388b1d,True,48,48,0.0,0.0,47.0,47.0,True,68,68,1.0,67,0.9852941176470589,0.2,68,1.0,0.6805356740951538,0.7418757200241088,0.8165249228477478,0.8217109441757202,0.8750292599201203,0.8956947922706604,212.93129999685334,overlays\neutral_033.png,,
neutral_034,neutral,neutral/Training_14708731.jpg,4487f6f29cf32e49886f58bc9e171518b12204da319730d89e9f9f8c0b069752,4487f6f29cf32e49886f58bc9e171518b12204da319730d89e9f9f8c0b069752,True,48,48,0.0,0.0,47.0,47.0,True,68,68,1.0,66,0.9705882352941176,0.2,68,1.0,0.6993758082389832,0.7633190333843232,0.8362999558448792,0.8440445065498352,0.8868675589561462,0.9073440432548523,155.36759999667993,overlays\neutral_034.png,,
neutral_035,neutral,neutral/Training_58665762.jpg,79a31b956c2dccf82b7402b5688e296602efa7d135cbb0c21abb03e570a5d12d,79a31b956c2dccf82b7402b5688e296602efa7d135cbb0c21abb03e570a5d12d,True,48,48,0.0,0.0,47.0,47.0,True,68,68,1.0,68,1.0,0.2,68,1.0,0.6317542791366577,0.7486746788024903,0.8067932724952698,0.8142399787902832,0.8613996386528016,0.8933302164077759,200.9159000008367,overlays\neutral_035.png,,
neutral_036,neutral,neutral/Training_19862124.jpg,70bdc11331d0b34c8ad1d05291b7d4f6065ae32f52902d005f77b15ef7282528,70bdc11331d0b34c8ad1d05291b7d4f6065ae32f52902d005f77b15ef7282528,True,48,48,0.0,0.0,47.0,47.0,True,68,68,1.0,68,1.0,0.2,68,1.0,0.6843388676643372,0.7644386947154999,0.8351009488105774,0.8480064272880554,0.8869419515132904,0.9008445739746094,152.0334000015282,overlays\neutral_036.png,,
neutral_037,neutral,neutral/Training_86387957.jpg,644e2af2732fe21c974a3dc8f3aa5bdb92ffb79c6c1ba893e7f1d2e1a4443044,644e2af2732fe21c974a3dc8f3aa5bdb92ffb79c6c1ba893e7f1d2e1a4443044,True,48,48,0.0,0.0,47.0,47.0,True,68,68,1.0,67,0.9852941176470589,0.2,68,1.0,0.761770486831665,0.8107301890850067,0.8546868562698364,0.8547909259796143,0.8919105529785156,0.9174037575721741,152.33509999961825,overlays\neutral_037.png,,
neutral_038,neutral,neutral/Training_44950675.jpg,bfec0c9df4f154a34141754761e347a8f88220a560f78f8e55ab86aa7baa3250,bfec0c9df4f154a34141754761e347a8f88220a560f78f8e55ab86aa7baa3250,True,48,48,0.0,0.0,47.0,47.0,True,68,68,1.0,66,0.9705882352941176,0.2,68,1.0,0.7017661929130554,0.7446807205677033,0.799629271030426,0.8078738451004028,0.84139084815979,0.8529844880104065,154.60219999658875,overlays\neutral_038.png,,
neutral_039,neutral,neutral/Training_51009443.jpg,9647f8a7f2a427af879e5a5fc6d3ae5b65ac7a9a43b88c181ae8bd95e2433e0d,9647f8a7f2a427af879e5a5fc6d3ae5b65ac7a9a43b88c181ae8bd95e2433e0d,True,48,48,0.0,0.0,47.0,47.0,True,68,68,1.0,68,1.0,0.2,68,1.0,0.6345354318618774,0.6855286657810211,0.7443618774414062,0.7506061792373657,0.7978063941001893,0.8504194617271423,176.4785999985179,overlays\neutral_039.png,,
neutral_040,neutral,neutral/Training_82253395.jpg,01fe25e2ad960d0bac72bd328e11d972ee8be93167296d2c73e437fc1f821b25,01fe25e2ad960d0bac72bd328e11d972ee8be93167296d2c73e437fc1f821b25,True,48,48,0.0,0.0,47.0,47.0,True,68,68,1.0,67,0.9852941176470589,0.2,68,1.0,0.6707642674446106,0.7956731021404266,0.8300874829292297,0.8337537050247192,0.8675965964794159,0.8940831422805786,168.46760000044014,overlays\neutral_040.png,,
neutral_041,neutral,neutral/Training_41253357.jpg,14e60e54c9ef39a1c0c585f323fd73543549edb7fefd4d08fc6db32d0b776359,14e60e54c9ef39a1c0c585f323fd73543549edb7fefd4d08fc6db32d0b776359,True,48,48,0.0,0.0,47.0,47.0,True,68,68,1.0,67,0.9852941176470589,0.2,68,1.0,0.7369246482849121,0.7999351680278778,0.8405945897102356,0.8431805372238159,0.8802728533744812,0.9224525690078735,173.69370000233175,overlays\neutral_041.png,,
neutral_042,neutral,neutral/Training_28918268.jpg,bbcb37f95b89fa3c837a9c2fe1013e57da7af30da40a6bdc14fe2191d618ec18,bbcb37f95b89fa3c837a9c2fe1013e57da7af30da40a6bdc14fe2191d618ec18,True,48,48,0.0,0.0,47.0,47.0,True,68,68,1.0,68,1.0,0.2,68,1.0,0.639575719833374,0.7300114631652832,0.8194373846054077,0.8341954946517944,0.8746248483657837,0.899969220161438,160.52959999797167,overlays\neutral_042.png,,
neutral_043,neutral,neutral/Training_94457993.jpg,274f8ac0caec25ed40368552f1e02e409b88fa25299c43f804395c60e4ae8658,274f8ac0caec25ed40368552f1e02e409b88fa25299c43f804395c60e4ae8658,True,48,48,0.0,0.0,47.0,47.0,True,68,68,1.0,66,0.9705882352941176,0.2,68,1.0,0.7520931363105774,0.7796710908412934,0.8220245838165283,0.8256254196166992,0.8583353638648987,0.8880923986434937,167.48280000319937,overlays\neutral_043.png,,
neutral_044,neutral,neutral/Training_95241865.jpg,b7891807518379c213ea0f1420940b9487f95aad44a6c2299df158c67a8b87d3,b7891807518379c213ea0f1420940b9487f95aad44a6c2299df158c67a8b87d3,True,48,48,0.0,0.0,47.0,47.0,True,68,68,1.0,68,1.0,0.2,68,1.0,0.7366319894790649,0.7552477121353149,0.8338340520858765,0.8431101441383362,0.8800039887428284,0.9082964062690735,165.41420000430662,overlays\neutral_044.png,,
neutral_045,neutral,neutral/Training_80271780.jpg,e990300163ec5518f13d47d236fee12b1605111c71eb39af8dc44e8506d27600,e990300163ec5518f13d47d236fee12b1605111c71eb39af8dc44e8506d27600,True,48,48,0.0,0.0,47.0,47.0,True,68,68,1.0,68,1.0,0.2,68,1.0,0.7040184736251831,0.7597611963748931,0.821779727935791,0.8268173933029175,0.8689134418964386,0.8849314451217651,160.9225000065635,overlays\neutral_045.png,,
neutral_046,neutral,neutral/Training_45782533.jpg,7a40d7d0fc0c8602ee3da3607e14869743e6ba838642aa8fcfc9392b62d64544,7a40d7d0fc0c8602ee3da3607e14869743e6ba838642aa8fcfc9392b62d64544,True,48,48,0.0,0.0,47.0,47.0,True,68,68,1.0,67,0.9852941176470589,0.2,68,1.0,0.7672056555747986,0.7904836416244507,0.8305496573448181,0.8234045505523682,0.8804463982582093,0.911476731300354,169.66900000261376,overlays\neutral_046.png,,
neutral_047,neutral,neutral/Training_80335177.jpg,fa78d3b0ead7c4fd39c6b89d08f24eb2865b714b5fcfa577ee06c8eb27f00b0d,fa78d3b0ead7c4fd39c6b89d08f24eb2865b714b5fcfa577ee06c8eb27f00b0d,True,48,48,0.0,0.0,47.0,47.0,True,68,68,1.0,67,0.9852941176470589,0.2,68,1.0,0.6978626251220703,0.7441502094268799,0.8160942792892456,0.8292617797851562,0.862272185087204,0.8842988014221191,214.3863000019337,overlays\neutral_047.png,,
neutral_048,neutral,neutral/Training_70268633.jpg,26ede3ff4fe9d4bb16b72fc055ed753609f92eba2b4bf520451de8fce4c92798,26ede3ff4fe9d4bb16b72fc055ed753609f92eba2b4bf520451de8fce4c92798,True,48,48,0.0,0.0,47.0,47.0,True,68,68,1.0,68,1.0,0.2,68,1.0,0.6916614770889282,0.7585919916629791,0.8143981695175171,0.8136962652206421,0.8688739180564881,0.90826016664505,163.29700000642333,overlays\neutral_048.png,,
neutral_049,neutral,neutral/Training_37985686.jpg,16998f2d296fd2c8142c7ceb71a20faa83eca60ab5fb175f01674afa07165daf,16998f2d296fd2c8142c7ceb71a20faa83eca60ab5fb175f01674afa07165daf,True,48,48,0.0,0.0,47.0,47.0,True,68,68,1.0,68,1.0,0.2,68,1.0,0.689170777797699,0.7240075290203094,0.8107181191444397,0.8165404200553894,0.8666195213794708,0.90857994556427,175.01769999944372,overlays\neutral_049.png,,
neutral_050,neutral,neutral/Training_23139059.jpg,5281810c0360b582ef3d3099ec49b38c87c9065c76d1558712ab3336aa01c0c0,5281810c0360b582ef3d3099ec49b38c87c9065c76d1558712ab3336aa01c0c0,True,48,48,0.0,0.0,47.0,47.0,True,68,68,1.0,68,1.0,0.2,68,1.0,0.6536911129951477,0.7103415846824646,0.7933473587036133,0.8107787370681763,0.8486296772956848,0.8766729831695557,153.0778000014834,overlays\neutral_050.png,,
sad_001,sad,sad/Training_24268864.jpg,b7b3fac398b541b231625fb328c6ce458e42296b8ea306e846761d77246d0df9,b7b3fac398b541b231625fb328c6ce458e42296b8ea306e846761d77246d0df9,True,48,48,0.0,0.0,47.0,47.0,True,68,68,1.0,68,1.0,0.2,68,1.0,0.7478324770927429,0.786543095111847,0.8401364088058472,0.8431497812271118,0.8844294965267181,0.9257835745811462,155.5582999935723,overlays\sad_001.png,,
sad_002,sad,sad/Training_7513470.jpg,623be3f142f7b57648ae28906a5fc4d43bf88b4375eaea8df47121fda8577e59,623be3f142f7b57648ae28906a5fc4d43bf88b4375eaea8df47121fda8577e59,True,48,48,0.0,0.0,47.0,47.0,True,68,68,1.0,68,1.0,0.2,68,1.0,0.6782671213150024,0.7589008390903473,0.8166979551315308,0.8165804147720337,0.8645390808582306,0.8833854794502258,190.0378999998793,overlays\sad_002.png,,
sad_003,sad,sad/Training_63693107.jpg,8201e1fd235bcc7a6bb9fc808aa6279f7c0f8844b25d734cdaf384b10ae4a2bb,8201e1fd235bcc7a6bb9fc808aa6279f7c0f8844b25d734cdaf384b10ae4a2bb,True,48,48,0.0,0.0,47.0,47.0,True,68,68,1.0,68,1.0,0.2,68,1.0,0.5627354383468628,0.6200417101383209,0.7206241488456726,0.7310830950737,0.8207842409610748,0.8559923768043518,158.32429999863962,overlays\sad_003.png,,
sad_004,sad,sad/Training_73972027.jpg,2d531a6fe3eb23e71b223435974d44955aaffecbb6d37805716e8a76f511b726,2d531a6fe3eb23e71b223435974d44955aaffecbb6d37805716e8a76f511b726,True,48,48,0.0,0.0,47.0,47.0,True,68,68,1.0,67,0.9852941176470589,0.2,68,1.0,0.3870675563812256,0.5913371801376343,0.7566838264465332,0.7939107418060303,0.8321055173873901,0.8575413227081299,152.8080999996746,overlays\sad_004.png,,
sad_005,sad,sad/Training_72295557.jpg,9fe83bed4f1dd99e74214e43fa7bac4a01f505d2e7d82246d91d30ceef3c829f,9fe83bed4f1dd99e74214e43fa7bac4a01f505d2e7d82246d91d30ceef3c829f,True,48,48,0.0,0.0,47.0,47.0,True,68,68,1.0,66,0.9705882352941176,0.2,52,0.7647058823529411,0.028200751170516014,0.09699071645736694,0.4802960157394409,0.5751027464866638,0.7648971855640412,0.8052001595497131,156.5617999949609,overlays\sad_005.png,,
sad_006,sad,sad/Training_80876097.jpg,9a233521b68aa3bccb37ca85b14884d59cf456e4444f12c713e5e503029ed9af,9a233521b68aa3bccb37ca85b14884d59cf456e4444f12c713e5e503029ed9af,True,48,48,0.0,0.0,47.0,47.0,True,68,68,1.0,68,1.0,0.2,68,1.0,0.7849314212799072,0.8231370747089386,0.855271577835083,0.8563551306724548,0.8945711314678192,0.9210238456726074,177.47899999812944,overlays\sad_006.png,,
sad_007,sad,sad/Training_18164476.jpg,92f945a9d67c8b63e6eaa54d6542fa8328659ea1f474547d5b7edb763a07081e,92f945a9d67c8b63e6eaa54d6542fa8328659ea1f474547d5b7edb763a07081e,True,48,48,0.0,0.0,47.0,47.0,True,68,68,1.0,66,0.9705882352941176,0.2,68,1.0,0.7451127171516418,0.8101023077964783,0.8565742373466492,0.8634421229362488,0.8968216776847839,0.9243689775466919,155.95269999903394,overlays\sad_007.png,,
sad_008,sad,sad/Training_24583037.jpg,d782f95055a391c2115b9dc15579890f5f274e2a83bd16521be20b5de0c2874c,d782f95055a391c2115b9dc15579890f5f274e2a83bd16521be20b5de0c2874c,True,48,48,0.0,0.0,47.0,47.0,True,68,68,1.0,68,1.0,0.2,68,1.0,0.6714982390403748,0.7545863568782807,0.8157515525817871,0.8153076171875,0.8763747811317444,0.8982840776443481,181.77450000075623,overlays\sad_008.png,,
sad_009,sad,sad/Training_19138102.jpg,f5733a6d2f31a2dce463f8faa0cc10773f5b21ebab7644da898a572b48e12626,f5733a6d2f31a2dce463f8faa0cc10773f5b21ebab7644da898a572b48e12626,True,48,48,0.0,0.0,47.0,47.0,True,68,68,1.0,68,1.0,0.2,68,1.0,0.7561772465705872,0.8009348928928375,0.8580213785171509,0.8691986799240112,0.9007805764675141,0.9228804707527161,191.88260000373702,overlays\sad_009.png,,
sad_010,sad,sad/Training_7095418.jpg,69495884c5b365a659e8c8becc5ee2bbf3ef3492f2de62eb8befc56c73b253b8,69495884c5b365a659e8c8becc5ee2bbf3ef3492f2de62eb8befc56c73b253b8,True,48,48,0.0,0.0,47.0,47.0,True,68,68,1.0,67,0.9852941176470589,0.2,68,1.0,0.6626952886581421,0.7144972324371338,0.8025795817375183,0.819369912147522,0.8572368144989014,0.8755986094474792,160.0730999998632,overlays\sad_010.png,,
sad_011,sad,sad/Training_61459765.jpg,05bbd193920dced77526f06e44890242c5945b9365491ba56637d3ecd3112ab8,05bbd193920dced77526f06e44890242c5945b9365491ba56637d3ecd3112ab8,True,48,48,0.0,0.0,47.0,47.0,True,68,68,1.0,68,1.0,0.2,68,1.0,0.5937703847885132,0.7299062728881835,0.8073732256889343,0.8195662498474121,0.8647491216659546,0.8974315524101257,180.18750000192085,overlays\sad_011.png,,
sad_012,sad,sad/Training_26319602.jpg,177c3e3e2380cbc3cf6674c5b584505e47919d641e4dc1a80c8896b652685d55,177c3e3e2380cbc3cf6674c5b584505e47919d641e4dc1a80c8896b652685d55,True,48,48,0.0,0.0,47.0,47.0,True,68,68,1.0,68,1.0,0.2,68,1.0,0.702646017074585,0.7428794503211975,0.8068230152130127,0.8143547773361206,0.8644065856933594,0.8916371464729309,155.5616999976337,overlays\sad_012.png,,
sad_013,sad,sad/Training_47814386.jpg,7438c31726f833985bf56b4a106d772d611df2d4af1046c52c030ed8306dd9bd,7438c31726f833985bf56b4a106d772d611df2d4af1046c52c030ed8306dd9bd,True,48,48,0.0,0.0,47.0,47.0,True,68,68,1.0,67,0.9852941176470589,0.2,59,0.8676470588235294,0.013928327709436417,0.15190861970186234,0.6352150440216064,0.7741201519966125,0.8389791786670685,0.8690605759620667,150.2018000028329,overlays\sad_013.png,,
sad_014,sad,sad/Training_39290842.jpg,b959d6cda87f31b7fe017e3a3a61dd5900fabb3be08a13bd2b0984acc4e56286,b959d6cda87f31b7fe017e3a3a61dd5900fabb3be08a13bd2b0984acc4e56286,True,48,48,0.0,0.0,47.0,47.0,True,68,68,1.0,68,1.0,0.2,68,1.0,0.6186000108718872,0.6851806402206421,0.7794689536094666,0.7870772480964661,0.8535746991634369,0.9133434891700745,172.40469999524066,overlays\sad_014.png,,
sad_015,sad,sad/Training_39163469.jpg,800547643302fc393c689ba4943551db1ceed951cdd9b7ebf4424962e21fb857,800547643302fc393c689ba4943551db1ceed951cdd9b7ebf4424962e21fb857,True,48,48,0.0,0.0,47.0,47.0,True,68,68,1.0,68,1.0,0.2,68,1.0,0.64361572265625,0.7248540699481965,0.8169463872909546,0.8321024179458618,0.8810975551605225,0.926226794719696,157.4687000029371,overlays\sad_015.png,,
sad_016,sad,sad/Training_91662599.jpg,d04e51c6a2bc3d6f12c8c7e5c65fd5aa9c38b05810ebeaa9cc50ae39b7002386,d04e51c6a2bc3d6f12c8c7e5c65fd5aa9c38b05810ebeaa9cc50ae39b7002386,True,48,48,0.0,0.0,47.0,47.0,True,68,68,1.0,50,0.7352941176470589,0.2,68,1.0,0.6204457879066467,0.7033423960208893,0.7923482656478882,0.8132479190826416,0.8517664253711701,0.8902637362480164,158.69989999919198,overlays\sad_016.png,,
sad_017,sad,sad/Training_78106696.jpg,7a64d36eab94b8036e714d9bb914191aa954717daea74b804e2550c9a9c4b3b1,7a64d36eab94b8036e714d9bb914191aa954717daea74b804e2550c9a9c4b3b1,True,48,48,0.0,0.0,47.0,47.0,True,68,68,1.0,68,1.0,0.2,68,1.0,0.7026615738868713,0.7519382059574127,0.8165314793586731,0.8277690410614014,0.8633773624897003,0.9068707823753357,161.6626000031829,overlays\sad_017.png,,
sad_018,sad,sad/Training_31098779.jpg,51a9fff21441400722644642ed359e232834b359458bcac591ba7ec6ec91cb21,51a9fff21441400722644642ed359e232834b359458bcac591ba7ec6ec91cb21,True,48,48,0.0,0.0,47.0,47.0,True,68,68,1.0,68,1.0,0.2,68,1.0,0.6080771088600159,0.6870866239070892,0.7863525748252869,0.7989823222160339,0.8575929343700409,0.8828953504562378,203.70839999668533,overlays\sad_018.png,,
sad_019,sad,sad/Training_73814276.jpg,259cb47824376b341c6d8b1d5b5a892f5e51f7a469dda550b7706bf601dd1450,259cb47824376b341c6d8b1d5b5a892f5e51f7a469dda550b7706bf601dd1450,True,48,48,0.0,0.0,47.0,47.0,True,68,68,1.0,68,1.0,0.2,68,1.0,0.47657856345176697,0.6949384689331055,0.7770069241523743,0.7882041335105896,0.85585817694664,0.926251232624054,162.41009999794187,overlays\sad_019.png,,
sad_020,sad,sad/Training_38314936.jpg,6d47cddaf9d57036d5b5ca077ad15a36d13010a88a62e91a64844304610c672f,6d47cddaf9d57036d5b5ca077ad15a36d13010a88a62e91a64844304610c672f,True,48,48,0.0,0.0,47.0,47.0,True,68,68,1.0,68,1.0,0.2,68,1.0,0.7206295728683472,0.7684099197387695,0.8181238770484924,0.824120283126831,0.8621187686920166,0.8973276615142822,179.37829999573296,overlays\sad_020.png,,
sad_021,sad,sad/Training_52203125.jpg,ec7e79b8b1cf9aec34e8c2f1f81acebc9e236776f77a46b2e4ba3ba6e260603e,ec7e79b8b1cf9aec34e8c2f1f81acebc9e236776f77a46b2e4ba3ba6e260603e,True,48,48,0.0,0.0,47.0,47.0,True,68,68,1.0,68,1.0,0.2,68,1.0,0.3554011583328247,0.6162637233734131,0.7423964738845825,0.7767101526260376,0.8513457536697387,0.8983039259910583,162.71899999992456,overlays\sad_021.png,,
sad_022,sad,sad/Training_80125846.jpg,c30b929ca6fa46b7bfaa46b2584df11583e614dacb489c38b076a1290af1a978,c30b929ca6fa46b7bfaa46b2584df11583e614dacb489c38b076a1290af1a978,True,48,48,0.0,0.0,47.0,47.0,True,68,68,1.0,67,0.9852941176470589,0.2,68,1.0,0.5653143525123596,0.6889886915683746,0.7913857102394104,0.8105794191360474,0.8564520895481109,0.8899334669113159,162.84319999977015,overlays\sad_022.png,,
sad_023,sad,sad/Training_48011500.jpg,57058ed8c61588863d8f77076f9e3f09ffd37e44bd5ff154bd193e4d454cade8,57058ed8c61588863d8f77076f9e3f09ffd37e44bd5ff154bd193e4d454cade8,True,48,48,0.0,0.0,47.0,47.0,True,68,68,1.0,66,0.9705882352941176,0.2,68,1.0,0.7121632695198059,0.7357352793216705,0.8177002668380737,0.8289123177528381,0.8668084025382996,0.918184757232666,155.5822000009357,overlays\sad_023.png,,
sad_024,sad,sad/Training_21216571.jpg,d47982dd7e21181c5152d543e98d17e587b22a0927e27790d1f7875a3ed2aa19,d47982dd7e21181c5152d543e98d17e587b22a0927e27790d1f7875a3ed2aa19,True,48,48,0.0,0.0,47.0,47.0,True,68,68,1.0,68,1.0,0.2,68,1.0,0.546663761138916,0.6544675171375275,0.7834448218345642,0.8152977228164673,0.8676588594913482,0.9014680981636047,153.1408000009833,overlays\sad_024.png,,
sad_025,sad,sad/Training_77151653.jpg,4dc76d2ca611a6babb82673c0839b9d25848d4beaa033f82da89a79999f27a49,4dc76d2ca611a6babb82673c0839b9d25848d4beaa033f82da89a79999f27a49,True,48,48,0.0,0.0,47.0,47.0,True,68,68,1.0,68,1.0,0.2,68,1.0,0.6430851221084595,0.7643722176551819,0.8059245347976685,0.8074346780776978,0.8589420914649963,0.8726906776428223,169.14230000111274,overlays\sad_025.png,,
sad_026,sad,sad/Training_94255939.jpg,ae08285985069b04fb97ff81e9da3df98421eb455ffe74a3b72253cbfa7e6ff1,ae08285985069b04fb97ff81e9da3df98421eb455ffe74a3b72253cbfa7e6ff1,True,48,48,0.0,0.0,47.0,47.0,True,68,68,1.0,68,1.0,0.2,68,1.0,0.6080483794212341,0.6702327728271484,0.7785447835922241,0.7887541055679321,0.850646150112152,0.8806002736091614,165.69420000450918,overlays\sad_026.png,,
sad_027,sad,sad/Training_24498297.jpg,a71e5a69839ef74ac42c2f487f62233e1a08ac123dcd76afbfc7bd43d544a93b,a71e5a69839ef74ac42c2f487f62233e1a08ac123dcd76afbfc7bd43d544a93b,True,48,48,0.0,0.0,47.0,47.0,True,68,68,1.0,67,0.9852941176470589,0.2,68,1.0,0.5862590074539185,0.6261720836162568,0.7080569267272949,0.6992940902709961,0.8029135406017304,0.8539307713508606,161.01519999938319,overlays\sad_027.png,,
sad_028,sad,sad/Training_17717830.jpg,3c179e3ad0c1b7d9fd6cf9f7c7cf46ab05238fea4363ab1bd0ac5ba02fdba5c8,3c179e3ad0c1b7d9fd6cf9f7c7cf46ab05238fea4363ab1bd0ac5ba02fdba5c8,True,48,48,0.0,0.0,47.0,47.0,True,68,68,1.0,68,1.0,0.2,68,1.0,0.6424578428268433,0.7464293718338013,0.8202759027481079,0.8355597853660583,0.8820151150226593,0.9053849577903748,157.777200001874,overlays\sad_028.png,,
sad_029,sad,sad/Training_92543724.jpg,aa5ad0f6a7329111a12c390588bd92599b384000babd8ba56424d10785a37556,aa5ad0f6a7329111a12c390588bd92599b384000babd8ba56424d10785a37556,True,48,48,0.0,0.0,47.0,47.0,True,68,68,1.0,68,1.0,0.2,68,1.0,0.726123034954071,0.7674466073513031,0.8234851360321045,0.8244757056236267,0.8744114160537719,0.9217738509178162,179.313299995556,overlays\sad_029.png,,
sad_030,sad,sad/Training_12388277.jpg,84007aa61280890729400d46c9b6e8ca2a74fc9827ae979ce2ef2cf3b7670ecd,84007aa61280890729400d46c9b6e8ca2a74fc9827ae979ce2ef2cf3b7670ecd,True,48,48,0.0,0.0,47.0,47.0,True,68,68,1.0,57,0.8382352941176471,0.2,68,1.0,0.7037868499755859,0.7727821350097657,0.834312379360199,0.847191333770752,0.8736730813980103,0.8967214822769165,221.26009999919916,overlays\sad_030.png,,
sad_031,sad,sad/Training_23821588.jpg,d2990e10b7ba8511f9cf4eae64a6593a98723fbc6f145d2a2bd333daf73990f0,d2990e10b7ba8511f9cf4eae64a6593a98723fbc6f145d2a2bd333daf73990f0,True,48,48,0.0,0.0,47.0,47.0,True,68,68,1.0,68,1.0,0.2,68,1.0,0.7285758852958679,0.7711113691329956,0.8172744512557983,0.815253734588623,0.8752770841121674,0.8969817757606506,155.66250000119908,overlays\sad_031.png,,
sad_032,sad,sad/Training_46179653.jpg,4d5f18b799bf6e48120edb78e408ff1ec0f332d50dc3290257572bb734e5693a,4d5f18b799bf6e48120edb78e408ff1ec0f332d50dc3290257572bb734e5693a,True,48,48,0.0,0.0,47.0,47.0,True,68,68,1.0,67,0.9852941176470589,0.2,68,1.0,0.6486581563949585,0.7181853353977203,0.8005226850509644,0.8154532313346863,0.8487495541572571,0.8802074193954468,190.66070000553736,overlays\sad_032.png,,
sad_033,sad,sad/Training_35577713.jpg,4f35033766ad74d031c63bc6b5ce201752d83b731676f37413aa944d41ee2803,4f35033766ad74d031c63bc6b5ce201752d83b731676f37413aa944d41ee2803,True,48,48,0.0,0.0,47.0,47.0,True,68,68,1.0,67,0.9852941176470589,0.2,68,1.0,0.5689012408256531,0.7425538182258606,0.8131294846534729,0.8312000632286072,0.866812813282013,0.8927990198135376,158.88089999498334,overlays\sad_033.png,,
sad_034,sad,sad/Training_71584150.jpg,8170990b276355775ecf837be17bca76e46910454b3c4e2d558bfe7186eb61d9,8170990b276355775ecf837be17bca76e46910454b3c4e2d558bfe7186eb61d9,True,48,48,0.0,0.0,47.0,47.0,True,68,68,1.0,68,1.0,0.2,65,0.9558823529411765,0.08627045154571533,0.36404983401298524,0.6239917874336243,0.681674599647522,0.7849690735340119,0.8336853384971619,158.07520000089426,overlays\sad_034.png,,
sad_035,sad,sad/Training_83687453.jpg,9ac4d4c67e0f6cc9eedbd0020b3f7a955ba611670434547575bd305ed261e46f,9ac4d4c67e0f6cc9eedbd0020b3f7a955ba611670434547575bd305ed261e46f,True,48,48,0.0,0.0,47.0,47.0,True,68,68,1.0,68,1.0,0.2,68,1.0,0.7634633183479309,0.8055184841156006,0.8372740149497986,0.8334707021713257,0.8717340886592865,0.9078981876373291,157.7054000008502,overlays\sad_035.png,,
sad_036,sad,sad/Training_82887890.jpg,28be8e6568b9c5329e5e39d4a04c592bfc8f2828ba3022df59f08a11fb449c91,28be8e6568b9c5329e5e39d4a04c592bfc8f2828ba3022df59f08a11fb449c91,True,48,48,0.0,0.0,47.0,47.0,True,68,68,1.0,68,1.0,0.2,68,1.0,0.7248089909553528,0.7847212493419647,0.8397068977355957,0.8448622226715088,0.893702906370163,0.9207866191864014,159.653899994737,overlays\sad_036.png,,
sad_037,sad,sad/Training_42743536.jpg,b3801bd7c51256b6d522c62b63370b8659a33c6f0ea89d49fc165422bda10371,b3801bd7c51256b6d522c62b63370b8659a33c6f0ea89d49fc165422bda10371,True,48,48,0.0,0.0,47.0,47.0,True,68,68,1.0,68,1.0,0.2,68,1.0,0.7363346815109253,0.7860529899597168,0.832953929901123,0.8323923349380493,0.8779647529125214,0.9050987958908081,219.0883000002941,overlays\sad_037.png,,
sad_038,sad,sad/Training_70634821.jpg,843fe9c87701f6463ecbc20a423c1155865a507ae8043a6b03463aa5f85f8e17,843fe9c87701f6463ecbc20a423c1155865a507ae8043a6b03463aa5f85f8e17,True,48,48,0.0,0.0,47.0,47.0,True,68,68,1.0,68,1.0,0.2,66,0.9705882352941176,0.15184850990772247,0.482411316037178,0.6934419870376587,0.7417786121368408,0.83469078540802,0.8839848637580872,158.05679999903077,overlays\sad_038.png,,
sad_039,sad,sad/Training_18843463.jpg,1a347effa7318d1d4578811b9c3b8a3f0c382cf35e9b1989ee38f8f26a8fa502,1a347effa7318d1d4578811b9c3b8a3f0c382cf35e9b1989ee38f8f26a8fa502,True,48,48,0.0,0.0,47.0,47.0,True,68,68,1.0,66,0.9705882352941176,0.2,68,1.0,0.3775486946105957,0.5671454608440399,0.7598344087600708,0.803628146648407,0.8580862879753113,0.8834179639816284,175.15760000242153,overlays\sad_039.png,,
sad_040,sad,sad/Training_35315706.jpg,b5a1f76c61f864180cfc132ce3b47fed709705eabbda23f9f95fd1ed489cf7f1,b5a1f76c61f864180cfc132ce3b47fed709705eabbda23f9f95fd1ed489cf7f1,True,48,48,0.0,0.0,47.0,47.0,True,68,68,1.0,68,1.0,0.2,67,0.9852941176470589,0.17030379176139832,0.33375546634197234,0.4930960237979889,0.49809402227401733,0.6174858331680299,0.731521725654602,203.39200000307756,overlays\sad_040.png,,
sad_041,sad,sad/Training_66967267.jpg,d7bb06e5cca22ff13cb1331c8cd02958ea7f2ac986ce5a96218ec987c7328509,d7bb06e5cca22ff13cb1331c8cd02958ea7f2ac986ce5a96218ec987c7328509,True,48,48,0.0,0.0,47.0,47.0,True,68,68,1.0,64,0.9411764705882353,0.2,68,1.0,0.714091956615448,0.7510216951370239,0.8162067532539368,0.82246994972229,0.8692712485790253,0.8924430012702942,174.10360000212677,overlays\sad_041.png,,
sad_042,sad,sad/Training_10248550.jpg,cb273dc27ff66ccb332711e4149e3ea5188af4d0897816ec896547efaf496cc6,cb273dc27ff66ccb332711e4149e3ea5188af4d0897816ec896547efaf496cc6,True,48,48,0.0,0.0,47.0,47.0,True,68,68,1.0,68,1.0,0.2,68,1.0,0.5434564352035522,0.6915521740913391,0.7995647192001343,0.8209066390991211,0.8680345833301545,0.8952317237854004,154.93330000026617,overlays\sad_042.png,,
sad_043,sad,sad/Training_68710853.jpg,0a1005adf6daf845f3285eb2548e1114f27318a0c6338641e1ed32b8c2b74ec4,0a1005adf6daf845f3285eb2548e1114f27318a0c6338641e1ed32b8c2b74ec4,True,48,48,0.0,0.0,47.0,47.0,True,68,68,1.0,66,0.9705882352941176,0.2,68,1.0,0.6756964325904846,0.7709220170974731,0.8201515078544617,0.8235408067703247,0.8605173945426942,0.8911152482032776,154.43199999572244,overlays\sad_043.png,,
sad_044,sad,sad/Training_5015510.jpg,3d4a69725626badd68806fc9f5f74f8ea863d7156eff7e8b465048a92ca1be0d,3d4a69725626badd68806fc9f5f74f8ea863d7156eff7e8b465048a92ca1be0d,True,48,48,0.0,0.0,47.0,47.0,True,68,68,1.0,68,1.0,0.2,68,1.0,0.5893794298171997,0.7101598918437958,0.7824721932411194,0.7958821058273315,0.8515096485614777,0.8949809670448303,212.3000999999931,overlays\sad_044.png,,
sad_045,sad,sad/Training_78985679.jpg,90f07f16b5ec4a8df678d378a2195936964738f087836928836a7d3b3ad9370b,90f07f16b5ec4a8df678d378a2195936964738f087836928836a7d3b3ad9370b,True,48,48,0.0,0.0,47.0,47.0,True,68,68,1.0,68,1.0,0.2,68,1.0,0.7544927000999451,0.7850410580635071,0.8351041674613953,0.8407782316207886,0.8773598909378052,0.8903059959411621,160.20030000072438,overlays\sad_045.png,,
sad_046,sad,sad/Training_53308754.jpg,3899fc8d33e626124afca84fe1d803dfb967b4c17666b8d64eebb162f6014277,3899fc8d33e626124afca84fe1d803dfb967b4c17666b8d64eebb162f6014277,True,48,48,0.0,0.0,47.0,47.0,True,68,68,1.0,68,1.0,0.2,68,1.0,0.6027200818061829,0.7298575103282928,0.8046727180480957,0.822860836982727,0.8620926082134247,0.8868767023086548,195.25569999677828,overlays\sad_046.png,,
sad_047,sad,sad/Training_73913636.jpg,fb3a0b45b60edad1426f52c04dbcad981351efa67677387cac13e45155f40d91,fb3a0b45b60edad1426f52c04dbcad981351efa67677387cac13e45155f40d91,True,48,48,0.0,0.0,47.0,47.0,True,68,68,1.0,68,1.0,0.2,68,1.0,0.5809845328330994,0.7198474526405334,0.8038581609725952,0.8261730670928955,0.8796329081058503,0.9010589122772217,153.5931000034907,overlays\sad_047.png,,
sad_048,sad,sad/Training_94893745.jpg,0375cb5a3dfbb16850814328e6ee17f8be87907f10d5476f9e10cd3ce2914db5,0375cb5a3dfbb16850814328e6ee17f8be87907f10d5476f9e10cd3ce2914db5,True,48,48,0.0,0.0,47.0,47.0,True,68,68,1.0,68,1.0,0.2,68,1.0,0.5655314922332764,0.6936202049255371,0.8085060715675354,0.8308018445968628,0.870854914188385,0.9302018880844116,168.49320000619628,overlays\sad_048.png,,
sad_049,sad,sad/Training_83779952.jpg,fb962f56f3e82cdc28a3baa470345a3f2177e2d07eea793010dace486e702939,fb962f56f3e82cdc28a3baa470345a3f2177e2d07eea793010dace486e702939,True,48,48,0.0,0.0,47.0,47.0,True,68,68,1.0,67,0.9852941176470589,0.2,68,1.0,0.6174108386039734,0.66858811378479,0.7574148178100586,0.7812178134918213,0.8136010587215423,0.8344425559043884,205.134600000747,overlays\sad_049.png,,
sad_050,sad,sad/Training_33580964.jpg,276745222dc19c4d03716d04a7a9ec3a82fa5f42448602ed0126310b613912f1,276745222dc19c4d03716d04a7a9ec3a82fa5f42448602ed0126310b613912f1,True,48,48,0.0,0.0,47.0,47.0,True,68,68,1.0,68,1.0,0.2,66,0.9705882352941176,0.1674966812133789,0.2893349677324295,0.5382047891616821,0.579951286315918,0.6745222508907318,0.7183957695960999,155.6369999962044,overlays\sad_050.png,,
surprise_001,surprise,surprise/Training_31893733.jpg,a56d5ac7a7e70fc2651ca58dc19f03bbddb2c67771cc2b6b2196163d212dca94,a56d5ac7a7e70fc2651ca58dc19f03bbddb2c67771cc2b6b2196163d212dca94,True,48,48,0.0,0.0,47.0,47.0,True,68,68,1.0,65,0.9558823529411765,0.2,68,1.0,0.45752039551734924,0.5477846384048461,0.7255735397338867,0.7778666019439697,0.8261064469814301,0.860877275466919,197.40749999618856,overlays\surprise_001.png,,
surprise_002,surprise,surprise/Training_4473463.jpg,de7344837ad48ec32ead92101ea3da797a2b47c309d7c4a42105cd5a459a5b7b,de7344837ad48ec32ead92101ea3da797a2b47c309d7c4a42105cd5a459a5b7b,True,48,48,0.0,0.0,47.0,47.0,True,68,68,1.0,68,1.0,0.2,67,0.9852941176470589,0.14953874051570892,0.3931932717561722,0.6401515603065491,0.7022061347961426,0.7931604266166687,0.8123766183853149,187.85490000300342,overlays\surprise_002.png,,
surprise_003,surprise,surprise/Training_35123949.jpg,dc6d180488b57e702b8c69b38d11a88cfeb02a16f35d49219338453a7ec116c7,dc6d180488b57e702b8c69b38d11a88cfeb02a16f35d49219338453a7ec116c7,True,48,48,0.0,0.0,47.0,47.0,True,68,68,1.0,68,1.0,0.2,68,1.0,0.6053173542022705,0.7403828144073487,0.8110316395759583,0.8227918148040771,0.8609956502914429,0.9291971325874329,160.75529999943683,overlays\surprise_003.png,,
surprise_004,surprise,surprise/Training_16805119.jpg,a1f089ea13c1d979d734cd78ba84cd6e43c450f489a6d93bdabb7c15a19ea22d,a1f089ea13c1d979d734cd78ba84cd6e43c450f489a6d93bdabb7c15a19ea22d,True,48,48,0.0,0.0,47.0,47.0,True,68,68,1.0,68,1.0,0.2,68,1.0,0.6936532855033875,0.7700343728065491,0.8288481831550598,0.8310348987579346,0.8803903579711914,0.9088919758796692,178.25640000228304,overlays\surprise_004.png,,
surprise_005,surprise,surprise/Training_76520230.jpg,00f273bd125947b5926072f4f30ac04560ab8a175482f0ad2916ed9335d9edda,00f273bd125947b5926072f4f30ac04560ab8a175482f0ad2916ed9335d9edda,True,48,48,0.0,0.0,47.0,47.0,True,68,68,1.0,67,0.9852941176470589,0.2,68,1.0,0.2433551549911499,0.4886395066976547,0.7108805775642395,0.7635045051574707,0.8271009683609009,0.8806054592132568,217.30559999559773,overlays\surprise_005.png,,
surprise_006,surprise,surprise/Training_95558533.jpg,88257cf0d595df3cab8af92213bae78f9de75c71525925759caa7d5c352814e7,88257cf0d595df3cab8af92213bae78f9de75c71525925759caa7d5c352814e7,True,48,48,0.0,0.0,47.0,47.0,True,68,68,1.0,59,0.8676470588235294,0.2,68,1.0,0.6820316910743713,0.7192244708538056,0.8216357231140137,0.8418960571289062,0.8727332472801208,0.9042184948921204,156.35179999662796,overlays\surprise_006.png,,
surprise_007,surprise,surprise/Training_72622725.jpg,dfcfee3b43222694ab037054a733dcab425118aeb831787de3f71174e1feb001,dfcfee3b43222694ab037054a733dcab425118aeb831787de3f71174e1feb001,True,48,48,0.0,0.0,47.0,47.0,True,68,68,1.0,64,0.9411764705882353,0.2,68,1.0,0.7294204831123352,0.7670372903347016,0.8281068205833435,0.8326059579849243,0.8771981179714203,0.9020481109619141,173.40100000001257,overlays\surprise_007.png,,
surprise_008,surprise,surprise/Training_17108365.jpg,a6ad2426e4698e9a1376d0af3ef4d66d0606b75ab66d34645b6f7cae9ce1e57d,a6ad2426e4698e9a1376d0af3ef4d66d0606b75ab66d34645b6f7cae9ce1e57d,True,48,48,0.0,0.0,47.0,47.0,True,68,68,1.0,68,1.0,0.2,66,0.9705882352941176,0.09740053862333298,0.42318867444992064,0.6617763638496399,0.7425947189331055,0.8213448226451874,0.875362753868103,151.6194999931031,overlays\surprise_008.png,,
surprise_009,surprise,surprise/Training_97149632.jpg,05dc63050306754ae85b353d933ba805e4acb3215c5a17606d99f660ac1e3049,05dc63050306754ae85b353d933ba805e4acb3215c5a17606d99f660ac1e3049,True,48,48,0.0,0.0,47.0,47.0,True,68,68,1.0,65,0.9558823529411765,0.2,68,1.0,0.6794944405555725,0.7548556685447693,0.824821949005127,0.8416897058486938,0.8768511891365052,0.9257996082305908,151.2217999988934,overlays\surprise_009.png,,
surprise_010,surprise,surprise/Training_46829487.jpg,a61ce0969cd32aa8b61a82651b72ea9ea24f695937ef76a34a88f3fafd4084b2,a61ce0969cd32aa8b61a82651b72ea9ea24f695937ef76a34a88f3fafd4084b2,True,48,48,0.0,0.0,47.0,47.0,True,68,68,1.0,68,1.0,0.2,68,1.0,0.48318934440612793,0.7096528708934784,0.7995964288711548,0.8212748169898987,0.8522303640842438,0.8908734917640686,155.4173999975319,overlays\surprise_010.png,,
surprise_011,surprise,surprise/Training_16672930.jpg,b11d93d598e2de22cf3090af16b63009fc2f90cb55067a49a0ab372d02622166,b11d93d598e2de22cf3090af16b63009fc2f90cb55067a49a0ab372d02622166,True,48,48,0.0,0.0,47.0,47.0,True,68,68,1.0,68,1.0,0.2,68,1.0,0.5632604956626892,0.7132188737392425,0.8037400245666504,0.8211041688919067,0.8708399176597595,0.8929954171180725,157.9295000046841,overlays\surprise_011.png,,
surprise_012,surprise,surprise/Training_15934906.jpg,50684d753fc7ebdb11926656cf2144a441aca486b55d289597279cd759a23724,50684d753fc7ebdb11926656cf2144a441aca486b55d289597279cd759a23724,True,48,48,0.0,0.0,47.0,47.0,True,68,68,1.0,67,0.9852941176470589,0.2,67,0.9852941176470589,0.15393377840518951,0.38589092195034025,0.7358808517456055,0.8070080280303955,0.8769482612609864,0.895631730556488,223.00019999966025,overlays\surprise_012.png,,
surprise_013,surprise,surprise/Training_76930529.jpg,630f5084adeab48fdae9de599b9f1b525c5a84f0acf9729ff119e06cfbeaeb85,630f5084adeab48fdae9de599b9f1b525c5a84f0acf9729ff119e06cfbeaeb85,True,48,48,0.0,0.0,47.0,47.0,True,68,68,1.0,68,1.0,0.2,68,1.0,0.6166835427284241,0.7464433550834656,0.8200041055679321,0.8348538875579834,0.8798386573791505,0.9349204301834106,168.04920000140555,overlays\surprise_013.png,,
surprise_014,surprise,surprise/Training_65907119.jpg,0faf896b3e2492ac660dfe3bb07d01b5d19fbc226ff50d42a2b6af614ebab98a,0faf896b3e2492ac660dfe3bb07d01b5d19fbc226ff50d42a2b6af614ebab98a,True,48,48,0.0,0.0,47.0,47.0,True,68,68,1.0,67,0.9852941176470589,0.2,63,0.9264705882352942,0.07880165427923203,0.2524166479706764,0.6853654980659485,0.7877047061920166,0.8448591649532318,0.8712864518165588,179.3760000000475,overlays\surprise_014.png,,
surprise_015,surprise,surprise/Training_68296400.jpg,6a5dedfbcc232ae71d259ce6c23b2a266e6fd0bca0caf0574aea5947455374a2,6a5dedfbcc232ae71d259ce6c23b2a266e6fd0bca0caf0574aea5947455374a2,True,48,48,0.0,0.0,47.0,47.0,True,68,68,1.0,68,1.0,0.2,68,1.0,0.3584505319595337,0.6972309529781342,0.7799811363220215,0.8047894239425659,0.8695158421993255,0.9007975459098816,187.41640000371262,overlays\surprise_015.png,,
surprise_016,surprise,surprise/Training_71104025.jpg,89ece34d5496e8c9dad00d6cb3b28d9dd9f74e5749b96666b21139ce57803082,89ece34d5496e8c9dad00d6cb3b28d9dd9f74e5749b96666b21139ce57803082,True,48,48,0.0,0.0,47.0,47.0,True,68,68,1.0,67,0.9852941176470589,0.2,65,0.9558823529411765,0.028140731155872345,0.29715597033500674,0.6561947464942932,0.7447357773780823,0.8481133937835693,0.8840579390525818,149.97439999569906,overlays\surprise_016.png,,
surprise_017,surprise,surprise/Training_28461604.jpg,697f7533a654832f20ab19cceea5c17ae82f705ac772888c8a93694441dea9f4,697f7533a654832f20ab19cceea5c17ae82f705ac772888c8a93694441dea9f4,True,48,48,0.0,0.0,47.0,47.0,True,68,68,1.0,67,0.9852941176470589,0.2,68,1.0,0.5955446362495422,0.6804002463817597,0.7917484641075134,0.7955983877182007,0.8752091228961945,0.9138469099998474,162.86309999850346,overlays\surprise_017.png,,
surprise_018,surprise,surprise/Training_16602311.jpg,ccc71f8a07424f388f33dde538f0317b3ac6c10c3ece406cf7cf4fe2e0065403,ccc71f8a07424f388f33dde538f0317b3ac6c10c3ece406cf7cf4fe2e0065403,True,48,48,0.0,0.0,47.0,47.0,True,68,68,1.0,68,1.0,0.2,68,1.0,0.34413036704063416,0.659327632188797,0.7624121308326721,0.7841510772705078,0.8604213893413544,0.9037616848945618,164.92740000103367,overlays\surprise_018.png,,
surprise_019,surprise,surprise/Training_68747987.jpg,94a91510d2ee5e3273b4d18a56605a81627bd48ba2ab41265c456287c6978fc3,94a91510d2ee5e3273b4d18a56605a81627bd48ba2ab41265c456287c6978fc3,True,48,48,0.0,0.0,47.0,47.0,True,68,68,1.0,66,0.9705882352941176,0.2,68,1.0,0.546271800994873,0.7435728430747985,0.8076762557029724,0.816683292388916,0.863979822397232,0.9179044365882874,214.97999999701278,overlays\surprise_019.png,,
surprise_020,surprise,surprise/Training_18954209.jpg,f77ac83eb86ce61e62c560f796f56d34d42db5955ccccac34a7059491df79a39,f77ac83eb86ce61e62c560f796f56d34d42db5955ccccac34a7059491df79a39,True,48,48,0.0,0.0,47.0,47.0,True,68,68,1.0,68,1.0,0.2,68,1.0,0.4407079219818115,0.5282451093196869,0.7058884501457214,0.7470182776451111,0.8188520908355713,0.8355852961540222,156.89190000557574,overlays\surprise_020.png,,
surprise_021,surprise,surprise/Training_31559799.jpg,5cff628e17f9b4bc111573960837e6e95c411ad722bbecf8fc9d11b4843f079a,5cff628e17f9b4bc111573960837e6e95c411ad722bbecf8fc9d11b4843f079a,True,48,48,0.0,0.0,47.0,47.0,True,68,68,1.0,68,1.0,0.2,68,1.0,0.7577033638954163,0.8043059945106507,0.8469069004058838,0.8521607518196106,0.8825820863246918,0.9067686200141907,157.1544999969774,overlays\surprise_021.png,,
surprise_022,surprise,surprise/Training_17771777.jpg,754122b558e8357a50450acf1b5d0bf52929cc861d2191aaffaf56afce472e26,754122b558e8357a50450acf1b5d0bf52929cc861d2191aaffaf56afce472e26,True,48,48,0.0,0.0,47.0,47.0,True,68,68,1.0,68,1.0,0.2,68,1.0,0.5544955134391785,0.7247011601924896,0.798556387424469,0.8126033544540405,0.8563365697860718,0.9019189476966858,205.5774999971618,overlays\surprise_022.png,,
surprise_023,surprise,surprise/Training_78150560.jpg,4a865bf83c29319aa60975caa76682193f7c9decf5bc5f815b60a6b1075f0dca,4a865bf83c29319aa60975caa76682193f7c9decf5bc5f815b60a6b1075f0dca,True,48,48,0.0,0.0,47.0,47.0,True,68,68,1.0,68,1.0,0.2,68,1.0,0.6701842546463013,0.7715584933757782,0.8216941356658936,0.8283324241638184,0.8649883031845093,0.9058961272239685,155.48710000439314,overlays\surprise_023.png,,
surprise_024,surprise,surprise/Training_17718809.jpg,6cf637f9f28b23a13b8f00dcce1551e2f76f0313e0efbfee8fc2a4bc4f4dd0cb,6cf637f9f28b23a13b8f00dcce1551e2f76f0313e0efbfee8fc2a4bc4f4dd0cb,True,48,48,0.0,0.0,47.0,47.0,True,68,68,1.0,68,1.0,0.2,68,1.0,0.6923248171806335,0.7714491963386536,0.806877076625824,0.802750825881958,0.8563599467277527,0.8771423697471619,202.75070000207052,overlays\surprise_024.png,,
surprise_025,surprise,surprise/Training_88092704.jpg,943009c6bf2d613ba2dd2a589453c506c467c2f2483c7ad940b8f47505524283,943009c6bf2d613ba2dd2a589453c506c467c2f2483c7ad940b8f47505524283,True,48,48,0.0,0.0,47.0,47.0,True,68,68,1.0,68,1.0,0.2,68,1.0,0.25790393352508545,0.5413230657577515,0.7261369824409485,0.7910469770431519,0.8346419394016267,0.8767795562744141,172.54030000185594,overlays\surprise_025.png,,
surprise_026,surprise,surprise/Training_37479297.jpg,fb2a6f18f285dc54b76dc753e358f5d9579729da198546973300a999935a9912,fb2a6f18f285dc54b76dc753e358f5d9579729da198546973300a999935a9912,True,48,48,0.0,0.0,47.0,47.0,True,68,68,1.0,67,0.9852941176470589,0.2,67,0.9852941176470589,0.1719401627779007,0.6514957189559937,0.7538780570030212,0.8009455800056458,0.855529648065567,0.8775659203529358,156.85099999973318,overlays\surprise_026.png,,
surprise_027,surprise,surprise/Training_57636357.jpg,53cc4575dfea9ff14fdbc2ad8b1f92c32a24e80bbff6994837dc3113cf48b4d1,53cc4575dfea9ff14fdbc2ad8b1f92c32a24e80bbff6994837dc3113cf48b4d1,True,48,48,0.0,0.0,47.0,47.0,True,68,68,1.0,68,1.0,0.2,68,1.0,0.41314324736595154,0.6529386758804321,0.7549237608909607,0.7840688228607178,0.8364739120006561,0.8917717933654785,153.68660000240197,overlays\surprise_027.png,,
surprise_028,surprise,surprise/Training_23930604.jpg,a6dd818fa3ee60cae569a91a9b937542bd2ca7b4eab6123bda8baae88e1c9d6c,a6dd818fa3ee60cae569a91a9b937542bd2ca7b4eab6123bda8baae88e1c9d6c,True,48,48,0.0,0.0,47.0,47.0,True,68,68,1.0,68,1.0,0.2,68,1.0,0.5470007658004761,0.7147452116012574,0.7717505693435669,0.782142162322998,0.8245656430721283,0.8476357460021973,166.79579999618,overlays\surprise_028.png,,
surprise_029,surprise,surprise/Training_75662418.jpg,927dc1c158801e33cfb058d0dd782fd87233105b381674ce743c8a0a5a61a946,927dc1c158801e33cfb058d0dd782fd87233105b381674ce743c8a0a5a61a946,True,48,48,0.0,0.0,47.0,47.0,True,68,68,1.0,68,1.0,0.2,68,1.0,0.6481049656867981,0.7213996767997741,0.7928534746170044,0.807349681854248,0.8563918471336365,0.8718491196632385,158.06290000182344,overlays\surprise_029.png,,
surprise_030,surprise,surprise/Training_38697129.jpg,52a1f34e91adf6bbf30896830309300a78d570d776349b96b85eef6e9eb49165,52a1f34e91adf6bbf30896830309300a78d570d776349b96b85eef6e9eb49165,True,48,48,0.0,0.0,47.0,47.0,True,68,68,1.0,68,1.0,0.2,68,1.0,0.5791471004486084,0.6828282833099365,0.7770687341690063,0.794135332107544,0.8430129647254944,0.8731701970100403,156.83339999668533,overlays\surprise_030.png,,
surprise_031,surprise,surprise/Training_76519158.jpg,ab41124370fe2af6bf4b11ebd0a554363016a7d5aa78642ca7d97b84d67c72b9,ab41124370fe2af6bf4b11ebd0a554363016a7d5aa78642ca7d97b84d67c72b9,True,48,48,0.0,0.0,47.0,47.0,True,68,68,1.0,68,1.0,0.2,68,1.0,0.7046362161636353,0.7301032304763794,0.8077312111854553,0.824488639831543,0.8564741909503937,0.8808535933494568,166.74930000590393,overlays\surprise_031.png,,
surprise_032,surprise,surprise/Training_78119452.jpg,f55eac67bef13ecef9c5a8bf5dab2df185e51d39e462bd8a733f18ba3da2b211,f55eac67bef13ecef9c5a8bf5dab2df185e51d39e462bd8a733f18ba3da2b211,True,48,48,0.0,0.0,47.0,47.0,True,68,68,1.0,66,0.9705882352941176,0.2,63,0.9264705882352942,0.0537298321723938,0.3316224247217178,0.6030359268188477,0.6999489068984985,0.806078577041626,0.8404017090797424,238.0886000028113,overlays\surprise_032.png,,
surprise_033,surprise,surprise/Training_14413710.jpg,626bfa77d4ed117cc4d03a138d6c53c02fce8c6336584c6c169d652ddbdf6d88,626bfa77d4ed117cc4d03a138d6c53c02fce8c6336584c6c169d652ddbdf6d88,True,48,48,0.0,0.0,47.0,47.0,True,68,68,1.0,67,0.9852941176470589,0.2,68,1.0,0.7368064522743225,0.7789042711257934,0.8323044776916504,0.8365299701690674,0.8792098701000214,0.9009867906570435,240.1218999948469,overlays\surprise_033.png,,
surprise_034,surprise,surprise/Training_80844522.jpg,7e1e19f846af122c50452e4b61ca56238746f94913b6edfb94e5ae864cce20d9,7e1e19f846af122c50452e4b61ca56238746f94913b6edfb94e5ae864cce20d9,True,48,48,0.0,0.0,47.0,47.0,True,68,68,1.0,68,1.0,0.2,68,1.0,0.5917873978614807,0.663221687078476,0.7634395956993103,0.7861700057983398,0.8352712452411651,0.8679750561714172,213.76949999830686,overlays\surprise_034.png,,
surprise_035,surprise,surprise/Training_19085888.jpg,2e87001ba0b104e5b5eb7e2000e05befb91c5c8771085e6c61bc8ac78457eb6b,2e87001ba0b104e5b5eb7e2000e05befb91c5c8771085e6c61bc8ac78457eb6b,True,48,48,0.0,0.0,47.0,47.0,True,68,68,1.0,68,1.0,0.2,67,0.9852941176470589,0.19150808453559875,0.359700945019722,0.7299498915672302,0.8035920858383179,0.8469192683696747,0.8613170385360718,194.2994999990333,overlays\surprise_035.png,,
surprise_036,surprise,surprise/Training_59291103.jpg,726a99ff8d7eec7751df0149f4a0d1fb2b4755b4a4e97a93293aa40ca0fbd125,726a99ff8d7eec7751df0149f4a0d1fb2b4755b4a4e97a93293aa40ca0fbd125,True,48,48,0.0,0.0,47.0,47.0,True,68,68,1.0,68,1.0,0.2,68,1.0,0.6562150716781616,0.7471137106418609,0.8181135654449463,0.8346766829490662,0.8690307438373566,0.911136269569397,152.18470000399975,overlays\surprise_036.png,,
surprise_037,surprise,surprise/Training_86136797.jpg,f6a4b9daa594f9f6be3af5b2e336d9ede5b129e7c9e072df6b62817804fa6c3d,f6a4b9daa594f9f6be3af5b2e336d9ede5b129e7c9e072df6b62817804fa6c3d,True,48,48,0.0,0.0,47.0,47.0,True,68,68,1.0,68,1.0,0.2,57,0.8382352941176471,0.005916493013501167,0.12135525941848756,0.5964371562004089,0.7112622857093811,0.8230980098247528,0.8514913320541382,159.76239999872632,overlays\surprise_037.png,,
surprise_038,surprise,surprise/Training_76908795.jpg,f816b28244ed5c95d97d21f97a22d0984912055dfa957727624337177a8b4df5,f816b28244ed5c95d97d21f97a22d0984912055dfa957727624337177a8b4df5,True,48,48,0.0,0.0,47.0,47.0,True,68,68,1.0,68,1.0,0.2,68,1.0,0.5993427634239197,0.7539675533771515,0.8168517351150513,0.8234061002731323,0.8810015380382538,0.9018344879150391,190.64520000392804,overlays\surprise_038.png,,
surprise_039,surprise,surprise/Training_7511268.jpg,6427687e86ad548b3b18e27e3cc569e494f9b896572fe499450654c12d0d6393,6427687e86ad548b3b18e27e3cc569e494f9b896572fe499450654c12d0d6393,True,48,48,0.0,0.0,47.0,47.0,True,68,68,1.0,68,1.0,0.2,68,1.0,0.46160322427749634,0.6454546809196472,0.7606958746910095,0.7852786779403687,0.8182883381843566,0.8750559687614441,159.8094000000856,overlays\surprise_039.png,,
surprise_040,surprise,surprise/Training_7036747.jpg,8a0c8326d52ee3d3ae5d3968f341455513a3f74e3d9c4933d8f428e640ee6d2e,8a0c8326d52ee3d3ae5d3968f341455513a3f74e3d9c4933d8f428e640ee6d2e,True,48,48,0.0,0.0,47.0,47.0,True,68,68,1.0,68,1.0,0.2,68,1.0,0.4959230422973633,0.7173622608184814,0.8104240894317627,0.8251790404319763,0.8773752570152282,0.9185774922370911,157.4856000006548,overlays\surprise_040.png,,
surprise_041,surprise,surprise/Training_47106157.jpg,8bc0a7560bcd6c2ea5ca09015e376c507097592ce5c989353b901d77e3b9ce95,8bc0a7560bcd6c2ea5ca09015e376c507097592ce5c989353b901d77e3b9ce95,True,48,48,0.0,0.0,47.0,47.0,True,68,68,1.0,68,1.0,0.2,68,1.0,0.5201128125190735,0.6670628130435944,0.7989402413368225,0.8196483850479126,0.8779422640800476,0.902847409248352,189.497700004722,overlays\surprise_041.png,,
surprise_042,surprise,surprise/Training_40751582.jpg,2497cba5baf247654dd6f1ddd1a51f68f1939c8fa50a095e0a987439cbb65921,2497cba5baf247654dd6f1ddd1a51f68f1939c8fa50a095e0a987439cbb65921,True,48,48,0.0,0.0,47.0,47.0,True,68,68,1.0,68,1.0,0.2,68,1.0,0.6337326765060425,0.7023840963840484,0.7847293615341187,0.798082709312439,0.8422231674194336,0.8762891292572021,159.11880000203382,overlays\surprise_042.png,,
surprise_043,surprise,surprise/Training_33638568.jpg,7a127d2396ac2ece59390cee8c1b69aaa1c2daa35f1704c14bae0274bcbfbaa4,7a127d2396ac2ece59390cee8c1b69aaa1c2daa35f1704c14bae0274bcbfbaa4,True,48,48,0.0,0.0,47.0,47.0,True,68,68,1.0,68,1.0,0.2,68,1.0,0.5275132060050964,0.6742259085178375,0.7602264285087585,0.7650742530822754,0.8396575808525085,0.8749627470970154,178.1254000015906,overlays\surprise_043.png,,
surprise_044,surprise,surprise/Training_87607009.jpg,7547a385bb946bfc4484fd20327581c2e1666a4041810e29464b3a419cc3906d,7547a385bb946bfc4484fd20327581c2e1666a4041810e29464b3a419cc3906d,True,48,48,0.0,0.0,47.0,47.0,True,68,68,1.0,68,1.0,0.2,65,0.9558823529411765,0.032239463180303574,0.34870629012584686,0.6733612418174744,0.7721965312957764,0.8502945363521576,0.9175506234169006,154.21270000661025,overlays\surprise_044.png,,
surprise_045,surprise,surprise/Training_92701859.jpg,9c50800bf71f2e949bfd6377d9f0cecf6fa24b2dacb8e811d7d737620767f8ea,9c50800bf71f2e949bfd6377d9f0cecf6fa24b2dacb8e811d7d737620767f8ea,True,48,48,0.0,0.0,47.0,47.0,True,68,68,1.0,65,0.9558823529411765,0.2,68,1.0,0.6927329897880554,0.7675720930099488,0.8285571336746216,0.8355802297592163,0.8811571478843689,0.9249096512794495,152.58699999685632,overlays\surprise_045.png,,
surprise_046,surprise,surprise/Training_46869051.jpg,28433049fbdea8b84a4f29fc729dbdc47293ac40f6be666e6ba8cc57e9c56b5e,28433049fbdea8b84a4f29fc729dbdc47293ac40f6be666e6ba8cc57e9c56b5e,True,48,48,0.0,0.0,47.0,47.0,True,68,68,1.0,68,1.0,0.2,66,0.9705882352941176,0.07291976362466812,0.3426562696695328,0.696295976638794,0.798035740852356,0.8464596927165985,0.8867573142051697,157.46080000099028,overlays\surprise_046.png,,
surprise_047,surprise,surprise/Training_37791518.jpg,fdc63c51ac0d9fe654a1ff351c42ae63e62da1bb504aa67685527159a977789c,fdc63c51ac0d9fe654a1ff351c42ae63e62da1bb504aa67685527159a977789c,True,48,48,0.0,0.0,47.0,47.0,True,68,68,1.0,64,0.9411764705882353,0.2,68,1.0,0.6968955397605896,0.7700524628162384,0.8319470286369324,0.8372477293014526,0.8855907797813416,0.9311406016349792,187.39800000184914,overlays\surprise_047.png,,
surprise_048,surprise,surprise/Training_41150203.jpg,96990c07300d5249fbc36cb27019a1bfc1f8998740034bb16551a17112e8553b,96990c07300d5249fbc36cb27019a1bfc1f8998740034bb16551a17112e8553b,True,48,48,0.0,0.0,47.0,47.0,True,68,68,1.0,68,1.0,0.2,68,1.0,0.6831085681915283,0.7843224287033081,0.8318744897842407,0.8412706851959229,0.8721369564533233,0.8973205089569092,160.4695999994874,overlays\surprise_048.png,,
surprise_049,surprise,surprise/Training_56736326.jpg,13f538f51bec7eadcc7f02c9917fdbf86b9687f9ce7e70f2097d07a5c83a3c96,13f538f51bec7eadcc7f02c9917fdbf86b9687f9ce7e70f2097d07a5c83a3c96,True,48,48,0.0,0.0,47.0,47.0,True,68,68,1.0,68,1.0,0.2,62,0.9117647058823529,0.017145531252026558,0.2203628972172737,0.632356584072113,0.7488243579864502,0.8369070172309876,0.8889648914337158,198.82630000211066,overlays\surprise_049.png,,
surprise_050,surprise,surprise/Training_25729700.jpg,9881f1f3e10c9141b8273cb4cfcafa67258ea4ba476d2e5ef6ab001f894f5f6f,9881f1f3e10c9141b8273cb4cfcafa67258ea4ba476d2e5ef6ab001f894f5f6f,True,48,48,0.0,0.0,47.0,47.0,True,68,68,1.0,68,1.0,0.2,68,1.0,0.7193900346755981,0.7668463587760925,0.8301630020141602,0.8377847671508789,0.8773030400276184,0.9102907180786133,156.64300000207732,overlays\surprise_050.png,,
